timestamp,energy_load,temperature,humidity,hour,dayofweek,month,weekend,hour_sin,hour_cos,dow_sin,dow_cos
2023-10-03 00:00:00,101.62039240436977,9.399086817601871,54.00201973807033,0,1,10,0,0.0,1.0,0.7818314824680298,0.6234898018587336
2023-10-03 01:00:00,99.91438002691672,8.664289983126244,51.12387263249126,1,1,10,0,0.25881904510252074,0.9659258262890683,0.7818314824680298,0.6234898018587336
2023-10-03 02:00:00,108.7205097727027,9.806377487398608,49.97530612883166,2,1,10,0,0.49999999999999994,0.8660254037844387,0.7818314824680298,0.6234898018587336
2023-10-03 03:00:00,110.52452456305751,12.590648689477995,49.70718732974851,3,1,10,0,0.7071067811865475,0.7071067811865476,0.7818314824680298,0.6234898018587336
2023-10-03 04:00:00,115.18795186842056,10.305851618982466,44.69326322502459,4,1,10,0,0.8660254037844386,0.5000000000000001,0.7818314824680298,0.6234898018587336
2023-10-03 05:00:00,121.43885907640592,12.819829775955794,48.20384183402362,5,1,10,0,0.9659258262890683,0.25881904510252074,0.7818314824680298,0.6234898018587336
2023-10-03 06:00:00,112.43905804568702,11.005675162921776,49.72446437515147,6,1,10,0,1.0,6.123233995736766e-17,0.7818314824680298,0.6234898018587336
2023-10-03 07:00:00,111.47500293525502,12.735018147887939,49.49162629214553,7,1,10,0,0.9659258262890683,-0.25881904510252063,0.7818314824680298,0.6234898018587336
2023-10-03 08:00:00,124.47021625360894,10.884898626586432,49.393870006545654,8,1,10,0,0.8660254037844387,-0.4999999999999998,0.7818314824680298,0.6234898018587336
2023-10-03 09:00:00,124.13950724138473,10.47360325006582,49.27041347057772,9,1,10,0,0.7071067811865476,-0.7071067811865475,0.7818314824680298,0.6234898018587336
2023-10-03 10:00:00,124.98559988929856,11.237700373870082,50.862412713024646,10,1,10,0,0.49999999999999994,-0.8660254037844387,0.7818314824680298,0.6234898018587336
2023-10-03 11:00:00,116.72144781301647,10.164813279537,52.362545935481876,11,1,10,0,0.258819045102521,-0.9659258262890682,0.7818314824680298,0.6234898018587336
2023-10-03 12:00:00,103.69384449567042,7.759357909496289,57.697274707944636,12,1,10,0,1.2246467991473532e-16,-1.0,0.7818314824680298,0.6234898018587336
2023-10-03 13:00:00,103.40767607490814,6.264788202200904,57.13096167806924,13,1,10,0,-0.2588190451025208,-0.9659258262890683,0.7818314824680298,0.6234898018587336
2023-10-03 14:00:00,91.83418710403353,8.406221264325648,68.08135624341233,14,1,10,0,-0.4999999999999997,-0.8660254037844388,0.7818314824680298,0.6234898018587336
2023-10-03 15:00:00,89.35294661891193,6.06306898010393,58.826464342261396,15,1,10,0,-0.7071067811865471,-0.7071067811865479,0.7818314824680298,0.6234898018587336
2023-10-03 16:00:00,88.85238017155224,3.956685559478584,62.090606082855906,16,1,10,0,-0.8660254037844384,-0.5000000000000004,0.7818314824680298,0.6234898018587336
2023-10-03 17:00:00,84.99048722128701,3.16417003751226,60.446287818813616,17,1,10,0,-0.9659258262890683,-0.25881904510252063,0.7818314824680298,0.6234898018587336
2023-10-03 18:00:00,80.07987346438107,5.544846148016375,60.577829003758374,18,1,10,0,-1.0,-1.8369701987210297e-16,0.7818314824680298,0.6234898018587336
2023-10-03 19:00:00,56.203334295016234,4.31689671152663,66.06350387472096,19,1,10,0,-0.9659258262890684,0.2588190451025203,0.7818314824680298,0.6234898018587336
2023-10-03 20:00:00,60.05802241895569,4.2980687797762815,63.769631761434205,20,1,10,0,-0.8660254037844386,0.5000000000000001,0.7818314824680298,0.6234898018587336
2023-10-03 21:00:00,75.19615134528938,5.351535526200865,54.55940546772683,21,1,10,0,-0.7071067811865477,0.7071067811865474,0.7818314824680298,0.6234898018587336
2023-10-03 22:00:00,85.77774506775728,6.5141951995586505,55.51325624806009,22,1,10,0,-0.5000000000000004,0.8660254037844384,0.7818314824680298,0.6234898018587336
2023-10-03 23:00:00,90.48057289721748,6.887189986046922,56.72502366362824,23,1,10,0,-0.25881904510252157,0.9659258262890681,0.7818314824680298,0.6234898018587336
2023-10-04 00:00:00,97.67466100403716,9.82117608870885,54.28741658095209,0,2,10,0,0.0,1.0,0.9749279121818236,-0.22252093395631434
2023-10-04 01:00:00,111.95165679501551,10.939929683172421,49.760859234507144,1,2,10,0,0.25881904510252074,0.9659258262890683,0.9749279121818236,-0.22252093395631434
2023-10-04 02:00:00,104.47645207320903,10.813477967247056,53.18616980444598,2,2,10,0,0.49999999999999994,0.8660254037844387,0.9749279121818236,-0.22252093395631434
2023-10-04 03:00:00,120.22369894616138,12.90615139893399,45.96173875101074,3,2,10,0,0.7071067811865475,0.7071067811865476,0.9749279121818236,-0.22252093395631434
2023-10-04 04:00:00,108.32476901988286,11.492492555789447,51.02286071295442,4,2,10,0,0.8660254037844386,0.5000000000000001,0.9749279121818236,-0.22252093395631434
2023-10-04 05:00:00,106.77518986995611,12.914845601107555,52.23312988383204,5,2,10,0,0.9659258262890683,0.25881904510252074,0.9749279121818236,-0.22252093395631434
2023-10-04 06:00:00,114.50941176149759,13.52233026675227,52.45696250939216,6,2,10,0,1.0,6.123233995736766e-17,0.9749279121818236,-0.22252093395631434
2023-10-04 07:00:00,116.44053779012165,13.407906513625546,49.61025768540807,7,2,10,0,0.9659258262890683,-0.25881904510252063,0.9749279121818236,-0.22252093395631434
2023-10-04 08:00:00,142.40020091058648,12.853746125189629,55.175049686793685,8,2,10,0,0.8660254037844387,-0.4999999999999998,0.9749279121818236,-0.22252093395631434
2023-10-04 09:00:00,126.77978237086013,11.790856704313075,52.59099230372091,9,2,10,0,0.7071067811865476,-0.7071067811865475,0.9749279121818236,-0.22252093395631434
2023-10-04 10:00:00,119.32717814828162,12.951337961901487,55.37623073648935,10,2,10,0,0.49999999999999994,-0.8660254037844387,0.9749279121818236,-0.22252093395631434
2023-10-04 11:00:00,118.89351675370024,8.241378290956206,52.07704939050147,11,2,10,0,0.258819045102521,-0.9659258262890682,0.9749279121818236,-0.22252093395631434
2023-10-04 12:00:00,100.78163964457083,7.782814607104042,60.403659242017895,12,2,10,0,1.2246467991473532e-16,-1.0,0.9749279121818236,-0.22252093395631434
2023-10-04 13:00:00,101.35032471566743,6.658603893059074,57.38279608659028,13,2,10,0,-0.2588190451025208,-0.9659258262890683,0.9749279121818236,-0.22252093395631434
2023-10-04 14:00:00,95.66014497637778,5.463545071298645,63.56906808202223,14,2,10,0,-0.4999999999999997,-0.8660254037844388,0.9749279121818236,-0.22252093395631434
2023-10-04 15:00:00,77.17093660150968,2.2040605985757655,64.15585540048643,15,2,10,0,-0.7071067811865471,-0.7071067811865479,0.9749279121818236,-0.22252093395631434
2023-10-04 16:00:00,96.97897047027617,6.613841381868976,61.807821299730435,16,2,10,0,-0.8660254037844384,-0.5000000000000004,0.9749279121818236,-0.22252093395631434
2023-10-04 17:00:00,85.39912571280992,2.612881794718669,62.851370602547334,17,2,10,0,-0.9659258262890683,-0.25881904510252063,0.9749279121818236,-0.22252093395631434
2023-10-04 18:00:00,85.13515180548966,4.2703681515635035,61.29894606272151,18,2,10,0,-1.0,-1.8369701987210297e-16,0.9749279121818236,-0.22252093395631434
2023-10-04 19:00:00,71.40019596197561,2.019150716775754,59.176761205927235,19,2,10,0,-0.9659258262890684,0.2588190451025203,0.9749279121818236,-0.22252093395631434
2023-10-04 20:00:00,66.52349451258111,5.482617769386211,62.82050183838215,20,2,10,0,-0.8660254037844386,0.5000000000000001,0.9749279121818236,-0.22252093395631434
2023-10-04 21:00:00,72.49498553804514,4.00912460978787,61.71352189931143,21,2,10,0,-0.7071067811865477,0.7071067811865474,0.9749279121818236,-0.22252093395631434
2023-10-04 22:00:00,78.03110626618087,4.31170290228077,53.982737181499964,22,2,10,0,-0.5000000000000004,0.8660254037844384,0.9749279121818236,-0.22252093395631434
2023-10-04 23:00:00,80.55231175081471,7.271884804756831,57.14333182644546,23,2,10,0,-0.25881904510252157,0.9659258262890681,0.9749279121818236,-0.22252093395631434
2023-10-05 00:00:00,82.85339414581503,6.975648398194501,58.700470032697,0,3,10,0,0.0,1.0,0.43388373911755823,-0.900968867902419
2023-10-05 01:00:00,101.854734405628,8.200787805198969,58.9407239609584,1,3,10,0,0.25881904510252074,0.9659258262890683,0.43388373911755823,-0.900968867902419
2023-10-05 02:00:00,106.5324226865294,10.284434691717875,55.27237646702454,2,3,10,0,0.49999999999999994,0.8660254037844387,0.43388373911755823,-0.900968867902419
2023-10-05 03:00:00,116.72949783375509,12.05516157411626,47.30198607024278,3,3,10,0,0.7071067811865475,0.7071067811865476,0.43388373911755823,-0.900968867902419
2023-10-05 04:00:00,107.71487621723031,10.26325115224863,47.73694109371276,4,3,10,0,0.8660254037844386,0.5000000000000001,0.43388373911755823,-0.900968867902419
2023-10-05 05:00:00,115.13077149602019,10.403664863087467,49.26288070603655,5,3,10,0,0.9659258262890683,0.25881904510252074,0.43388373911755823,-0.900968867902419
2023-10-05 06:00:00,110.36072115370753,12.061975768941856,54.29286275152165,6,3,10,0,1.0,6.123233995736766e-17,0.43388373911755823,-0.900968867902419
2023-10-05 07:00:00,124.91295322001483,12.699332444461842,48.47964305017206,7,3,10,0,0.9659258262890683,-0.25881904510252063,0.43388373911755823,-0.900968867902419
2023-10-05 08:00:00,137.8035618923493,13.684984671847138,54.07607428194391,8,3,10,0,0.8660254037844387,-0.4999999999999998,0.43388373911755823,-0.900968867902419
2023-10-05 09:00:00,128.13589318906548,9.248182996224083,49.984388468534846,9,3,10,0,0.7071067811865476,-0.7071067811865475,0.43388373911755823,-0.900968867902419
2023-10-05 10:00:00,122.47575453823781,9.549799617012873,54.69428042137668,10,3,10,0,0.49999999999999994,-0.8660254037844387,0.43388373911755823,-0.900968867902419
2023-10-05 11:00:00,118.77817018681418,10.82570548694141,51.72342722239705,11,3,10,0,0.258819045102521,-0.9659258262890682,0.43388373911755823,-0.900968867902419
2023-10-05 12:00:00,116.05988883566788,10.986392073126522,55.514986772378705,12,3,10,0,1.2246467991473532e-16,-1.0,0.43388373911755823,-0.900968867902419
2023-10-05 13:00:00,108.04284615654595,5.5018375895452305,54.2545066551098,13,3,10,0,-0.2588190451025208,-0.9659258262890683,0.43388373911755823,-0.900968867902419
2023-10-05 14:00:00,92.68191966057536,4.918532389208471,63.425725521315535,14,3,10,0,-0.4999999999999997,-0.8660254037844388,0.43388373911755823,-0.900968867902419
2023-10-05 15:00:00,87.96598191888643,5.769973286087046,58.25451065482403,15,3,10,0,-0.7071067811865471,-0.7071067811865479,0.43388373911755823,-0.900968867902419
2023-10-05 16:00:00,93.24100970509429,3.69603394049106,56.65113997189563,16,3,10,0,-0.8660254037844384,-0.5000000000000004,0.43388373911755823,-0.900968867902419
2023-10-05 17:00:00,80.67690958010067,3.024199331997243,57.01303099270615,17,3,10,0,-0.9659258262890683,-0.25881904510252063,0.43388373911755823,-0.900968867902419
2023-10-05 18:00:00,83.15453488142198,4.393456178471805,61.840128523473695,18,3,10,0,-1.0,-1.8369701987210297e-16,0.43388373911755823,-0.900968867902419
2023-10-05 19:00:00,67.98249068129188,6.487176894371837,60.51777746187253,19,3,10,0,-0.9659258262890684,0.2588190451025203,0.43388373911755823,-0.900968867902419
2023-10-05 20:00:00,49.683335168116784,2.598425211131611,63.238750492673574,20,3,10,0,-0.8660254037844386,0.5000000000000001,0.43388373911755823,-0.900968867902419
2023-10-05 21:00:00,77.20256230272166,7.445824305841523,59.633718356652835,21,3,10,0,-0.7071067811865477,0.7071067811865474,0.43388373911755823,-0.900968867902419
2023-10-05 22:00:00,83.97885935389357,5.164596441044111,62.59432558137687,22,3,10,0,-0.5000000000000004,0.8660254037844384,0.43388373911755823,-0.900968867902419
2023-10-05 23:00:00,86.2087632494654,7.510161970395656,56.49309265464849,23,3,10,0,-0.25881904510252157,0.9659258262890681,0.43388373911755823,-0.900968867902419
2023-10-06 00:00:00,106.85782353937479,10.427086120180999,59.433220023580006,0,4,10,0,0.0,1.0,-0.433883739117558,-0.9009688679024191
2023-10-06 01:00:00,97.75298243019171,9.56407160739146,51.94318885301126,1,4,10,0,0.25881904510252074,0.9659258262890683,-0.433883739117558,-0.9009688679024191
2023-10-06 02:00:00,104.92044810011151,9.594573466229427,48.84377441189258,2,4,10,0,0.49999999999999994,0.8660254037844387,-0.433883739117558,-0.9009688679024191
2023-10-06 03:00:00,110.18180501237198,11.946500597316508,49.641118283589904,3,4,10,0,0.7071067811865475,0.7071067811865476,-0.433883739117558,-0.9009688679024191
2023-10-06 04:00:00,113.018773938786,11.245162350167304,47.77139343494189,4,4,10,0,0.8660254037844386,0.5000000000000001,-0.433883739117558,-0.9009688679024191
2023-10-06 05:00:00,119.26537209641702,12.686539918076402,46.83632592773885,5,4,10,0,0.9659258262890683,0.25881904510252074,-0.433883739117558,-0.9009688679024191
2023-10-06 06:00:00,120.77863911393699,11.733788540961479,51.59473068649526,6,4,10,0,1.0,6.123233995736766e-17,-0.433883739117558,-0.9009688679024191
2023-10-06 07:00:00,112.43219765248205,13.19624268916804,49.76526938652622,7,4,10,0,0.9659258262890683,-0.25881904510252063,-0.433883739117558,-0.9009688679024191
2023-10-06 08:00:00,125.19371743555868,9.41356411484064,51.58294800559227,8,4,10,0,0.8660254037844387,-0.4999999999999998,-0.433883739117558,-0.9009688679024191
2023-10-06 09:00:00,124.61473417851829,9.348954727133885,53.69378166549643,9,4,10,0,0.7071067811865476,-0.7071067811865475,-0.433883739117558,-0.9009688679024191
2023-10-06 10:00:00,125.5742747113748,7.92741740122629,48.296684002878784,10,4,10,0,0.49999999999999994,-0.8660254037844387,-0.433883739117558,-0.9009688679024191
2023-10-06 11:00:00,102.10169161157913,8.991442075143784,56.51065128213676,11,4,10,0,0.258819045102521,-0.9659258262890682,-0.433883739117558,-0.9009688679024191
2023-10-06 12:00:00,98.37338134529826,5.746502710313553,52.738159640818346,12,4,10,0,1.2246467991473532e-16,-1.0,-0.433883739117558,-0.9009688679024191
2023-10-06 13:00:00,100.30245352666118,5.967786495517897,56.176228395708584,13,4,10,0,-0.2588190451025208,-0.9659258262890683,-0.433883739117558,-0.9009688679024191
2023-10-06 14:00:00,100.80096395598201,4.379547131674998,53.677397383952815,14,4,10,0,-0.4999999999999997,-0.8660254037844388,-0.433883739117558,-0.9009688679024191
2023-10-06 15:00:00,90.37152043882065,7.431897258090256,62.56015513775906,15,4,10,0,-0.7071067811865471,-0.7071067811865479,-0.433883739117558,-0.9009688679024191
2023-10-06 16:00:00,89.29290507245324,3.0906878951266963,56.48273767131559,16,4,10,0,-0.8660254037844384,-0.5000000000000004,-0.433883739117558,-0.9009688679024191
2023-10-06 17:00:00,91.59661186888266,2.2472881789869223,58.549002610344104,17,4,10,0,-0.9659258262890683,-0.25881904510252063,-0.433883739117558,-0.9009688679024191
2023-10-06 18:00:00,85.14420595465167,4.413317839176863,58.97103054247414,18,4,10,0,-1.0,-1.8369701987210297e-16,-0.433883739117558,-0.9009688679024191
2023-10-06 19:00:00,68.91213826551922,6.707338465214425,61.76304909851043,19,4,10,0,-0.9659258262890684,0.2588190451025203,-0.433883739117558,-0.9009688679024191
2023-10-06 20:00:00,69.84639565651494,4.402607804521927,61.072118864000196,20,4,10,0,-0.8660254037844386,0.5000000000000001,-0.433883739117558,-0.9009688679024191
2023-10-06 21:00:00,70.86433087989958,5.154303954066422,63.032108992025165,21,4,10,0,-0.7071067811865477,0.7071067811865474,-0.433883739117558,-0.9009688679024191
2023-10-06 22:00:00,81.89818685338696,7.976946230145921,59.040065679033795,22,4,10,0,-0.5000000000000004,0.8660254037844384,-0.433883739117558,-0.9009688679024191
2023-10-06 23:00:00,82.69307204620031,8.322877865442791,60.803999624989785,23,4,10,0,-0.25881904510252157,0.9659258262890681,-0.433883739117558,-0.9009688679024191
2023-10-07 00:00:00,78.51460049501897,8.69594340797832,57.74869339957316,0,5,10,1,0.0,1.0,-0.9749279121818236,-0.2225209339563146
2023-10-07 01:00:00,80.81291622391589,8.219586018870272,52.22136800868567,1,5,10,1,0.25881904510252074,0.9659258262890683,-0.9749279121818236,-0.2225209339563146
2023-10-07 02:00:00,97.43751333948094,10.7417577904904,51.609136784869364,2,5,10,1,0.49999999999999994,0.8660254037844387,-0.9749279121818236,-0.2225209339563146
2023-10-07 03:00:00,85.29367656871432,8.84507191277764,56.89982966796035,3,5,10,1,0.7071067811865475,0.7071067811865476,-0.9749279121818236,-0.2225209339563146
2023-10-07 04:00:00,93.02194535117403,10.586409222109337,55.09685983351087,4,5,10,1,0.8660254037844386,0.5000000000000001,-0.9749279121818236,-0.2225209339563146
2023-10-07 05:00:00,100.21900347102552,14.068718212649626,53.287401105873,5,5,10,1,0.9659258262890683,0.25881904510252074,-0.9749279121818236,-0.2225209339563146
2023-10-07 06:00:00,104.8306736859131,14.010809958172162,53.477187823205554,6,5,10,1,1.0,6.123233995736766e-17,-0.9749279121818236,-0.2225209339563146
2023-10-07 07:00:00,104.15121665235175,12.577751285219817,52.210541773372064,7,5,10,1,0.9659258262890683,-0.25881904510252063,-0.9749279121818236,-0.2225209339563146
2023-10-07 08:00:00,107.69410825590307,8.627891964133248,52.419887800468075,8,5,10,1,0.8660254037844387,-0.4999999999999998,-0.9749279121818236,-0.2225209339563146
2023-10-07 09:00:00,110.4251953402773,9.073915763831945,52.517224115046155,9,5,10,1,0.7071067811865476,-0.7071067811865475,-0.9749279121818236,-0.2225209339563146
2023-10-07 10:00:00,105.88485642513282,9.038612288139376,58.707267899319014,10,5,10,1,0.49999999999999994,-0.8660254037844387,-0.9749279121818236,-0.2225209339563146
2023-10-07 11:00:00,96.49331374725045,8.835548564462488,53.663830580156066,11,5,10,1,0.258819045102521,-0.9659258262890682,-0.9749279121818236,-0.2225209339563146
2023-10-07 12:00:00,89.67718771106209,6.182204205301535,57.331620276044255,12,5,10,1,1.2246467991473532e-16,-1.0,-0.9749279121818236,-0.2225209339563146
2023-10-07 13:00:00,102.3445343517177,6.653074165277049,53.03882318850165,13,5,10,1,-0.2588190451025208,-0.9659258262890683,-0.9749279121818236,-0.2225209339563146
2023-10-07 14:00:00,88.9395712045157,8.708763788293513,55.318568780562984,14,5,10,1,-0.4999999999999997,-0.8660254037844388,-0.9749279121818236,-0.2225209339563146
2023-10-07 15:00:00,81.06876662986835,5.830647621602301,66.29884759298443,15,5,10,1,-0.7071067811865471,-0.7071067811865479,-0.9749279121818236,-0.2225209339563146
2023-10-07 16:00:00,72.62273209093594,4.921959259364281,63.65721341502335,16,5,10,1,-0.8660254037844384,-0.5000000000000004,-0.9749279121818236,-0.2225209339563146
2023-10-07 17:00:00,71.61266666579225,2.667784497376475,61.76817962622189,17,5,10,1,-0.9659258262890683,-0.25881904510252063,-0.9749279121818236,-0.2225209339563146
2023-10-07 18:00:00,63.47202387177146,1.5993437509917192,62.84569396141855,18,5,10,1,-1.0,-1.8369701987210297e-16,-0.9749279121818236,-0.2225209339563146
2023-10-07 19:00:00,44.364792793305476,2.3518229875896486,58.33190876762521,19,5,10,1,-0.9659258262890684,0.2588190451025203,-0.9749279121818236,-0.2225209339563146
2023-10-07 20:00:00,51.22620515111367,2.07463559386121,60.52251263270643,20,5,10,1,-0.8660254037844386,0.5000000000000001,-0.9749279121818236,-0.2225209339563146
2023-10-07 21:00:00,66.49919147125308,5.341946699676552,56.478950550363514,21,5,10,1,-0.7071067811865477,0.7071067811865474,-0.9749279121818236,-0.2225209339563146
2023-10-07 22:00:00,71.68763991110788,6.633649637671517,58.724803862636094,22,5,10,1,-0.5000000000000004,0.8660254037844384,-0.9749279121818236,-0.2225209339563146
2023-10-07 23:00:00,69.48789409475344,5.574609821421373,60.204596033679096,23,5,10,1,-0.25881904510252157,0.9659258262890681,-0.9749279121818236,-0.2225209339563146
2023-10-08 00:00:00,74.9172348815151,8.299656915684398,58.22709205756555,0,6,10,1,0.0,1.0,-0.7818314824680299,0.6234898018587334
2023-10-08 01:00:00,91.64828619093215,11.316544810579185,60.081632948317946,1,6,10,1,0.25881904510252074,0.9659258262890683,-0.7818314824680299,0.6234898018587334
2023-10-08 02:00:00,93.23764079994145,13.014323919341532,54.7513891161767,2,6,10,1,0.49999999999999994,0.8660254037844387,-0.7818314824680299,0.6234898018587334
2023-10-08 03:00:00,100.37101228880448,12.061820556690694,45.18910098636608,3,6,10,1,0.7071067811865475,0.7071067811865476,-0.7818314824680299,0.6234898018587334
2023-10-08 04:00:00,92.11175985815707,11.279618765020917,57.523037590115244,4,6,10,1,0.8660254037844386,0.5000000000000001,-0.7818314824680299,0.6234898018587334
2023-10-08 05:00:00,105.04155142408443,13.048637576791332,48.54955391081916,5,6,10,1,0.9659258262890683,0.25881904510252074,-0.7818314824680299,0.6234898018587334
2023-10-08 06:00:00,106.48154205229761,14.105492881337618,51.35349876813024,6,6,10,1,1.0,6.123233995736766e-17,-0.7818314824680299,0.6234898018587334
2023-10-08 07:00:00,99.10260269589254,8.93063900429111,51.377118640322784,7,6,10,1,0.9659258262890683,-0.25881904510252063,-0.7818314824680299,0.6234898018587334
2023-10-08 08:00:00,116.24819472457037,13.764983077653056,52.39373268406791,8,6,10,1,0.8660254037844387,-0.4999999999999998,-0.7818314824680299,0.6234898018587334
2023-10-08 09:00:00,111.27728009025773,10.089324799677273,52.76872469202191,9,6,10,1,0.7071067811865476,-0.7071067811865475,-0.7818314824680299,0.6234898018587334
2023-10-08 10:00:00,104.35278495282823,9.275333473414442,54.0642179176136,10,6,10,1,0.49999999999999994,-0.8660254037844387,-0.7818314824680299,0.6234898018587334
2023-10-08 11:00:00,107.42605814217025,8.580662127351884,51.349363143618575,11,6,10,1,0.258819045102521,-0.9659258262890682,-0.7818314824680299,0.6234898018587334
2023-10-08 12:00:00,95.16693722509369,8.557904113984309,64.6281372138649,12,6,10,1,1.2246467991473532e-16,-1.0,-0.7818314824680299,0.6234898018587334
2023-10-08 13:00:00,81.38917375030708,5.375620344862444,60.3744121480221,13,6,10,1,-0.2588190451025208,-0.9659258262890683,-0.7818314824680299,0.6234898018587334
2023-10-08 14:00:00,86.35468105419093,5.65055685378425,60.022831146186924,14,6,10,1,-0.4999999999999997,-0.8660254037844388,-0.7818314824680299,0.6234898018587334
2023-10-08 15:00:00,77.49938606894914,6.037266590821324,66.63543037482252,15,6,10,1,-0.7071067811865471,-0.7071067811865479,-0.7818314824680299,0.6234898018587334
2023-10-08 16:00:00,82.09301572021074,4.9415331645939125,58.8475675723409,16,6,10,1,-0.8660254037844384,-0.5000000000000004,-0.7818314824680299,0.6234898018587334
2023-10-08 17:00:00,69.34879439100824,4.7852963722066075,65.2679128259688,17,6,10,1,-0.9659258262890683,-0.25881904510252063,-0.7818314824680299,0.6234898018587334
2023-10-08 18:00:00,75.22678708830988,3.5918248372488324,61.2016911602153,18,6,10,1,-1.0,-1.8369701987210297e-16,-0.7818314824680299,0.6234898018587334
2023-10-08 19:00:00,60.43504444371564,5.254639529358389,63.86974247300674,19,6,10,1,-0.9659258262890684,0.2588190451025203,-0.7818314824680299,0.6234898018587334
2023-10-08 20:00:00,59.96611613766878,6.198300473687206,63.33669918036663,20,6,10,1,-0.8660254037844386,0.5000000000000001,-0.7818314824680299,0.6234898018587334
2023-10-08 21:00:00,78.91420855077962,6.744009749318552,54.10038431914961,21,6,10,1,-0.7071067811865477,0.7071067811865474,-0.7818314824680299,0.6234898018587334
2023-10-08 22:00:00,72.85164672632727,6.719193255085378,55.572196088017904,22,6,10,1,-0.5000000000000004,0.8660254037844384,-0.7818314824680299,0.6234898018587334
2023-10-08 23:00:00,81.31061178141536,8.450840638496109,63.179420849155875,23,6,10,1,-0.25881904510252157,0.9659258262890681,-0.7818314824680299,0.6234898018587334
2023-10-09 00:00:00,104.68457239125027,9.407265925298566,56.36660850716279,0,0,10,0,0.0,1.0,0.0,1.0
2023-10-09 01:00:00,91.32188998300037,13.150713089562771,61.57493069584874,1,0,10,0,0.25881904510252074,0.9659258262890683,0.0,1.0
2023-10-09 02:00:00,108.61043841478586,11.927775654199532,58.05348075626291,2,0,10,0,0.49999999999999994,0.8660254037844387,0.0,1.0
2023-10-09 03:00:00,109.68327062704623,10.795985968919737,52.21963936477672,3,0,10,0,0.7071067811865475,0.7071067811865476,0.0,1.0
2023-10-09 04:00:00,110.13680693068187,10.197257733243918,51.00140900577296,4,0,10,0,0.8660254037844386,0.5000000000000001,0.0,1.0
2023-10-09 05:00:00,106.4645384252571,11.572667972144076,56.27279871867478,5,0,10,0,0.9659258262890683,0.25881904510252074,0.0,1.0
2023-10-09 06:00:00,105.15135154338182,11.6029977657265,57.43216423097917,6,0,10,0,1.0,6.123233995736766e-17,0.0,1.0
2023-10-09 07:00:00,110.18798565702726,12.731512205871544,50.46774480639928,7,0,10,0,0.9659258262890683,-0.25881904510252063,0.0,1.0
2023-10-09 08:00:00,135.5148091718439,10.514392296480276,56.54144687902165,8,0,10,0,0.8660254037844387,-0.4999999999999998,0.0,1.0
2023-10-09 09:00:00,129.13858073755253,12.717367931153264,55.97051943369391,9,0,10,0,0.7071067811865476,-0.7071067811865475,0.0,1.0
2023-10-09 10:00:00,107.01817660151107,8.016330540283526,57.73074632271514,10,0,10,0,0.49999999999999994,-0.8660254037844387,0.0,1.0
2023-10-09 11:00:00,103.76331154240174,6.68716352506193,55.87362794047822,11,0,10,0,0.258819045102521,-0.9659258262890682,0.0,1.0
2023-10-09 12:00:00,98.03858553961857,7.898001037238445,55.10585063354275,12,0,10,0,1.2246467991473532e-16,-1.0,0.0,1.0
2023-10-09 13:00:00,106.26854837195029,5.801560294923119,55.51289492991684,13,0,10,0,-0.2588190451025208,-0.9659258262890683,0.0,1.0
2023-10-09 14:00:00,93.72704941616308,4.213324268150025,56.210305260196165,14,0,10,0,-0.4999999999999997,-0.8660254037844388,0.0,1.0
2023-10-09 15:00:00,86.81045842127216,4.316642991873017,67.09841175702925,15,0,10,0,-0.7071067811865471,-0.7071067811865479,0.0,1.0
2023-10-09 16:00:00,83.33728989667426,3.4943446903703315,62.352091172263144,16,0,10,0,-0.8660254037844384,-0.5000000000000004,0.0,1.0
2023-10-09 17:00:00,89.82606765818764,4.2521732408215245,59.48433255600772,17,0,10,0,-0.9659258262890683,-0.25881904510252063,0.0,1.0
2023-10-09 18:00:00,76.58195256894923,3.169968866655077,66.13038670642663,18,0,10,0,-1.0,-1.8369701987210297e-16,0.0,1.0
2023-10-09 19:00:00,65.60023026221239,3.4282702065950863,61.482042780594746,19,0,10,0,-0.9659258262890684,0.2588190451025203,0.0,1.0
2023-10-09 20:00:00,69.84320257959955,4.629274856656775,60.36633033386648,20,0,10,0,-0.8660254037844386,0.5000000000000001,0.0,1.0
2023-10-09 21:00:00,64.68649759582469,6.793610280483415,67.56977522514151,21,0,10,0,-0.7071067811865477,0.7071067811865474,0.0,1.0
2023-10-09 22:00:00,79.51060781210188,8.306793247359654,56.13099581499537,22,0,10,0,-0.5000000000000004,0.8660254037844384,0.0,1.0
2023-10-09 23:00:00,81.10020784019235,7.287050212442479,59.38116084777977,23,0,10,0,-0.25881904510252157,0.9659258262890681,0.0,1.0
2023-10-10 00:00:00,92.4030894780325,8.464820254215917,55.6056305499762,0,1,10,0,0.0,1.0,0.7818314824680298,0.6234898018587336
2023-10-10 01:00:00,103.38481982517622,8.887001230526458,53.57396362094863,1,1,10,0,0.25881904510252074,0.9659258262890683,0.7818314824680298,0.6234898018587336
2023-10-10 02:00:00,106.27682248271262,10.848378506148753,49.986826302189215,2,1,10,0,0.49999999999999994,0.8660254037844387,0.7818314824680298,0.6234898018587336
2023-10-10 03:00:00,107.47702902200093,11.540261741682535,53.31450068770183,3,1,10,0,0.7071067811865475,0.7071067811865476,0.7818314824680298,0.6234898018587336
2023-10-10 04:00:00,117.81704310415938,13.579378715830508,49.56053536188189,4,1,10,0,0.8660254037844386,0.5000000000000001,0.7818314824680298,0.6234898018587336
2023-10-10 05:00:00,106.20035248694803,9.157151937483265,53.35696954618264,5,1,10,0,0.9659258262890683,0.25881904510252074,0.7818314824680298,0.6234898018587336
2023-10-10 06:00:00,113.59441560705953,11.774758960491825,51.237370068526396,6,1,10,0,1.0,6.123233995736766e-17,0.7818314824680298,0.6234898018587336
2023-10-10 07:00:00,122.54192900706131,12.498993684907875,50.64495979398278,7,1,10,0,0.9659258262890683,-0.25881904510252063,0.7818314824680298,0.6234898018587336
2023-10-10 08:00:00,129.4886259370541,11.551181254884725,49.57660488177921,8,1,10,0,0.8660254037844387,-0.4999999999999998,0.7818314824680298,0.6234898018587336
2023-10-10 09:00:00,121.16852207787242,9.546173152662158,57.42786797496001,9,1,10,0,0.7071067811865476,-0.7071067811865475,0.7818314824680298,0.6234898018587336
2023-10-10 10:00:00,111.63943740370485,8.17745555719942,56.585431987670766,10,1,10,0,0.49999999999999994,-0.8660254037844387,0.7818314824680298,0.6234898018587336
2023-10-10 11:00:00,123.64252524321643,10.371265395513515,53.78144884443415,11,1,10,0,0.258819045102521,-0.9659258262890682,0.7818314824680298,0.6234898018587336
2023-10-10 12:00:00,103.02398628627871,6.991116800465514,53.300775641430974,12,1,10,0,1.2246467991473532e-16,-1.0,0.7818314824680298,0.6234898018587336
2023-10-10 13:00:00,98.80688516724496,4.45887865839165,53.26733749088169,13,1,10,0,-0.2588190451025208,-0.9659258262890683,0.7818314824680298,0.6234898018587336
2023-10-10 14:00:00,99.99812782185484,7.411364866074985,63.790450957976084,14,1,10,0,-0.4999999999999997,-0.8660254037844388,0.7818314824680298,0.6234898018587336
2023-10-10 15:00:00,84.8142120194836,5.986552801983047,64.34855026875913,15,1,10,0,-0.7071067811865471,-0.7071067811865479,0.7818314824680298,0.6234898018587336
2023-10-10 16:00:00,87.59314237588411,4.48859281473503,65.71425408785788,16,1,10,0,-0.8660254037844384,-0.5000000000000004,0.7818314824680298,0.6234898018587336
2023-10-10 17:00:00,70.31494683741013,2.890974881762321,62.81308098906362,17,1,10,0,-0.9659258262890683,-0.25881904510252063,0.7818314824680298,0.6234898018587336
2023-10-10 18:00:00,74.85784108143324,3.9563434110043953,65.796426854695,18,1,10,0,-1.0,-1.8369701987210297e-16,0.7818314824680298,0.6234898018587336
2023-10-10 19:00:00,65.89484420352012,6.0861836716826705,66.25552792397393,19,1,10,0,-0.9659258262890684,0.2588190451025203,0.7818314824680298,0.6234898018587336
2023-10-10 20:00:00,74.83973952908251,2.2403550318791825,62.365157031434194,20,1,10,0,-0.8660254037844386,0.5000000000000001,0.7818314824680298,0.6234898018587336
2023-10-10 21:00:00,68.18722180541334,2.9521120262045546,60.54658711688547,21,1,10,0,-0.7071067811865477,0.7071067811865474,0.7818314824680298,0.6234898018587336
2023-10-10 22:00:00,77.29366321259265,5.184857591691519,57.44953973843254,22,1,10,0,-0.5000000000000004,0.8660254037844384,0.7818314824680298,0.6234898018587336
2023-10-10 23:00:00,87.46501940496762,7.051263865460243,60.209751694750686,23,1,10,0,-0.25881904510252157,0.9659258262890681,0.7818314824680298,0.6234898018587336
2023-10-11 00:00:00,81.20401268835627,7.410823985653407,59.31061385746088,0,2,10,0,0.0,1.0,0.9749279121818236,-0.22252093395631434
2023-10-11 01:00:00,82.97620711505759,10.154762875639689,54.86045385622955,1,2,10,0,0.25881904510252074,0.9659258262890683,0.9749279121818236,-0.22252093395631434
2023-10-11 02:00:00,113.94896052676555,11.788512749151598,53.76674745263391,2,2,10,0,0.49999999999999994,0.8660254037844387,0.9749279121818236,-0.22252093395631434
2023-10-11 03:00:00,111.08479451117022,11.401842119136468,52.7384466726428,3,2,10,0,0.7071067811865475,0.7071067811865476,0.9749279121818236,-0.22252093395631434
2023-10-11 04:00:00,108.8272566054751,12.460011963250986,54.81054313121068,4,2,10,0,0.8660254037844386,0.5000000000000001,0.9749279121818236,-0.22252093395631434
2023-10-11 05:00:00,116.9341819654749,12.427114465670858,47.714440365926436,5,2,10,0,0.9659258262890683,0.25881904510252074,0.9749279121818236,-0.22252093395631434
2023-10-11 06:00:00,121.53402416873132,12.169523968852054,48.31721190938488,6,2,10,0,1.0,6.123233995736766e-17,0.9749279121818236,-0.22252093395631434
2023-10-11 07:00:00,111.01949163157889,10.078627087913308,48.58018155520162,7,2,10,0,0.9659258262890683,-0.25881904510252063,0.9749279121818236,-0.22252093395631434
2023-10-11 08:00:00,127.14264230569,10.07737588621289,51.99122418962095,8,2,10,0,0.8660254037844387,-0.4999999999999998,0.9749279121818236,-0.22252093395631434
2023-10-11 09:00:00,130.83494666400446,8.957311241767377,54.33616327269885,9,2,10,0,0.7071067811865476,-0.7071067811865475,0.9749279121818236,-0.22252093395631434
2023-10-11 10:00:00,115.13976496634905,9.932504640037452,51.426345123420035,10,2,10,0,0.49999999999999994,-0.8660254037844387,0.9749279121818236,-0.22252093395631434
2023-10-11 11:00:00,115.3908706620619,9.53895505977072,58.80707570692397,11,2,10,0,0.258819045102521,-0.9659258262890682,0.9749279121818236,-0.22252093395631434
2023-10-11 12:00:00,94.38353774839833,5.981368255307013,62.02092071282962,12,2,10,0,1.2246467991473532e-16,-1.0,0.9749279121818236,-0.22252093395631434
2023-10-11 13:00:00,108.01269769949384,7.228878222722005,60.42727948602839,13,2,10,0,-0.2588190451025208,-0.9659258262890683,0.9749279121818236,-0.22252093395631434
2023-10-11 14:00:00,91.60693197349006,4.842437340088765,64.0013426721785,14,2,10,0,-0.4999999999999997,-0.8660254037844388,0.9749279121818236,-0.22252093395631434
2023-10-11 15:00:00,84.60365377148517,3.7230356924276005,59.13009688068411,15,2,10,0,-0.7071067811865471,-0.7071067811865479,0.9749279121818236,-0.22252093395631434
2023-10-11 16:00:00,77.75228782155756,3.7531360925002604,60.15504563795939,16,2,10,0,-0.8660254037844384,-0.5000000000000004,0.9749279121818236,-0.22252093395631434
2023-10-11 17:00:00,77.04480768913731,2.6108437798052346,64.97239924684905,17,2,10,0,-0.9659258262890683,-0.25881904510252063,0.9749279121818236,-0.22252093395631434
2023-10-11 18:00:00,84.7830319340477,5.065250509418007,63.517764209410664,18,2,10,0,-1.0,-1.8369701987210297e-16,0.9749279121818236,-0.22252093395631434
2023-10-11 19:00:00,71.63659854019724,4.039551900249412,60.74886684368541,19,2,10,0,-0.9659258262890684,0.2588190451025203,0.9749279121818236,-0.22252093395631434
2023-10-11 20:00:00,61.52316755405328,5.913981302822704,67.10426756905538,20,2,10,0,-0.8660254037844386,0.5000000000000001,0.9749279121818236,-0.22252093395631434
2023-10-11 21:00:00,65.31280740090166,4.661590179573482,62.77198375015003,21,2,10,0,-0.7071067811865477,0.7071067811865474,0.9749279121818236,-0.22252093395631434
2023-10-11 22:00:00,71.55147787470099,5.546732739653547,62.739497274381655,22,2,10,0,-0.5000000000000004,0.8660254037844384,0.9749279121818236,-0.22252093395631434
2023-10-11 23:00:00,85.2114169152545,9.930059613289174,57.16313223656018,23,2,10,0,-0.25881904510252157,0.9659258262890681,0.9749279121818236,-0.22252093395631434
2023-10-12 00:00:00,78.81204668883169,5.752344589763397,62.926499098288545,0,3,10,0,0.0,1.0,0.43388373911755823,-0.900968867902419
2023-10-12 01:00:00,94.77219437946053,11.148933342823538,55.86607241262279,1,3,10,0,0.25881904510252074,0.9659258262890683,0.43388373911755823,-0.900968867902419
2023-10-12 02:00:00,106.60116033993518,12.668721353752646,57.94394403353288,2,3,10,0,0.49999999999999994,0.8660254037844387,0.43388373911755823,-0.900968867902419
2023-10-12 03:00:00,107.67043779692271,12.164088666422344,51.895649621053884,3,3,10,0,0.7071067811865475,0.7071067811865476,0.43388373911755823,-0.900968867902419
2023-10-12 04:00:00,109.66683960215958,11.155331208365123,53.19656487513929,4,3,10,0,0.8660254037844386,0.5000000000000001,0.43388373911755823,-0.900968867902419
2023-10-12 05:00:00,117.95978849737281,14.190991710049792,53.7647268624832,5,3,10,0,0.9659258262890683,0.25881904510252074,0.43388373911755823,-0.900968867902419
2023-10-12 06:00:00,102.82859009912508,11.704293257448908,57.87299507026409,6,3,10,0,1.0,6.123233995736766e-17,0.43388373911755823,-0.900968867902419
2023-10-12 07:00:00,115.12385286701958,10.991960223874097,50.77203747224633,7,3,10,0,0.9659258262890683,-0.25881904510252063,0.43388373911755823,-0.900968867902419
2023-10-12 08:00:00,128.63430120091792,11.068634396134165,53.29830923985094,8,3,10,0,0.8660254037844387,-0.4999999999999998,0.43388373911755823,-0.900968867902419
2023-10-12 09:00:00,123.41549917838965,10.160071813352289,55.419698824295935,9,3,10,0,0.7071067811865476,-0.7071067811865475,0.43388373911755823,-0.900968867902419
2023-10-12 10:00:00,119.01668163728625,8.767000609904533,50.64225358393803,10,3,10,0,0.49999999999999994,-0.8660254037844387,0.43388373911755823,-0.900968867902419
2023-10-12 11:00:00,119.48605547419682,10.887223228857438,49.81083992748226,11,3,10,0,0.258819045102521,-0.9659258262890682,0.43388373911755823,-0.900968867902419
2023-10-12 12:00:00,107.09159062238601,7.02676276835123,54.89926175324875,12,3,10,0,1.2246467991473532e-16,-1.0,0.43388373911755823,-0.900968867902419
2023-10-12 13:00:00,99.36523083201965,7.107188633491764,62.34122767439592,13,3,10,0,-0.2588190451025208,-0.9659258262890683,0.43388373911755823,-0.900968867902419
2023-10-12 14:00:00,81.52918986064017,4.021277463185701,66.03599445272276,14,3,10,0,-0.4999999999999997,-0.8660254037844388,0.43388373911755823,-0.900968867902419
2023-10-12 15:00:00,99.04096129187502,5.4047241951615055,59.36045796112026,15,3,10,0,-0.7071067811865471,-0.7071067811865479,0.43388373911755823,-0.900968867902419
2023-10-12 16:00:00,80.82744620599857,2.9889446158120436,59.43275263942647,16,3,10,0,-0.8660254037844384,-0.5000000000000004,0.43388373911755823,-0.900968867902419
2023-10-12 17:00:00,77.09964833626435,2.5525032577397835,68.28656661311616,17,3,10,0,-0.9659258262890683,-0.25881904510252063,0.43388373911755823,-0.900968867902419
2023-10-12 18:00:00,88.56668479941722,4.023003432139782,62.19049357301945,18,3,10,0,-1.0,-1.8369701987210297e-16,0.43388373911755823,-0.900968867902419
2023-10-12 19:00:00,66.66574456905217,5.908690389899036,62.56695645530977,19,3,10,0,-0.9659258262890684,0.2588190451025203,0.43388373911755823,-0.900968867902419
2023-10-12 20:00:00,67.02414315333492,5.383454213755846,67.46032813041745,20,3,10,0,-0.8660254037844386,0.5000000000000001,0.43388373911755823,-0.900968867902419
2023-10-12 21:00:00,59.37963534172075,6.122188751736854,66.01351672617244,21,3,10,0,-0.7071067811865477,0.7071067811865474,0.43388373911755823,-0.900968867902419
2023-10-12 22:00:00,64.47376601508229,5.9920595273153925,63.688970269644656,22,3,10,0,-0.5000000000000004,0.8660254037844384,0.43388373911755823,-0.900968867902419
2023-10-12 23:00:00,84.508283468502,6.648198719148043,54.30527463606847,23,3,10,0,-0.25881904510252157,0.9659258262890681,0.43388373911755823,-0.900968867902419
2023-10-13 00:00:00,94.49169197721052,9.408227542684784,54.36435397826891,0,4,10,0,0.0,1.0,-0.433883739117558,-0.9009688679024191
2023-10-13 01:00:00,97.45528781153038,8.412027021872312,59.94832968288827,1,4,10,0,0.25881904510252074,0.9659258262890683,-0.433883739117558,-0.9009688679024191
2023-10-13 02:00:00,107.4361092542459,11.473167816614975,56.09339025782288,2,4,10,0,0.49999999999999994,0.8660254037844387,-0.433883739117558,-0.9009688679024191
2023-10-13 03:00:00,103.80560806148983,12.903864118090711,51.56387483192381,3,4,10,0,0.7071067811865475,0.7071067811865476,-0.433883739117558,-0.9009688679024191
2023-10-13 04:00:00,115.41181071340762,10.423538025617521,51.9098905942521,4,4,10,0,0.8660254037844386,0.5000000000000001,-0.433883739117558,-0.9009688679024191
2023-10-13 05:00:00,103.43394739944192,11.043551646649894,55.67712102800773,5,4,10,0,0.9659258262890683,0.25881904510252074,-0.433883739117558,-0.9009688679024191
2023-10-13 06:00:00,114.23335694342569,11.402973325321526,56.722550330814684,6,4,10,0,1.0,6.123233995736766e-17,-0.433883739117558,-0.9009688679024191
2023-10-13 07:00:00,106.93706389022307,9.884775951469585,52.326244869629356,7,4,10,0,0.9659258262890683,-0.25881904510252063,-0.433883739117558,-0.9009688679024191
2023-10-13 08:00:00,142.52587064472783,10.9815141026304,50.88281324782894,8,4,10,0,0.8660254037844387,-0.4999999999999998,-0.433883739117558,-0.9009688679024191
2023-10-13 09:00:00,126.29675131537553,13.00211831551888,53.07059983838563,9,4,10,0,0.7071067811865476,-0.7071067811865475,-0.433883739117558,-0.9009688679024191
2023-10-13 10:00:00,114.05682545764172,8.65315327144041,59.16891640640066,10,4,10,0,0.49999999999999994,-0.8660254037844387,-0.433883739117558,-0.9009688679024191
2023-10-13 11:00:00,115.93259038442072,11.244586928334439,60.5574055360388,11,4,10,0,0.258819045102521,-0.9659258262890682,-0.433883739117558,-0.9009688679024191
2023-10-13 12:00:00,104.42683629934797,7.571349898013816,58.72248388064668,12,4,10,0,1.2246467991473532e-16,-1.0,-0.433883739117558,-0.9009688679024191
2023-10-13 13:00:00,102.69438824410597,10.357293860187479,58.10416530846569,13,4,10,0,-0.2588190451025208,-0.9659258262890683,-0.433883739117558,-0.9009688679024191
2023-10-13 14:00:00,101.75275352920998,5.198796986970291,64.38801422189711,14,4,10,0,-0.4999999999999997,-0.8660254037844388,-0.433883739117558,-0.9009688679024191
2023-10-13 15:00:00,83.02032451042781,5.1771165354640045,67.25119400758838,15,4,10,0,-0.7071067811865471,-0.7071067811865479,-0.433883739117558,-0.9009688679024191
2023-10-13 16:00:00,82.19036852160502,3.3921403720170784,58.975351156708825,16,4,10,0,-0.8660254037844384,-0.5000000000000004,-0.433883739117558,-0.9009688679024191
2023-10-13 17:00:00,80.79448896099062,3.3262621194084194,63.23797960566824,17,4,10,0,-0.9659258262890683,-0.25881904510252063,-0.433883739117558,-0.9009688679024191
2023-10-13 18:00:00,84.72371514825701,6.228785335231018,67.60759670330337,18,4,10,0,-1.0,-1.8369701987210297e-16,-0.433883739117558,-0.9009688679024191
2023-10-13 19:00:00,62.47856792759897,5.069618307495628,64.15629159340146,19,4,10,0,-0.9659258262890684,0.2588190451025203,-0.433883739117558,-0.9009688679024191
2023-10-13 20:00:00,75.77957772626942,6.300641638571851,61.870112996429285,20,4,10,0,-0.8660254037844386,0.5000000000000001,-0.433883739117558,-0.9009688679024191
2023-10-13 21:00:00,67.88616257098798,3.419705508712192,62.93792470460092,21,4,10,0,-0.7071067811865477,0.7071067811865474,-0.433883739117558,-0.9009688679024191
2023-10-13 22:00:00,77.72385918539445,7.203759264680302,62.25183259535385,22,4,10,0,-0.5000000000000004,0.8660254037844384,-0.433883739117558,-0.9009688679024191
2023-10-13 23:00:00,84.55233052985899,5.729075429452639,56.31212191308115,23,4,10,0,-0.25881904510252157,0.9659258262890681,-0.433883739117558,-0.9009688679024191
2023-10-14 00:00:00,70.80905555047059,6.253017678726515,58.664120589203335,0,5,10,1,0.0,1.0,-0.9749279121818236,-0.2225209339563146
2023-10-14 01:00:00,82.64318938557264,9.652420836966211,57.94082156109504,1,5,10,1,0.25881904510252074,0.9659258262890683,-0.9749279121818236,-0.2225209339563146
2023-10-14 02:00:00,93.0514544747799,10.601802948392914,53.919199505963896,2,5,10,1,0.49999999999999994,0.8660254037844387,-0.9749279121818236,-0.2225209339563146
2023-10-14 03:00:00,103.05065145373082,11.16744125247071,51.81063002766207,3,5,10,1,0.7071067811865475,0.7071067811865476,-0.9749279121818236,-0.2225209339563146
2023-10-14 04:00:00,102.64451803064948,12.799434682355045,51.581920090144564,4,5,10,1,0.8660254037844386,0.5000000000000001,-0.9749279121818236,-0.2225209339563146
2023-10-14 05:00:00,106.01997729252645,13.433048229882582,49.68344248367718,5,5,10,1,0.9659258262890683,0.25881904510252074,-0.9749279121818236,-0.2225209339563146
2023-10-14 06:00:00,96.34241053820169,14.463589457066345,54.94359693710431,6,5,10,1,1.0,6.123233995736766e-17,-0.9749279121818236,-0.2225209339563146
2023-10-14 07:00:00,98.27866247667313,10.337184255973314,49.64525997979195,7,5,10,1,0.9659258262890683,-0.25881904510252063,-0.9749279121818236,-0.2225209339563146
2023-10-14 08:00:00,114.73842179130264,13.976121431588886,53.76271275852612,8,5,10,1,0.8660254037844387,-0.4999999999999998,-0.9749279121818236,-0.2225209339563146
2023-10-14 09:00:00,114.07674080100998,13.910889807565349,53.02649769296697,9,5,10,1,0.7071067811865476,-0.7071067811865475,-0.9749279121818236,-0.2225209339563146
2023-10-14 10:00:00,111.88307044431876,9.709650423597742,53.27318222043987,10,5,10,1,0.49999999999999994,-0.8660254037844387,-0.9749279121818236,-0.2225209339563146
2023-10-14 11:00:00,113.11976681365697,6.7915341040761135,60.95280388613564,11,5,10,1,0.258819045102521,-0.9659258262890682,-0.9749279121818236,-0.2225209339563146
2023-10-14 12:00:00,94.49044569045087,6.183747078672117,57.99938484674683,12,5,10,1,1.2246467991473532e-16,-1.0,-0.9749279121818236,-0.2225209339563146
2023-10-14 13:00:00,92.25701764115716,6.530942196465143,57.936451272939635,13,5,10,1,-0.2588190451025208,-0.9659258262890683,-0.9749279121818236,-0.2225209339563146
2023-10-14 14:00:00,87.9418320235337,9.280207833736927,59.096379184150095,14,5,10,1,-0.4999999999999997,-0.8660254037844388,-0.9749279121818236,-0.2225209339563146
2023-10-14 15:00:00,73.60411069921952,5.456188323834374,63.65157015600109,15,5,10,1,-0.7071067811865471,-0.7071067811865479,-0.9749279121818236,-0.2225209339563146
2023-10-14 16:00:00,82.43687846649496,3.869117658010321,66.06765128695567,16,5,10,1,-0.8660254037844384,-0.5000000000000004,-0.9749279121818236,-0.2225209339563146
2023-10-14 17:00:00,64.61790278661476,3.3671887555835758,67.99955472988722,17,5,10,1,-0.9659258262890683,-0.25881904510252063,-0.9749279121818236,-0.2225209339563146
2023-10-14 18:00:00,58.559461137216196,2.274911960767107,63.888766510067825,18,5,10,1,-1.0,-1.8369701987210297e-16,-0.9749279121818236,-0.2225209339563146
2023-10-14 19:00:00,58.81575727898179,5.707156187640106,63.50409715423921,19,5,10,1,-0.9659258262890684,0.2588190451025203,-0.9749279121818236,-0.2225209339563146
2023-10-14 20:00:00,54.556062579648284,4.656790716059413,63.98075076845068,20,5,10,1,-0.8660254037844386,0.5000000000000001,-0.9749279121818236,-0.2225209339563146
2023-10-14 21:00:00,69.87070855018506,8.580312588173252,63.13574996353783,21,5,10,1,-0.7071067811865477,0.7071067811865474,-0.9749279121818236,-0.2225209339563146
2023-10-14 22:00:00,77.44505016068275,7.201309542915467,59.075565238592695,22,5,10,1,-0.5000000000000004,0.8660254037844384,-0.9749279121818236,-0.2225209339563146
2023-10-14 23:00:00,74.08255888679776,8.468623741951612,64.3318854930477,23,5,10,1,-0.25881904510252157,0.9659258262890681,-0.9749279121818236,-0.2225209339563146
2023-10-15 00:00:00,79.4463155221411,7.936203535370913,58.70941110195531,0,6,10,1,0.0,1.0,-0.7818314824680299,0.6234898018587334
2023-10-15 01:00:00,84.79008572365294,7.698091454634781,58.69405158747156,1,6,10,1,0.25881904510252074,0.9659258262890683,-0.7818314824680299,0.6234898018587334
2023-10-15 02:00:00,101.91152520281817,8.98898931099116,56.91610952470553,2,6,10,1,0.49999999999999994,0.8660254037844387,-0.7818314824680299,0.6234898018587334
2023-10-15 03:00:00,103.62391086511734,9.073917490397498,55.61190408050225,3,6,10,1,0.7071067811865475,0.7071067811865476,-0.7818314824680299,0.6234898018587334
2023-10-15 04:00:00,103.68776339491237,13.129054476349822,50.43430311205821,4,6,10,1,0.8660254037844386,0.5000000000000001,-0.7818314824680299,0.6234898018587334
2023-10-15 05:00:00,107.04658439678825,11.585691305772373,52.82798942598901,5,6,10,1,0.9659258262890683,0.25881904510252074,-0.7818314824680299,0.6234898018587334
2023-10-15 06:00:00,111.78145161970755,13.728111590873029,59.484978702720454,6,6,10,1,1.0,6.123233995736766e-17,-0.7818314824680299,0.6234898018587334
2023-10-15 07:00:00,104.38067228239579,12.36693569010255,57.6086970275656,7,6,10,1,0.9659258262890683,-0.25881904510252063,-0.7818314824680299,0.6234898018587334
2023-10-15 08:00:00,117.6167727724018,11.324234862967016,53.917616390740456,8,6,10,1,0.8660254037844387,-0.4999999999999998,-0.7818314824680299,0.6234898018587334
2023-10-15 09:00:00,109.89864775935885,9.373383653778294,53.29951179127447,9,6,10,1,0.7071067811865476,-0.7071067811865475,-0.7818314824680299,0.6234898018587334
2023-10-15 10:00:00,115.1865048484729,10.751809880928947,48.98940705906897,10,6,10,1,0.49999999999999994,-0.8660254037844387,-0.7818314824680299,0.6234898018587334
2023-10-15 11:00:00,98.33696144547733,9.006687437224823,55.59782302016013,11,6,10,1,0.258819045102521,-0.9659258262890682,-0.7818314824680299,0.6234898018587334
2023-10-15 12:00:00,104.43078109549617,9.652636673418062,58.40748850872178,12,6,10,1,1.2246467991473532e-16,-1.0,-0.7818314824680299,0.6234898018587334
2023-10-15 13:00:00,96.20635962443326,6.190968587261449,59.243710721375734,13,6,10,1,-0.2588190451025208,-0.9659258262890683,-0.7818314824680299,0.6234898018587334
2023-10-15 14:00:00,84.8587370229795,7.223522441730485,60.89969856930649,14,6,10,1,-0.4999999999999997,-0.8660254037844388,-0.7818314824680299,0.6234898018587334
2023-10-15 15:00:00,80.72599571884686,7.932206281072547,64.75268056813175,15,6,10,1,-0.7071067811865471,-0.7071067811865479,-0.7818314824680299,0.6234898018587334
2023-10-15 16:00:00,72.71466323065899,5.244093038336756,60.837831080973906,16,6,10,1,-0.8660254037844384,-0.5000000000000004,-0.7818314824680299,0.6234898018587334
2023-10-15 17:00:00,76.98240946587345,5.61359465544148,65.2562559375604,17,6,10,1,-0.9659258262890683,-0.25881904510252063,-0.7818314824680299,0.6234898018587334
2023-10-15 18:00:00,73.81571285914528,5.157196150751299,64.31196923803782,18,6,10,1,-1.0,-1.8369701987210297e-16,-0.7818314824680299,0.6234898018587334
2023-10-15 19:00:00,54.48115221717863,7.282794703104939,61.79139024565255,19,6,10,1,-0.9659258262890684,0.2588190451025203,-0.7818314824680299,0.6234898018587334
2023-10-15 20:00:00,69.83802357239692,5.392599798887919,68.86121257376867,20,6,10,1,-0.8660254037844386,0.5000000000000001,-0.7818314824680299,0.6234898018587334
2023-10-15 21:00:00,52.97996909692549,6.520871934342004,65.12881617448583,21,6,10,1,-0.7071067811865477,0.7071067811865474,-0.7818314824680299,0.6234898018587334
2023-10-15 22:00:00,60.55491181228685,6.244946738710993,59.283546460885006,22,6,10,1,-0.5000000000000004,0.8660254037844384,-0.7818314824680299,0.6234898018587334
2023-10-15 23:00:00,74.079038807506,6.102501797550705,61.74741335573478,23,6,10,1,-0.25881904510252157,0.9659258262890681,-0.7818314824680299,0.6234898018587334
2023-10-16 00:00:00,91.41228538123536,6.530337094929696,54.724290262562185,0,0,10,0,0.0,1.0,0.0,1.0
2023-10-16 01:00:00,96.82477635969762,11.278262902316545,55.349325153132696,1,0,10,0,0.25881904510252074,0.9659258262890683,0.0,1.0
2023-10-16 02:00:00,92.51198772026852,8.830061566437639,59.87538633867004,2,0,10,0,0.49999999999999994,0.8660254037844387,0.0,1.0
2023-10-16 03:00:00,110.67056436024465,12.289824497872788,55.70458089473149,3,0,10,0,0.7071067811865475,0.7071067811865476,0.0,1.0
2023-10-16 04:00:00,113.48100493977408,12.430727184164846,54.510116482328044,4,0,10,0,0.8660254037844386,0.5000000000000001,0.0,1.0
2023-10-16 05:00:00,110.73001659455998,13.58298194595132,56.058026240493994,5,0,10,0,0.9659258262890683,0.25881904510252074,0.0,1.0
2023-10-16 06:00:00,116.67114757096964,11.570532589576622,54.72651128577614,6,0,10,0,1.0,6.123233995736766e-17,0.0,1.0
2023-10-16 07:00:00,114.49499695086676,11.020209056882907,52.298967340584795,7,0,10,0,0.9659258262890683,-0.25881904510252063,0.0,1.0
2023-10-16 08:00:00,135.1681360750433,12.374259995738841,56.50573846668242,8,0,10,0,0.8660254037844387,-0.4999999999999998,0.0,1.0
2023-10-16 09:00:00,127.04597647721,10.73251523838637,49.58316955491235,9,0,10,0,0.7071067811865476,-0.7071067811865475,0.0,1.0
2023-10-16 10:00:00,121.61303685016787,8.496058118542033,53.89025294344687,10,0,10,0,0.49999999999999994,-0.8660254037844387,0.0,1.0
2023-10-16 11:00:00,118.34924197574529,12.285665117372053,57.04890979671283,11,0,10,0,0.258819045102521,-0.9659258262890682,0.0,1.0
2023-10-16 12:00:00,106.73303406517469,7.155488374507632,60.535863977838886,12,0,10,0,1.2246467991473532e-16,-1.0,0.0,1.0
2023-10-16 13:00:00,100.28906814904664,5.8168753750638444,59.4705934848017,13,0,10,0,-0.2588190451025208,-0.9659258262890683,0.0,1.0
2023-10-16 14:00:00,101.43076309418049,5.979396971182384,56.54049500416769,14,0,10,0,-0.4999999999999997,-0.8660254037844388,0.0,1.0
2023-10-16 15:00:00,99.08215862646522,7.393461352442133,57.36188273437069,15,0,10,0,-0.7071067811865471,-0.7071067811865479,0.0,1.0
2023-10-16 16:00:00,69.94835557021287,1.6283964436282714,63.88455123105722,16,0,10,0,-0.8660254037844384,-0.5000000000000004,0.0,1.0
2023-10-16 17:00:00,83.98923416012393,6.233722740158351,63.25490526980924,17,0,10,0,-0.9659258262890683,-0.25881904510252063,0.0,1.0
2023-10-16 18:00:00,81.52518053157202,2.975390371266995,62.16274535625055,18,0,10,0,-1.0,-1.8369701987210297e-16,0.0,1.0
2023-10-16 19:00:00,69.75256986366007,4.875685178457557,61.45641805013118,19,0,10,0,-0.9659258262890684,0.2588190451025203,0.0,1.0
2023-10-16 20:00:00,69.20210654450517,3.8644885657279944,64.49015752261086,20,0,10,0,-0.8660254037844386,0.5000000000000001,0.0,1.0
2023-10-16 21:00:00,77.32629458064096,8.502048779708268,67.04210146687463,21,0,10,0,-0.7071067811865477,0.7071067811865474,0.0,1.0
2023-10-16 22:00:00,73.05981652489778,6.529530753414975,62.294258440658716,22,0,10,0,-0.5000000000000004,0.8660254037844384,0.0,1.0
2023-10-16 23:00:00,82.75125590678878,6.245187117529509,64.39239898100911,23,0,10,0,-0.25881904510252157,0.9659258262890681,0.0,1.0
2023-10-17 00:00:00,84.8786597231101,7.937065178520457,58.0194795813832,0,1,10,0,0.0,1.0,0.7818314824680298,0.6234898018587336
2023-10-17 01:00:00,101.40459370231287,9.558433954039605,58.91886724350993,1,1,10,0,0.25881904510252074,0.9659258262890683,0.7818314824680298,0.6234898018587336
2023-10-17 02:00:00,106.43136787020168,10.655217072920292,60.197572340978134,2,1,10,0,0.49999999999999994,0.8660254037844387,0.7818314824680298,0.6234898018587336
2023-10-17 03:00:00,108.41203672766473,11.875273011305163,54.42519018736639,3,1,10,0,0.7071067811865475,0.7071067811865476,0.7818314824680298,0.6234898018587336
2023-10-17 04:00:00,107.64174952040204,11.850696864891272,54.02321908632835,4,1,10,0,0.8660254037844386,0.5000000000000001,0.7818314824680298,0.6234898018587336
2023-10-17 05:00:00,106.71905881875807,10.186661841520191,52.22244842558853,5,1,10,0,0.9659258262890683,0.25881904510252074,0.7818314824680298,0.6234898018587336
2023-10-17 06:00:00,106.80255554136964,11.878300654924502,54.918973314079736,6,1,10,0,1.0,6.123233995736766e-17,0.7818314824680298,0.6234898018587336
2023-10-17 07:00:00,108.94191209918023,13.162393028694552,56.0527159421022,7,1,10,0,0.9659258262890683,-0.25881904510252063,0.7818314824680298,0.6234898018587336
2023-10-17 08:00:00,125.68889821191378,10.847979566846245,54.999142561977486,8,1,10,0,0.8660254037844387,-0.4999999999999998,0.7818314824680298,0.6234898018587336
2023-10-17 09:00:00,124.66120422276383,12.22630120557075,54.21048799449909,9,1,10,0,0.7071067811865476,-0.7071067811865475,0.7818314824680298,0.6234898018587336
2023-10-17 10:00:00,114.649170649122,10.436279360713707,51.64228390448569,10,1,10,0,0.49999999999999994,-0.8660254037844387,0.7818314824680298,0.6234898018587336
2023-10-17 11:00:00,110.87980735613407,9.097368106537342,57.443250949243655,11,1,10,0,0.258819045102521,-0.9659258262890682,0.7818314824680298,0.6234898018587336
2023-10-17 12:00:00,111.5220831153376,10.179918000086381,58.56559325923577,12,1,10,0,1.2246467991473532e-16,-1.0,0.7818314824680298,0.6234898018587336
2023-10-17 13:00:00,93.71253767347484,4.746228814290487,61.402357148735426,13,1,10,0,-0.2588190451025208,-0.9659258262890683,0.7818314824680298,0.6234898018587336
2023-10-17 14:00:00,88.09933037560448,5.375720813880019,62.49183129593858,14,1,10,0,-0.4999999999999997,-0.8660254037844388,0.7818314824680298,0.6234898018587336
2023-10-17 15:00:00,78.21585470751711,7.408918101048968,68.10131973561622,15,1,10,0,-0.7071067811865471,-0.7071067811865479,0.7818314824680298,0.6234898018587336
2023-10-17 16:00:00,97.68133624961065,7.669674290869541,62.248377353127935,16,1,10,0,-0.8660254037844384,-0.5000000000000004,0.7818314824680298,0.6234898018587336
2023-10-17 17:00:00,92.1199542731217,7.95398758312827,60.211220396977666,17,1,10,0,-0.9659258262890683,-0.25881904510252063,0.7818314824680298,0.6234898018587336
2023-10-17 18:00:00,85.91238475195128,4.464235456784448,61.71384839082703,18,1,10,0,-1.0,-1.8369701987210297e-16,0.7818314824680298,0.6234898018587336
2023-10-17 19:00:00,68.11710704660115,5.211844925544033,63.036140594778864,19,1,10,0,-0.9659258262890684,0.2588190451025203,0.7818314824680298,0.6234898018587336
2023-10-17 20:00:00,70.15386490902537,6.150742286992738,67.58362853391965,20,1,10,0,-0.8660254037844386,0.5000000000000001,0.7818314824680298,0.6234898018587336
2023-10-17 21:00:00,78.46163807923676,7.472887944768227,59.49236754291384,21,1,10,0,-0.7071067811865477,0.7071067811865474,0.7818314824680298,0.6234898018587336
2023-10-17 22:00:00,79.98900993657604,6.858340063289132,58.650048010389455,22,1,10,0,-0.5000000000000004,0.8660254037844384,0.7818314824680298,0.6234898018587336
2023-10-17 23:00:00,88.29753803385303,8.742649366036005,61.936087501361555,23,1,10,0,-0.25881904510252157,0.9659258262890681,0.7818314824680298,0.6234898018587336
2023-10-18 00:00:00,93.83198079361429,9.127312434747724,61.936923311073016,0,2,10,0,0.0,1.0,0.9749279121818236,-0.22252093395631434
2023-10-18 01:00:00,106.87665757725216,10.256263827353589,53.188374545850735,1,2,10,0,0.25881904510252074,0.9659258262890683,0.9749279121818236,-0.22252093395631434
2023-10-18 02:00:00,98.17374444617306,9.06009787873082,51.07284085066617,2,2,10,0,0.49999999999999994,0.8660254037844387,0.9749279121818236,-0.22252093395631434
2023-10-18 03:00:00,108.70472210742872,10.772258279762795,52.786754548877376,3,2,10,0,0.7071067811865475,0.7071067811865476,0.9749279121818236,-0.22252093395631434
2023-10-18 04:00:00,100.28477147819663,11.117599552101964,56.16493901020462,4,2,10,0,0.8660254037844386,0.5000000000000001,0.9749279121818236,-0.22252093395631434
2023-10-18 05:00:00,107.4490969411589,10.518011858869432,54.02313021549047,5,2,10,0,0.9659258262890683,0.25881904510252074,0.9749279121818236,-0.22252093395631434
2023-10-18 06:00:00,110.01894729683958,9.960243897764567,51.13908343166291,6,2,10,0,1.0,6.123233995736766e-17,0.9749279121818236,-0.22252093395631434
2023-10-18 07:00:00,114.66852996042586,11.665913791348991,55.811741151376495,7,2,10,0,0.9659258262890683,-0.25881904510252063,0.9749279121818236,-0.22252093395631434
2023-10-18 08:00:00,127.62002556723209,11.505929859564306,54.565768582990245,8,2,10,0,0.8660254037844387,-0.4999999999999998,0.9749279121818236,-0.22252093395631434
2023-10-18 09:00:00,129.0371239557096,11.423634472868894,54.82357774251323,9,2,10,0,0.7071067811865476,-0.7071067811865475,0.9749279121818236,-0.22252093395631434
2023-10-18 10:00:00,122.7251596086632,11.27125849534115,51.545958251411186,10,2,10,0,0.49999999999999994,-0.8660254037844387,0.9749279121818236,-0.22252093395631434
2023-10-18 11:00:00,112.91777097293846,9.755111279899758,55.52453515417603,11,2,10,0,0.258819045102521,-0.9659258262890682,0.9749279121818236,-0.22252093395631434
2023-10-18 12:00:00,99.09556021245398,8.052284967785077,65.25978771554114,12,2,10,0,1.2246467991473532e-16,-1.0,0.9749279121818236,-0.22252093395631434
2023-10-18 13:00:00,102.28956852007937,6.029686080005545,59.93303992844791,13,2,10,0,-0.2588190451025208,-0.9659258262890683,0.9749279121818236,-0.22252093395631434
2023-10-18 14:00:00,97.09087754309799,7.753255380332768,59.51862418843979,14,2,10,0,-0.4999999999999997,-0.8660254037844388,0.9749279121818236,-0.22252093395631434
2023-10-18 15:00:00,77.80728023786804,5.456491283400651,62.48489161252672,15,2,10,0,-0.7071067811865471,-0.7071067811865479,0.9749279121818236,-0.22252093395631434
2023-10-18 16:00:00,87.26518613284834,4.3228654264328235,64.94241119644241,16,2,10,0,-0.8660254037844384,-0.5000000000000004,0.9749279121818236,-0.22252093395631434
2023-10-18 17:00:00,76.2518798931229,4.294267005304764,67.83459166824485,17,2,10,0,-0.9659258262890683,-0.25881904510252063,0.9749279121818236,-0.22252093395631434
2023-10-18 18:00:00,79.92064875413129,3.3385352130488792,67.25226015476667,18,2,10,0,-1.0,-1.8369701987210297e-16,0.9749279121818236,-0.22252093395631434
2023-10-18 19:00:00,58.879532502861615,3.777937543808007,63.15477196757608,19,2,10,0,-0.9659258262890684,0.2588190451025203,0.9749279121818236,-0.22252093395631434
2023-10-18 20:00:00,63.518942842779,4.1298626490079045,68.39988795840763,20,2,10,0,-0.8660254037844386,0.5000000000000001,0.9749279121818236,-0.22252093395631434
2023-10-18 21:00:00,54.70447290582268,5.178218482334047,66.07571080386984,21,2,10,0,-0.7071067811865477,0.7071067811865474,0.9749279121818236,-0.22252093395631434
2023-10-18 22:00:00,79.06268109824882,7.421284169308073,61.05360430417094,22,2,10,0,-0.5000000000000004,0.8660254037844384,0.9749279121818236,-0.22252093395631434
2023-10-18 23:00:00,79.65391130883695,8.013043656481766,60.55732454019795,23,2,10,0,-0.25881904510252157,0.9659258262890681,0.9749279121818236,-0.22252093395631434
2023-10-19 00:00:00,86.21385090127076,10.80954094796964,61.43726216511078,0,3,10,0,0.0,1.0,0.43388373911755823,-0.900968867902419
2023-10-19 01:00:00,101.08763765037068,11.34230465562656,61.30645111995069,1,3,10,0,0.25881904510252074,0.9659258262890683,0.43388373911755823,-0.900968867902419
2023-10-19 02:00:00,109.54156094796065,13.424067496900328,52.07925141032495,2,3,10,0,0.49999999999999994,0.8660254037844387,0.43388373911755823,-0.900968867902419
2023-10-19 03:00:00,107.29086303735092,12.156599681300897,55.60396396280063,3,3,10,0,0.7071067811865475,0.7071067811865476,0.43388373911755823,-0.900968867902419
2023-10-19 04:00:00,109.03171195927875,12.768194285746514,54.34572857746184,4,3,10,0,0.8660254037844386,0.5000000000000001,0.43388373911755823,-0.900968867902419
2023-10-19 05:00:00,117.67771047815404,11.622014475749033,52.12779807900262,5,3,10,0,0.9659258262890683,0.25881904510252074,0.43388373911755823,-0.900968867902419
2023-10-19 06:00:00,115.64243498832475,13.728457183291711,51.90785135737654,6,3,10,0,1.0,6.123233995736766e-17,0.43388373911755823,-0.900968867902419
2023-10-19 07:00:00,117.23774938265673,11.368962747140102,57.002829187620385,7,3,10,0,0.9659258262890683,-0.25881904510252063,0.43388373911755823,-0.900968867902419
2023-10-19 08:00:00,130.24399144540527,9.74785316561385,56.04313683361389,8,3,10,0,0.8660254037844387,-0.4999999999999998,0.43388373911755823,-0.900968867902419
2023-10-19 09:00:00,132.92920145824402,13.607347050166286,61.712517979005966,9,3,10,0,0.7071067811865476,-0.7071067811865475,0.43388373911755823,-0.900968867902419
2023-10-19 10:00:00,122.331053810631,8.615662445099456,54.92587648689921,10,3,10,0,0.49999999999999994,-0.8660254037844387,0.43388373911755823,-0.900968867902419
2023-10-19 11:00:00,111.92031772342229,10.182988701851945,58.49374406767359,11,3,10,0,0.258819045102521,-0.9659258262890682,0.43388373911755823,-0.900968867902419
2023-10-19 12:00:00,104.62137471242595,7.16893777779842,60.56435566975214,12,3,10,0,1.2246467991473532e-16,-1.0,0.43388373911755823,-0.900968867902419
2023-10-19 13:00:00,101.4860085164757,9.144160090826132,63.876421402328155,13,3,10,0,-0.2588190451025208,-0.9659258262890683,0.43388373911755823,-0.900968867902419
2023-10-19 14:00:00,100.17063194244292,8.383859815704508,66.71049314847106,14,3,10,0,-0.4999999999999997,-0.8660254037844388,0.43388373911755823,-0.900968867902419
2023-10-19 15:00:00,90.89311483322757,6.454774423437055,64.15873040837428,15,3,10,0,-0.7071067811865471,-0.7071067811865479,0.43388373911755823,-0.900968867902419
2023-10-19 16:00:00,89.90820903727735,6.894880286125009,61.54708104401819,16,3,10,0,-0.8660254037844384,-0.5000000000000004,0.43388373911755823,-0.900968867902419
2023-10-19 17:00:00,92.67483481886408,4.636737145638875,63.298175103158705,17,3,10,0,-0.9659258262890683,-0.25881904510252063,0.43388373911755823,-0.900968867902419
2023-10-19 18:00:00,86.69890545369303,7.840696858287538,66.06343776746502,18,3,10,0,-1.0,-1.8369701987210297e-16,0.43388373911755823,-0.900968867902419
2023-10-19 19:00:00,61.86760789764956,5.744979382131551,68.79909531502399,19,3,10,0,-0.9659258262890684,0.2588190451025203,0.43388373911755823,-0.900968867902419
2023-10-19 20:00:00,65.42891111331666,3.6745058824751693,60.492189435431094,20,3,10,0,-0.8660254037844386,0.5000000000000001,0.43388373911755823,-0.900968867902419
2023-10-19 21:00:00,79.06699117506653,5.765417775418482,60.36788716797486,21,3,10,0,-0.7071067811865477,0.7071067811865474,0.43388373911755823,-0.900968867902419
2023-10-19 22:00:00,75.7669448063741,6.2606817977258595,64.90671538166661,22,3,10,0,-0.5000000000000004,0.8660254037844384,0.43388373911755823,-0.900968867902419
2023-10-19 23:00:00,86.61038136112155,7.078522568981886,57.30728762694688,23,3,10,0,-0.25881904510252157,0.9659258262890681,0.43388373911755823,-0.900968867902419
2023-10-20 00:00:00,87.78464471809262,6.058327283879763,56.50506274277015,0,4,10,0,0.0,1.0,-0.433883739117558,-0.9009688679024191
2023-10-20 01:00:00,83.91701384463462,10.159609122803845,61.73682935936787,1,4,10,0,0.25881904510252074,0.9659258262890683,-0.433883739117558,-0.9009688679024191
2023-10-20 02:00:00,93.00740028133634,8.465406657317743,56.2161658280487,2,4,10,0,0.49999999999999994,0.8660254037844387,-0.433883739117558,-0.9009688679024191
2023-10-20 03:00:00,99.06637053888018,7.584352329691187,54.74405464144202,3,4,10,0,0.7071067811865475,0.7071067811865476,-0.433883739117558,-0.9009688679024191
2023-10-20 04:00:00,109.25667839510588,11.492117279181372,58.788860312737825,4,4,10,0,0.8660254037844386,0.5000000000000001,-0.433883739117558,-0.9009688679024191
2023-10-20 05:00:00,108.48133244376932,11.27389895079649,50.89564634706473,5,4,10,0,0.9659258262890683,0.25881904510252074,-0.433883739117558,-0.9009688679024191
2023-10-20 06:00:00,109.24655571491608,11.251730606775244,50.08817765705486,6,4,10,0,1.0,6.123233995736766e-17,-0.433883739117558,-0.9009688679024191
2023-10-20 07:00:00,100.3059014433863,7.753095505336564,58.972213861506894,7,4,10,0,0.9659258262890683,-0.25881904510252063,-0.433883739117558,-0.9009688679024191
2023-10-20 08:00:00,133.11283211231606,10.731873426936755,55.38394576491797,8,4,10,0,0.8660254037844387,-0.4999999999999998,-0.433883739117558,-0.9009688679024191
2023-10-20 09:00:00,112.83887949920096,11.112000452715709,57.67660483421342,9,4,10,0,0.7071067811865476,-0.7071067811865475,-0.433883739117558,-0.9009688679024191
2023-10-20 10:00:00,105.597326136471,9.592805215584432,55.94687904472702,10,4,10,0,0.49999999999999994,-0.8660254037844387,-0.433883739117558,-0.9009688679024191
2023-10-20 11:00:00,123.99724382521478,10.160327820518654,58.00742172199239,11,4,10,0,0.258819045102521,-0.9659258262890682,-0.433883739117558,-0.9009688679024191
2023-10-20 12:00:00,105.08641484459795,10.633027098441916,57.76883407063275,12,4,10,0,1.2246467991473532e-16,-1.0,-0.433883739117558,-0.9009688679024191
2023-10-20 13:00:00,99.85264829538033,8.283311105701252,62.3874056442392,13,4,10,0,-0.2588190451025208,-0.9659258262890683,-0.433883739117558,-0.9009688679024191
2023-10-20 14:00:00,88.82742061371444,8.083627566881551,65.37425006509848,14,4,10,0,-0.4999999999999997,-0.8660254037844388,-0.433883739117558,-0.9009688679024191
2023-10-20 15:00:00,90.97878678430736,7.379299035455057,64.71071768907966,15,4,10,0,-0.7071067811865471,-0.7071067811865479,-0.433883739117558,-0.9009688679024191
2023-10-20 16:00:00,80.18461418650358,3.55164335999075,68.25900397145543,16,4,10,0,-0.8660254037844384,-0.5000000000000004,-0.433883739117558,-0.9009688679024191
2023-10-20 17:00:00,91.27363664713099,5.339004859601593,67.66287322039925,17,4,10,0,-0.9659258262890683,-0.25881904510252063,-0.433883739117558,-0.9009688679024191
2023-10-20 18:00:00,90.62923825655022,6.036772155776772,62.73480443479122,18,4,10,0,-1.0,-1.8369701987210297e-16,-0.433883739117558,-0.9009688679024191
2023-10-20 19:00:00,57.563570664218076,4.02639210349958,65.24145419750661,19,4,10,0,-0.9659258262890684,0.2588190451025203,-0.433883739117558,-0.9009688679024191
2023-10-20 20:00:00,56.492596606393896,3.8939945355453816,63.73109971858924,20,4,10,0,-0.8660254037844386,0.5000000000000001,-0.433883739117558,-0.9009688679024191
2023-10-20 21:00:00,74.13725203068974,6.5112186898070465,66.38307432547992,21,4,10,0,-0.7071067811865477,0.7071067811865474,-0.433883739117558,-0.9009688679024191
2023-10-20 22:00:00,69.05090824659248,4.321592818047052,64.26489366671937,22,4,10,0,-0.5000000000000004,0.8660254037844384,-0.433883739117558,-0.9009688679024191
2023-10-20 23:00:00,75.83461164215592,5.8767530707190465,61.81519354150354,23,4,10,0,-0.25881904510252157,0.9659258262890681,-0.433883739117558,-0.9009688679024191
2023-10-21 00:00:00,81.59096565523846,7.601304899205896,63.164327834147564,0,5,10,1,0.0,1.0,-0.9749279121818236,-0.2225209339563146
2023-10-21 01:00:00,81.77398504345385,10.312486920687192,52.97360635646836,1,5,10,1,0.25881904510252074,0.9659258262890683,-0.9749279121818236,-0.2225209339563146
2023-10-21 02:00:00,91.86973462833828,10.929808202914543,55.31417086569859,2,5,10,1,0.49999999999999994,0.8660254037844387,-0.9749279121818236,-0.2225209339563146
2023-10-21 03:00:00,104.23991508076915,12.978422864655434,54.32605983950494,3,5,10,1,0.7071067811865475,0.7071067811865476,-0.9749279121818236,-0.2225209339563146
2023-10-21 04:00:00,92.23363059172196,10.682735954173674,55.68261228067451,4,5,10,1,0.8660254037844386,0.5000000000000001,-0.9749279121818236,-0.2225209339563146
2023-10-21 05:00:00,106.44846530995163,11.001933268836057,55.98643717631803,5,5,10,1,0.9659258262890683,0.25881904510252074,-0.9749279121818236,-0.2225209339563146
2023-10-21 06:00:00,101.02898047295535,13.387307373705543,54.11963820522573,6,5,10,1,1.0,6.123233995736766e-17,-0.9749279121818236,-0.2225209339563146
2023-10-21 07:00:00,103.47173807130764,11.267142369576765,50.38312698509364,7,5,10,1,0.9659258262890683,-0.25881904510252063,-0.9749279121818236,-0.2225209339563146
2023-10-21 08:00:00,113.49688484188607,11.16028516247717,56.14772447758708,8,5,10,1,0.8660254037844387,-0.4999999999999998,-0.9749279121818236,-0.2225209339563146
2023-10-21 09:00:00,96.1880108846543,8.644719286449613,56.26510635090994,9,5,10,1,0.7071067811865476,-0.7071067811865475,-0.9749279121818236,-0.2225209339563146
2023-10-21 10:00:00,111.56142360604376,11.037708422701428,52.71742040763264,10,5,10,1,0.49999999999999994,-0.8660254037844387,-0.9749279121818236,-0.2225209339563146
2023-10-21 11:00:00,112.99976791490839,11.948651308715384,57.68444160268516,11,5,10,1,0.258819045102521,-0.9659258262890682,-0.9749279121818236,-0.2225209339563146
2023-10-21 12:00:00,88.81235988216307,7.057506046130476,61.24563518514285,12,5,10,1,1.2246467991473532e-16,-1.0,-0.9749279121818236,-0.2225209339563146
2023-10-21 13:00:00,87.86456487845847,9.098718657751133,66.6361022783855,13,5,10,1,-0.2588190451025208,-0.9659258262890683,-0.9749279121818236,-0.2225209339563146
2023-10-21 14:00:00,84.20051870305129,6.512341549096121,59.85634891620837,14,5,10,1,-0.4999999999999997,-0.8660254037844388,-0.9749279121818236,-0.2225209339563146
2023-10-21 15:00:00,75.99934696920687,3.124890338219812,66.73656354250211,15,5,10,1,-0.7071067811865471,-0.7071067811865479,-0.9749279121818236,-0.2225209339563146
2023-10-21 16:00:00,73.35686721775379,3.795247522001101,62.09029270190113,16,5,10,1,-0.8660254037844384,-0.5000000000000004,-0.9749279121818236,-0.2225209339563146
2023-10-21 17:00:00,72.92743593275868,3.3030351162191156,62.10729102686376,17,5,10,1,-0.9659258262890683,-0.25881904510252063,-0.9749279121818236,-0.2225209339563146
2023-10-21 18:00:00,73.85169915251804,4.126647742870107,62.488787791914184,18,5,10,1,-1.0,-1.8369701987210297e-16,-0.9749279121818236,-0.2225209339563146
2023-10-21 19:00:00,52.539877495152616,5.367007548094829,67.73415831300711,19,5,10,1,-0.9659258262890684,0.2588190451025203,-0.9749279121818236,-0.2225209339563146
2023-10-21 20:00:00,71.0516612444952,7.910722061305439,65.70939332656071,20,5,10,1,-0.8660254037844386,0.5000000000000001,-0.9749279121818236,-0.2225209339563146
2023-10-21 21:00:00,52.93387101549918,3.6262936034571265,63.42213433278606,21,5,10,1,-0.7071067811865477,0.7071067811865474,-0.9749279121818236,-0.2225209339563146
2023-10-21 22:00:00,68.10089011474133,5.874273325201063,64.49705749240213,22,5,10,1,-0.5000000000000004,0.8660254037844384,-0.9749279121818236,-0.2225209339563146
2023-10-21 23:00:00,76.62151830619725,6.222191960804893,61.798940029342326,23,5,10,1,-0.25881904510252157,0.9659258262890681,-0.9749279121818236,-0.2225209339563146
2023-10-22 00:00:00,74.98920740034788,6.759658519536802,60.69703037149715,0,6,10,1,0.0,1.0,-0.7818314824680299,0.6234898018587334
2023-10-22 01:00:00,87.13821871901513,9.840075422095179,57.9019807582021,1,6,10,1,0.25881904510252074,0.9659258262890683,-0.7818314824680299,0.6234898018587334
2023-10-22 02:00:00,96.59901925458345,10.66384769855102,54.28283239931616,2,6,10,1,0.49999999999999994,0.8660254037844387,-0.7818314824680299,0.6234898018587334
2023-10-22 03:00:00,87.24250736653516,8.769351315892635,61.19675424398036,3,6,10,1,0.7071067811865475,0.7071067811865476,-0.7818314824680299,0.6234898018587334
2023-10-22 04:00:00,89.36770737135797,12.1529551188267,59.37061600962542,4,6,10,1,0.8660254037844386,0.5000000000000001,-0.7818314824680299,0.6234898018587334
2023-10-22 05:00:00,96.29019026278341,10.717237027560312,59.34039473535697,5,6,10,1,0.9659258262890683,0.25881904510252074,-0.7818314824680299,0.6234898018587334
2023-10-22 06:00:00,113.92687494568602,12.679369290473211,52.74752892326421,6,6,10,1,1.0,6.123233995736766e-17,-0.7818314824680299,0.6234898018587334
2023-10-22 07:00:00,111.5244884758237,14.429575756736156,52.5241354871089,7,6,10,1,0.9659258262890683,-0.25881904510252063,-0.7818314824680299,0.6234898018587334
2023-10-22 08:00:00,121.96866823192096,12.820331268522413,53.925986273137106,8,6,10,1,0.8660254037844387,-0.4999999999999998,-0.7818314824680299,0.6234898018587334
2023-10-22 09:00:00,117.86624263154741,11.756330478127573,59.34515372743609,9,6,10,1,0.7071067811865476,-0.7071067811865475,-0.7818314824680299,0.6234898018587334
2023-10-22 10:00:00,108.06477428694583,9.868479075665668,57.36489736839329,10,6,10,1,0.49999999999999994,-0.8660254037844387,-0.7818314824680299,0.6234898018587334
2023-10-22 11:00:00,105.53132306782265,9.797205368447996,57.182984215937424,11,6,10,1,0.258819045102521,-0.9659258262890682,-0.7818314824680299,0.6234898018587334
2023-10-22 12:00:00,96.48759915604982,9.506509045141971,61.457058616733356,12,6,10,1,1.2246467991473532e-16,-1.0,-0.7818314824680299,0.6234898018587334
2023-10-22 13:00:00,96.20715991860983,8.322601045573279,59.7090410533245,13,6,10,1,-0.2588190451025208,-0.9659258262890683,-0.7818314824680299,0.6234898018587334
2023-10-22 14:00:00,84.56964287207119,6.512799566050433,59.299301942480426,14,6,10,1,-0.4999999999999997,-0.8660254037844388,-0.7818314824680299,0.6234898018587334
2023-10-22 15:00:00,78.68479192415698,6.159265072932934,64.99581914266713,15,6,10,1,-0.7071067811865471,-0.7071067811865479,-0.7818314824680299,0.6234898018587334
2023-10-22 16:00:00,77.44113858833381,3.222683366569875,64.01340636882571,16,6,10,1,-0.8660254037844384,-0.5000000000000004,-0.7818314824680299,0.6234898018587334
2023-10-22 17:00:00,70.31231860648317,3.6964192444478687,66.11992825320937,17,6,10,1,-0.9659258262890683,-0.25881904510252063,-0.7818314824680299,0.6234898018587334
2023-10-22 18:00:00,82.16895780756596,5.722967340589728,58.310894657068395,18,6,10,1,-1.0,-1.8369701987210297e-16,-0.7818314824680299,0.6234898018587334
2023-10-22 19:00:00,62.39729887295313,6.060973833675787,63.48479335451595,19,6,10,1,-0.9659258262890684,0.2588190451025203,-0.7818314824680299,0.6234898018587334
2023-10-22 20:00:00,57.633874812319284,5.337923982892037,65.42645423024187,20,6,10,1,-0.8660254037844386,0.5000000000000001,-0.7818314824680299,0.6234898018587334
2023-10-22 21:00:00,66.87128071929074,8.051649188572284,60.05894235033621,21,6,10,1,-0.7071067811865477,0.7071067811865474,-0.7818314824680299,0.6234898018587334
2023-10-22 22:00:00,64.41076260097316,7.423656836462797,58.9183079455906,22,6,10,1,-0.5000000000000004,0.8660254037844384,-0.7818314824680299,0.6234898018587334
2023-10-22 23:00:00,66.7550015861164,7.276660254566065,62.03469598293216,23,6,10,1,-0.25881904510252157,0.9659258262890681,-0.7818314824680299,0.6234898018587334
2023-10-23 00:00:00,87.91369397722265,6.894954034647199,62.71054146822999,0,0,10,0,0.0,1.0,0.0,1.0
2023-10-23 01:00:00,104.78811570310573,11.91795921966149,56.37773322511805,1,0,10,0,0.25881904510252074,0.9659258262890683,0.0,1.0
2023-10-23 02:00:00,99.92526751620511,11.8800593499399,56.81941574929296,2,0,10,0,0.49999999999999994,0.8660254037844387,0.0,1.0
2023-10-23 03:00:00,114.96387685586257,14.250477423350002,55.64608700419127,3,0,10,0,0.7071067811865475,0.7071067811865476,0.0,1.0
2023-10-23 04:00:00,121.50055668434604,15.43895596260166,50.72270066247726,4,0,10,0,0.8660254037844386,0.5000000000000001,0.0,1.0
2023-10-23 05:00:00,112.82742921916346,10.657876009190167,58.361899002767885,5,0,10,0,0.9659258262890683,0.25881904510252074,0.0,1.0
2023-10-23 06:00:00,122.30373937521681,10.798082548017257,54.05692337123237,6,0,10,0,1.0,6.123233995736766e-17,0.0,1.0
2023-10-23 07:00:00,108.97268667080056,8.293486600510708,54.29352197768846,7,0,10,0,0.9659258262890683,-0.25881904510252063,0.0,1.0
2023-10-23 08:00:00,128.12314178459445,13.566227984890425,56.5285935110394,8,0,10,0,0.8660254037844387,-0.4999999999999998,0.0,1.0
2023-10-23 09:00:00,134.02231850718096,12.537734320185622,51.68317008273415,9,0,10,0,0.7071067811865476,-0.7071067811865475,0.0,1.0
2023-10-23 10:00:00,113.82040686441509,10.871251664396805,60.36559860773313,10,0,10,0,0.49999999999999994,-0.8660254037844387,0.0,1.0
2023-10-23 11:00:00,120.05093466416409,7.920659498053018,62.204713764106295,11,0,10,0,0.258819045102521,-0.9659258262890682,0.0,1.0
2023-10-23 12:00:00,101.1686613135752,8.591032630520877,61.02739081232104,12,0,10,0,1.2246467991473532e-16,-1.0,0.0,1.0
2023-10-23 13:00:00,103.17209717384111,7.96636522630951,63.54533533595809,13,0,10,0,-0.2588190451025208,-0.9659258262890683,0.0,1.0
2023-10-23 14:00:00,98.03437322597824,7.898671664526789,62.627557229503736,14,0,10,0,-0.4999999999999997,-0.8660254037844388,0.0,1.0
2023-10-23 15:00:00,87.1439047536289,6.305636411159775,67.43831855541104,15,0,10,0,-0.7071067811865471,-0.7071067811865479,0.0,1.0
2023-10-23 16:00:00,86.9735799242744,6.256183491557031,63.33312902318573,16,0,10,0,-0.8660254037844384,-0.5000000000000004,0.0,1.0
2023-10-23 17:00:00,89.9795079995068,4.67468355418069,66.30415570268886,17,0,10,0,-0.9659258262890683,-0.25881904510252063,0.0,1.0
2023-10-23 18:00:00,88.75771697692547,6.496806005095912,66.68758617992208,18,0,10,0,-1.0,-1.8369701987210297e-16,0.0,1.0
2023-10-23 19:00:00,66.37427916921342,5.808474975216924,66.28529727296595,19,0,10,0,-0.9659258262890684,0.2588190451025203,0.0,1.0
2023-10-23 20:00:00,71.13728563783087,3.480081943019044,69.00932631343407,20,0,10,0,-0.8660254037844386,0.5000000000000001,0.0,1.0
2023-10-23 21:00:00,71.2153269430574,7.979986590946206,71.4130509206415,21,0,10,0,-0.7071067811865477,0.7071067811865474,0.0,1.0
2023-10-23 22:00:00,84.37228112230983,8.562940448280738,63.27628458017618,22,0,10,0,-0.5000000000000004,0.8660254037844384,0.0,1.0
2023-10-23 23:00:00,76.86302324857189,8.387519089377362,63.569782893953615,23,0,10,0,-0.25881904510252157,0.9659258262890681,0.0,1.0
2023-10-24 00:00:00,85.54302858674981,9.21136368031485,58.43717442734345,0,1,10,0,0.0,1.0,0.7818314824680298,0.6234898018587336
2023-10-24 01:00:00,102.67408839986811,12.313480656561225,62.38730691284106,1,1,10,0,0.25881904510252074,0.9659258262890683,0.7818314824680298,0.6234898018587336
2023-10-24 02:00:00,100.15033463908311,8.340317823425544,56.29200277400743,2,1,10,0,0.49999999999999994,0.8660254037844387,0.7818314824680298,0.6234898018587336
2023-10-24 03:00:00,116.16252113315237,13.48055103366932,66.03720040162976,3,1,10,0,0.7071067811865475,0.7071067811865476,0.7818314824680298,0.6234898018587336
2023-10-24 04:00:00,109.680883343326,11.540078690109882,50.636084921363135,4,1,10,0,0.8660254037844386,0.5000000000000001,0.7818314824680298,0.6234898018587336
2023-10-24 05:00:00,116.70927625357997,14.296756597605505,61.49123728649117,5,1,10,0,0.9659258262890683,0.25881904510252074,0.7818314824680298,0.6234898018587336
2023-10-24 06:00:00,112.26368685452532,12.970850893587219,57.81812330711019,6,1,10,0,1.0,6.123233995736766e-17,0.7818314824680298,0.6234898018587336
2023-10-24 07:00:00,116.79367252148602,10.78960139287757,51.68217628719761,7,1,10,0,0.9659258262890683,-0.25881904510252063,0.7818314824680298,0.6234898018587336
2023-10-24 08:00:00,128.01127466283376,11.509609022917871,62.606649483564,8,1,10,0,0.8660254037844387,-0.4999999999999998,0.7818314824680298,0.6234898018587336
2023-10-24 09:00:00,130.19803380928585,13.151307857328792,53.81658482601521,9,1,10,0,0.7071067811865476,-0.7071067811865475,0.7818314824680298,0.6234898018587336
2023-10-24 10:00:00,116.79751982857553,10.474975300853844,56.901464191873664,10,1,10,0,0.49999999999999994,-0.8660254037844387,0.7818314824680298,0.6234898018587336
2023-10-24 11:00:00,113.32230573371304,8.89333518116658,55.401764804736466,11,1,10,0,0.258819045102521,-0.9659258262890682,0.7818314824680298,0.6234898018587336
2023-10-24 12:00:00,100.8429124714806,7.848029036141123,60.40510102739522,12,1,10,0,1.2246467991473532e-16,-1.0,0.7818314824680298,0.6234898018587336
2023-10-24 13:00:00,105.16046195191305,8.718382075774256,62.239279174308685,13,1,10,0,-0.2588190451025208,-0.9659258262890683,0.7818314824680298,0.6234898018587336
2023-10-24 14:00:00,84.78432215040472,9.4162396680436,66.334548814791,14,1,10,0,-0.4999999999999997,-0.8660254037844388,0.7818314824680298,0.6234898018587336
2023-10-24 15:00:00,76.71833170010568,2.7505349421330427,72.40203853664912,15,1,10,0,-0.7071067811865471,-0.7071067811865479,0.7818314824680298,0.6234898018587336
2023-10-24 16:00:00,99.53546163162599,9.527212178710831,64.5017272502786,16,1,10,0,-0.8660254037844384,-0.5000000000000004,0.7818314824680298,0.6234898018587336
2023-10-24 17:00:00,93.52849828197644,5.2322031611415785,58.38212044404957,17,1,10,0,-0.9659258262890683,-0.25881904510252063,0.7818314824680298,0.6234898018587336
2023-10-24 18:00:00,75.15937138659662,5.660623325781895,68.78995117756165,18,1,10,0,-1.0,-1.8369701987210297e-16,0.7818314824680298,0.6234898018587336
2023-10-24 19:00:00,68.05388125401699,4.27219119695627,64.98907954269856,19,1,10,0,-0.9659258262890684,0.2588190451025203,0.7818314824680298,0.6234898018587336
2023-10-24 20:00:00,58.92052484349123,5.320912820410658,71.49596937633743,20,1,10,0,-0.8660254037844386,0.5000000000000001,0.7818314824680298,0.6234898018587336
2023-10-24 21:00:00,70.63375790877626,6.250629516284125,64.98334360517035,21,1,10,0,-0.7071067811865477,0.7071067811865474,0.7818314824680298,0.6234898018587336
2023-10-24 22:00:00,79.33974404163902,5.216643134328098,61.567184415943316,22,1,10,0,-0.5000000000000004,0.8660254037844384,0.7818314824680298,0.6234898018587336
2023-10-24 23:00:00,77.86271327740806,6.546488785037273,59.35846516599019,23,1,10,0,-0.25881904510252157,0.9659258262890681,0.7818314824680298,0.6234898018587336
2023-10-25 00:00:00,99.26140530760118,10.635571429483544,62.95004608439282,0,2,10,0,0.0,1.0,0.9749279121818236,-0.22252093395631434
2023-10-25 01:00:00,93.7499483114489,7.565476030517915,58.70276166570181,1,2,10,0,0.25881904510252074,0.9659258262890683,0.9749279121818236,-0.22252093395631434
2023-10-25 02:00:00,103.40055120927802,11.520278773116974,62.484507684790714,2,2,10,0,0.49999999999999994,0.8660254037844387,0.9749279121818236,-0.22252093395631434
2023-10-25 03:00:00,112.40022357985323,11.131371878839078,56.20697674151526,3,2,10,0,0.7071067811865475,0.7071067811865476,0.9749279121818236,-0.22252093395631434
2023-10-25 04:00:00,110.86380589371362,10.881761009071054,60.12909398328034,4,2,10,0,0.8660254037844386,0.5000000000000001,0.9749279121818236,-0.22252093395631434
2023-10-25 05:00:00,126.33364447225657,15.680321201257037,51.145428349422644,5,2,10,0,0.9659258262890683,0.25881904510252074,0.9749279121818236,-0.22252093395631434
2023-10-25 06:00:00,112.19243303692438,11.426966276254507,49.86552690988788,6,2,10,0,1.0,6.123233995736766e-17,0.9749279121818236,-0.22252093395631434
2023-10-25 07:00:00,103.94528571905954,11.02727042370123,57.77339382888359,7,2,10,0,0.9659258262890683,-0.25881904510252063,0.9749279121818236,-0.22252093395631434
2023-10-25 08:00:00,128.78745744085592,12.042362678003615,54.49195671612395,8,2,10,0,0.8660254037844387,-0.4999999999999998,0.9749279121818236,-0.22252093395631434
2023-10-25 09:00:00,126.547050961581,10.534309291739701,56.048092652149656,9,2,10,0,0.7071067811865476,-0.7071067811865475,0.9749279121818236,-0.22252093395631434
2023-10-25 10:00:00,116.08410141683046,10.868291103638487,55.044804017493966,10,2,10,0,0.49999999999999994,-0.8660254037844387,0.9749279121818236,-0.22252093395631434
2023-10-25 11:00:00,119.9052302709981,10.127095243533834,56.27196750746077,11,2,10,0,0.258819045102521,-0.9659258262890682,0.9749279121818236,-0.22252093395631434
2023-10-25 12:00:00,109.4688446963949,9.210707216599054,62.98838724303064,12,2,10,0,1.2246467991473532e-16,-1.0,0.9749279121818236,-0.22252093395631434
2023-10-25 13:00:00,100.32147835643548,7.637607666871236,62.57775831159741,13,2,10,0,-0.2588190451025208,-0.9659258262890683,0.9749279121818236,-0.22252093395631434
2023-10-25 14:00:00,95.68673745876868,5.805477563508327,60.90078247720394,14,2,10,0,-0.4999999999999997,-0.8660254037844388,0.9749279121818236,-0.22252093395631434
2023-10-25 15:00:00,90.98910246512706,6.995397557419471,67.69565825096446,15,2,10,0,-0.7071067811865471,-0.7071067811865479,0.9749279121818236,-0.22252093395631434
2023-10-25 16:00:00,86.0229778012155,5.2270793532526945,69.80227876530418,16,2,10,0,-0.8660254037844384,-0.5000000000000004,0.9749279121818236,-0.22252093395631434
2023-10-25 17:00:00,86.2460690991481,4.251590844907923,66.55044453191479,17,2,10,0,-0.9659258262890683,-0.25881904510252063,0.9749279121818236,-0.22252093395631434
2023-10-25 18:00:00,99.64131481149839,7.078710666792947,70.09098567942381,18,2,10,0,-1.0,-1.8369701987210297e-16,0.9749279121818236,-0.22252093395631434
2023-10-25 19:00:00,67.83349655773758,4.813048872403214,63.87152621009844,19,2,10,0,-0.9659258262890684,0.2588190451025203,0.9749279121818236,-0.22252093395631434
2023-10-25 20:00:00,66.90071640056645,7.032598405253796,68.00916504740961,20,2,10,0,-0.8660254037844386,0.5000000000000001,0.9749279121818236,-0.22252093395631434
2023-10-25 21:00:00,65.72724613271953,7.8705506640645595,65.8092772461275,21,2,10,0,-0.7071067811865477,0.7071067811865474,0.9749279121818236,-0.22252093395631434
2023-10-25 22:00:00,75.32678283011833,8.790229371285351,61.706702650464656,22,2,10,0,-0.5000000000000004,0.8660254037844384,0.9749279121818236,-0.22252093395631434
2023-10-25 23:00:00,77.83712802601242,8.860180649903228,68.79347593997588,23,2,10,0,-0.25881904510252157,0.9659258262890681,0.9749279121818236,-0.22252093395631434
2023-10-26 00:00:00,93.0489284455484,8.928911626659993,62.014838037211106,0,3,10,0,0.0,1.0,0.43388373911755823,-0.900968867902419
2023-10-26 01:00:00,95.45135351630019,9.869075516407184,57.991138109418934,1,3,10,0,0.25881904510252074,0.9659258262890683,0.43388373911755823,-0.900968867902419
2023-10-26 02:00:00,103.92510061641636,10.563681694248706,58.37538520997051,2,3,10,0,0.49999999999999994,0.8660254037844387,0.43388373911755823,-0.900968867902419
2023-10-26 03:00:00,99.57116193159482,8.507945491700141,54.46478921583644,3,3,10,0,0.7071067811865475,0.7071067811865476,0.43388373911755823,-0.900968867902419
2023-10-26 04:00:00,118.25455347226854,13.472173695733186,52.64972545382744,4,3,10,0,0.8660254037844386,0.5000000000000001,0.43388373911755823,-0.900968867902419
2023-10-26 05:00:00,120.23161454107688,13.16026352670753,54.17269928751875,5,3,10,0,0.9659258262890683,0.25881904510252074,0.43388373911755823,-0.900968867902419
2023-10-26 06:00:00,116.25131420125231,14.16814827128658,54.17137577107868,6,3,10,0,1.0,6.123233995736766e-17,0.43388373911755823,-0.900968867902419
2023-10-26 07:00:00,117.65281831521077,12.618062849921966,53.10843667358722,7,3,10,0,0.9659258262890683,-0.25881904510252063,0.43388373911755823,-0.900968867902419
2023-10-26 08:00:00,127.48709091155204,13.391201230041682,59.873700544691715,8,3,10,0,0.8660254037844387,-0.4999999999999998,0.43388373911755823,-0.900968867902419
2023-10-26 09:00:00,117.33475926967738,9.692028402427663,54.77654265926975,9,3,10,0,0.7071067811865476,-0.7071067811865475,0.43388373911755823,-0.900968867902419
2023-10-26 10:00:00,121.93660959624042,9.175963458081284,55.519825937906695,10,3,10,0,0.49999999999999994,-0.8660254037844387,0.43388373911755823,-0.900968867902419
2023-10-26 11:00:00,111.88559946102436,6.250820652801651,56.20643807308991,11,3,10,0,0.258819045102521,-0.9659258262890682,0.43388373911755823,-0.900968867902419
2023-10-26 12:00:00,113.11449155330884,8.7283380782262,57.4705638916932,12,3,10,0,1.2246467991473532e-16,-1.0,0.43388373911755823,-0.900968867902419
2023-10-26 13:00:00,102.42683771805353,6.735797309895656,65.95178238617096,13,3,10,0,-0.2588190451025208,-0.9659258262890683,0.43388373911755823,-0.900968867902419
2023-10-26 14:00:00,91.33914283084128,5.57478905921801,65.09101456742214,14,3,10,0,-0.4999999999999997,-0.8660254037844388,0.43388373911755823,-0.900968867902419
2023-10-26 15:00:00,89.23886222946157,6.6034133141754126,67.63013638269358,15,3,10,0,-0.7071067811865471,-0.7071067811865479,0.43388373911755823,-0.900968867902419
2023-10-26 16:00:00,81.92844952173394,4.827499465539443,69.56788072803285,16,3,10,0,-0.8660254037844384,-0.5000000000000004,0.43388373911755823,-0.900968867902419
2023-10-26 17:00:00,82.12326639416004,2.916522056611872,66.11216873937411,17,3,10,0,-0.9659258262890683,-0.25881904510252063,0.43388373911755823,-0.900968867902419
2023-10-26 18:00:00,86.93134222287969,8.747012031101786,71.73323234756755,18,3,10,0,-1.0,-1.8369701987210297e-16,0.43388373911755823,-0.900968867902419
2023-10-26 19:00:00,67.33368617963446,5.010642636085252,65.23139748489602,19,3,10,0,-0.9659258262890684,0.2588190451025203,0.43388373911755823,-0.900968867902419
2023-10-26 20:00:00,63.4807588749435,3.84101567743234,63.225487407253816,20,3,10,0,-0.8660254037844386,0.5000000000000001,0.43388373911755823,-0.900968867902419
2023-10-26 21:00:00,64.48391823296015,5.096681555827874,66.68000372921632,21,3,10,0,-0.7071067811865477,0.7071067811865474,0.43388373911755823,-0.900968867902419
2023-10-26 22:00:00,72.12524873955283,6.670147418459831,64.75015669578683,22,3,10,0,-0.5000000000000004,0.8660254037844384,0.43388373911755823,-0.900968867902419
2023-10-26 23:00:00,84.82646157333622,7.631716748177752,63.298306599163574,23,3,10,0,-0.25881904510252157,0.9659258262890681,0.43388373911755823,-0.900968867902419
2023-10-27 00:00:00,91.8545536116748,10.956937713046381,64.5957325043985,0,4,10,0,0.0,1.0,-0.433883739117558,-0.9009688679024191
2023-10-27 01:00:00,93.82226926889157,9.919822547439338,60.31548710223259,1,4,10,0,0.25881904510252074,0.9659258262890683,-0.433883739117558,-0.9009688679024191
2023-10-27 02:00:00,110.82581179312477,13.786503561279945,59.488923906384,2,4,10,0,0.49999999999999994,0.8660254037844387,-0.433883739117558,-0.9009688679024191
2023-10-27 03:00:00,111.61381518996943,11.183484012205598,61.38593552779581,3,4,10,0,0.7071067811865475,0.7071067811865476,-0.433883739117558,-0.9009688679024191
2023-10-27 04:00:00,110.27057094162681,13.107446979005159,57.15365898280329,4,4,10,0,0.8660254037844386,0.5000000000000001,-0.433883739117558,-0.9009688679024191
2023-10-27 05:00:00,111.12961230629904,14.400364900125584,57.2369906243846,5,4,10,0,0.9659258262890683,0.25881904510252074,-0.433883739117558,-0.9009688679024191
2023-10-27 06:00:00,126.06896699269328,14.796419760545085,51.29662542849978,6,4,10,0,1.0,6.123233995736766e-17,-0.433883739117558,-0.9009688679024191
2023-10-27 07:00:00,111.6481124290445,14.835202934777058,66.91166796361864,7,4,10,0,0.9659258262890683,-0.25881904510252063,-0.433883739117558,-0.9009688679024191
2023-10-27 08:00:00,131.38051375248966,12.05977530729512,51.58108915204399,8,4,10,0,0.8660254037844387,-0.4999999999999998,-0.433883739117558,-0.9009688679024191
2023-10-27 09:00:00,132.24827683588836,11.823884537811377,55.689139737378255,9,4,10,0,0.7071067811865476,-0.7071067811865475,-0.433883739117558,-0.9009688679024191
2023-10-27 10:00:00,113.63140983783093,7.284557453632053,56.84106663093416,10,4,10,0,0.49999999999999994,-0.8660254037844387,-0.433883739117558,-0.9009688679024191
2023-10-27 11:00:00,112.53976392081111,9.74495242598681,66.32090076542327,11,4,10,0,0.258819045102521,-0.9659258262890682,-0.433883739117558,-0.9009688679024191
2023-10-27 12:00:00,113.37775244074723,10.64057257037254,59.74797035950979,12,4,10,0,1.2246467991473532e-16,-1.0,-0.433883739117558,-0.9009688679024191
2023-10-27 13:00:00,119.84613626645194,9.313669842851308,64.42832106360358,13,4,10,0,-0.2588190451025208,-0.9659258262890683,-0.433883739117558,-0.9009688679024191
2023-10-27 14:00:00,95.88030039242017,6.873960621962445,62.861471104806924,14,4,10,0,-0.4999999999999997,-0.8660254037844388,-0.433883739117558,-0.9009688679024191
2023-10-27 15:00:00,101.9649876350366,8.723973343126314,62.67211798415073,15,4,10,0,-0.7071067811865471,-0.7071067811865479,-0.433883739117558,-0.9009688679024191
2023-10-27 16:00:00,83.18709076673734,4.963581761822603,68.4569869610044,16,4,10,0,-0.8660254037844384,-0.5000000000000004,-0.433883739117558,-0.9009688679024191
2023-10-27 17:00:00,85.54729585222263,4.0657782622914445,65.18842437771004,17,4,10,0,-0.9659258262890683,-0.25881904510252063,-0.433883739117558,-0.9009688679024191
2023-10-27 18:00:00,80.49745016853251,4.301448700638013,68.17253818771826,18,4,10,0,-1.0,-1.8369701987210297e-16,-0.433883739117558,-0.9009688679024191
2023-10-27 19:00:00,65.49388380216787,3.4562904610671197,69.22540100298329,19,4,10,0,-0.9659258262890684,0.2588190451025203,-0.433883739117558,-0.9009688679024191
2023-10-27 20:00:00,66.22470619075101,6.473182235895117,72.46618559532186,20,4,10,0,-0.8660254037844386,0.5000000000000001,-0.433883739117558,-0.9009688679024191
2023-10-27 21:00:00,77.97777062404822,6.60798689614429,62.005884281750035,21,4,10,0,-0.7071067811865477,0.7071067811865474,-0.433883739117558,-0.9009688679024191
2023-10-27 22:00:00,75.81880414013656,7.918660473037142,64.09132288976059,22,4,10,0,-0.5000000000000004,0.8660254037844384,-0.433883739117558,-0.9009688679024191
2023-10-27 23:00:00,78.69953009420013,7.346858395170663,62.76827455724312,23,4,10,0,-0.25881904510252157,0.9659258262890681,-0.433883739117558,-0.9009688679024191
2023-10-28 00:00:00,70.78258146075484,8.993077066395633,61.783867342110334,0,5,10,1,0.0,1.0,-0.9749279121818236,-0.2225209339563146
2023-10-28 01:00:00,77.87902950987107,6.847834630701234,67.93457275711712,1,5,10,1,0.25881904510252074,0.9659258262890683,-0.9749279121818236,-0.2225209339563146
2023-10-28 02:00:00,91.09939288436982,11.644524862371084,58.26108536814298,2,5,10,1,0.49999999999999994,0.8660254037844387,-0.9749279121818236,-0.2225209339563146
2023-10-28 03:00:00,113.97544645929949,12.056875842740178,49.976673579231026,3,5,10,1,0.7071067811865475,0.7071067811865476,-0.9749279121818236,-0.2225209339563146
2023-10-28 04:00:00,97.04302137970095,10.893496658302071,55.989638050506606,4,5,10,1,0.8660254037844386,0.5000000000000001,-0.9749279121818236,-0.2225209339563146
2023-10-28 05:00:00,110.8482592827907,12.78690354243089,55.63039646284067,5,5,10,1,0.9659258262890683,0.25881904510252074,-0.9749279121818236,-0.2225209339563146
2023-10-28 06:00:00,110.9809434506511,12.693412582299262,55.05795817020406,6,5,10,1,1.0,6.123233995736766e-17,-0.9749279121818236,-0.2225209339563146
2023-10-28 07:00:00,109.79323660641356,15.590357743072024,53.82959550770135,7,5,10,1,0.9659258262890683,-0.25881904510252063,-0.9749279121818236,-0.2225209339563146
2023-10-28 08:00:00,116.05441186816927,10.952597698350562,52.62102572783582,8,5,10,1,0.8660254037844387,-0.4999999999999998,-0.9749279121818236,-0.2225209339563146
2023-10-28 09:00:00,112.76323031153254,12.405752928450756,64.01691549087681,9,5,10,1,0.7071067811865476,-0.7071067811865475,-0.9749279121818236,-0.2225209339563146
2023-10-28 10:00:00,113.15298580404477,9.444034006386971,59.73596347479823,10,5,10,1,0.49999999999999994,-0.8660254037844387,-0.9749279121818236,-0.2225209339563146
2023-10-28 11:00:00,115.2658833786,9.278652549709193,59.651447961071916,11,5,10,1,0.258819045102521,-0.9659258262890682,-0.9749279121818236,-0.2225209339563146
2023-10-28 12:00:00,89.34515438774241,9.495414965942858,68.16396095878699,12,5,10,1,1.2246467991473532e-16,-1.0,-0.9749279121818236,-0.2225209339563146
2023-10-28 13:00:00,93.07046270510526,7.727865868699762,60.7280242750995,13,5,10,1,-0.2588190451025208,-0.9659258262890683,-0.9749279121818236,-0.2225209339563146
2023-10-28 14:00:00,81.83609544183071,7.071200251084179,66.58830828955958,14,5,10,1,-0.4999999999999997,-0.8660254037844388,-0.9749279121818236,-0.2225209339563146
2023-10-28 15:00:00,82.12899421808004,6.750842573006279,62.27653959083871,15,5,10,1,-0.7071067811865471,-0.7071067811865479,-0.9749279121818236,-0.2225209339563146
2023-10-28 16:00:00,82.51221224059796,4.875550563468923,69.2295108707692,16,5,10,1,-0.8660254037844384,-0.5000000000000004,-0.9749279121818236,-0.2225209339563146
2023-10-28 17:00:00,74.93283481045341,6.5427030324714,64.17315213886587,17,5,10,1,-0.9659258262890683,-0.25881904510252063,-0.9749279121818236,-0.2225209339563146
2023-10-28 18:00:00,63.60566381119957,4.621966920548106,69.19247222726503,18,5,10,1,-1.0,-1.8369701987210297e-16,-0.9749279121818236,-0.2225209339563146
2023-10-28 19:00:00,53.23504800194059,5.070150037919381,73.4363453534239,19,5,10,1,-0.9659258262890684,0.2588190451025203,-0.9749279121818236,-0.2225209339563146
2023-10-28 20:00:00,61.2957022953642,6.1580518321485425,67.25758426485102,20,5,10,1,-0.8660254037844386,0.5000000000000001,-0.9749279121818236,-0.2225209339563146
2023-10-28 21:00:00,65.0292440349736,6.592259712405575,59.44597935308778,21,5,10,1,-0.7071067811865477,0.7071067811865474,-0.9749279121818236,-0.2225209339563146
2023-10-28 22:00:00,66.12498217445683,8.04652842221879,64.88839750094853,22,5,10,1,-0.5000000000000004,0.8660254037844384,-0.9749279121818236,-0.2225209339563146
2023-10-28 23:00:00,74.67810586662425,8.520356957221484,64.77535338893942,23,5,10,1,-0.25881904510252157,0.9659258262890681,-0.9749279121818236,-0.2225209339563146
2023-10-29 00:00:00,73.51244745617831,9.862870892900624,64.71334019974775,0,6,10,1,0.0,1.0,-0.7818314824680299,0.6234898018587334
2023-10-29 01:00:00,85.59829804959533,9.706542309728732,64.87824846720407,1,6,10,1,0.25881904510252074,0.9659258262890683,-0.7818314824680299,0.6234898018587334
2023-10-29 02:00:00,85.61820536250379,9.556168253438083,63.584100186095725,2,6,10,1,0.49999999999999994,0.8660254037844387,-0.7818314824680299,0.6234898018587334
2023-10-29 03:00:00,101.46804002359652,9.846293671183261,57.37492805617054,3,6,10,1,0.7071067811865475,0.7071067811865476,-0.7818314824680299,0.6234898018587334
2023-10-29 04:00:00,100.38837479222443,10.117361294240668,54.83592019135666,4,6,10,1,0.8660254037844386,0.5000000000000001,-0.7818314824680299,0.6234898018587334
2023-10-29 05:00:00,111.15807057427448,15.66711828231655,52.85930167769755,5,6,10,1,0.9659258262890683,0.25881904510252074,-0.7818314824680299,0.6234898018587334
2023-10-29 06:00:00,99.2640149494148,9.840164784225173,54.390539019334035,6,6,10,1,1.0,6.123233995736766e-17,-0.7818314824680299,0.6234898018587334
2023-10-29 07:00:00,97.76411630624838,14.813613454188289,57.644424846449894,7,6,10,1,0.9659258262890683,-0.25881904510252063,-0.7818314824680299,0.6234898018587334
2023-10-29 08:00:00,120.03837071622593,11.392122998757909,52.76829239197589,8,6,10,1,0.8660254037844387,-0.4999999999999998,-0.7818314824680299,0.6234898018587334
2023-10-29 09:00:00,120.59956259022213,13.767413483492259,54.98716677396529,9,6,10,1,0.7071067811865476,-0.7071067811865475,-0.7818314824680299,0.6234898018587334
2023-10-29 10:00:00,104.31470817420052,7.855514858693188,60.697285521653725,10,6,10,1,0.49999999999999994,-0.8660254037844387,-0.7818314824680299,0.6234898018587334
2023-10-29 11:00:00,104.81140945974319,9.841960228151523,58.51801262084097,11,6,10,1,0.258819045102521,-0.9659258262890682,-0.7818314824680299,0.6234898018587334
2023-10-29 12:00:00,109.36653740458985,11.340361505104266,63.120346958191604,12,6,10,1,1.2246467991473532e-16,-1.0,-0.7818314824680299,0.6234898018587334
2023-10-29 13:00:00,94.37852170919813,9.193863065369651,61.12037194056904,13,6,10,1,-0.2588190451025208,-0.9659258262890683,-0.7818314824680299,0.6234898018587334
2023-10-29 14:00:00,80.44822275935178,6.653426709530176,65.87378316667755,14,6,10,1,-0.4999999999999997,-0.8660254037844388,-0.7818314824680299,0.6234898018587334
2023-10-29 15:00:00,68.45623774994132,3.416431823527452,63.93739796792003,15,6,10,1,-0.7071067811865471,-0.7071067811865479,-0.7818314824680299,0.6234898018587334
2023-10-29 16:00:00,74.34802005479911,3.7114905022022113,61.50061150372059,16,6,10,1,-0.8660254037844384,-0.5000000000000004,-0.7818314824680299,0.6234898018587334
2023-10-29 17:00:00,71.40883206801989,7.379342240249159,70.67381382997675,17,6,10,1,-0.9659258262890683,-0.25881904510252063,-0.7818314824680299,0.6234898018587334
2023-10-29 18:00:00,67.31751001378782,4.636963098685774,65.92270478189613,18,6,10,1,-1.0,-1.8369701987210297e-16,-0.7818314824680299,0.6234898018587334
2023-10-29 19:00:00,54.88973770376681,5.18788544028993,67.06005259380845,19,6,10,1,-0.9659258262890684,0.2588190451025203,-0.7818314824680299,0.6234898018587334
2023-10-29 20:00:00,66.46672112058533,6.120525942482555,65.13311438515163,20,6,10,1,-0.8660254037844386,0.5000000000000001,-0.7818314824680299,0.6234898018587334
2023-10-29 21:00:00,62.7098757097333,4.376639406188838,67.8864622552345,21,6,10,1,-0.7071067811865477,0.7071067811865474,-0.7818314824680299,0.6234898018587334
2023-10-29 22:00:00,62.09810031577111,7.77026017032663,66.00989499174591,22,6,10,1,-0.5000000000000004,0.8660254037844384,-0.7818314824680299,0.6234898018587334
2023-10-29 23:00:00,72.03652537999258,7.494625499152767,65.18958297699322,23,6,10,1,-0.25881904510252157,0.9659258262890681,-0.7818314824680299,0.6234898018587334
2023-10-30 00:00:00,94.68779643323008,9.681637126920878,60.58898701971291,0,0,10,0,0.0,1.0,0.0,1.0
2023-10-30 01:00:00,98.63363158991106,9.409282748162099,60.53551680798427,1,0,10,0,0.25881904510252074,0.9659258262890683,0.0,1.0
2023-10-30 02:00:00,106.13014622451229,8.881408858465832,60.488713016614476,2,0,10,0,0.49999999999999994,0.8660254037844387,0.0,1.0
2023-10-30 03:00:00,98.7171959709061,11.428451275585731,62.630587356896086,3,0,10,0,0.7071067811865475,0.7071067811865476,0.0,1.0
2023-10-30 04:00:00,109.41504726549356,13.666350989357325,57.96105751892823,4,0,10,0,0.8660254037844386,0.5000000000000001,0.0,1.0
2023-10-30 05:00:00,114.7032674055203,13.695876387329394,53.43201220310387,5,0,10,0,0.9659258262890683,0.25881904510252074,0.0,1.0
2023-10-30 06:00:00,117.38359796857823,13.287479249559658,57.04129782815684,6,0,10,0,1.0,6.123233995736766e-17,0.0,1.0
2023-10-30 07:00:00,104.33464354187352,14.451984033229355,55.94706787060908,7,0,10,0,0.9659258262890683,-0.25881904510252063,0.0,1.0
2023-10-30 08:00:00,132.64385849563183,12.399793544878982,51.04526182007113,8,0,10,0,0.8660254037844387,-0.4999999999999998,0.0,1.0
2023-10-30 09:00:00,121.33466567736518,12.153924544326584,52.45950500915125,9,0,10,0,0.7071067811865476,-0.7071067811865475,0.0,1.0
2023-10-30 10:00:00,120.28658096558082,10.521432629016978,59.03814727384934,10,0,10,0,0.49999999999999994,-0.8660254037844387,0.0,1.0
2023-10-30 11:00:00,128.5128285222579,11.711286094097835,60.73809865411206,11,0,10,0,0.258819045102521,-0.9659258262890682,0.0,1.0
2023-10-30 12:00:00,114.81229418252444,9.678375770140214,61.353366905716534,12,0,10,0,1.2246467991473532e-16,-1.0,0.0,1.0
2023-10-30 13:00:00,93.11361858709611,7.370369602887426,66.4430757557641,13,0,10,0,-0.2588190451025208,-0.9659258262890683,0.0,1.0
2023-10-30 14:00:00,91.69222499334161,5.007538328765861,62.43217881890513,14,0,10,0,-0.4999999999999997,-0.8660254037844388,0.0,1.0
2023-10-30 15:00:00,92.32215654156369,8.07009773615887,62.32167144534188,15,0,10,0,-0.7071067811865471,-0.7071067811865479,0.0,1.0
2023-10-30 16:00:00,92.96054995764715,4.660883756642853,64.95669166195883,16,0,10,0,-0.8660254037844384,-0.5000000000000004,0.0,1.0
2023-10-30 17:00:00,74.89845766463503,5.4854761721356144,66.20384289675397,17,0,10,0,-0.9659258262890683,-0.25881904510252063,0.0,1.0
2023-10-30 18:00:00,88.35929903572968,8.769982473274425,68.06315639186006,18,0,10,0,-1.0,-1.8369701987210297e-16,0.0,1.0
2023-10-30 19:00:00,66.64181743011822,6.579643956001257,65.64025071575334,19,0,10,0,-0.9659258262890684,0.2588190451025203,0.0,1.0
2023-10-30 20:00:00,71.50288346729224,8.1937057166603,61.00858958381396,20,0,10,0,-0.8660254037844386,0.5000000000000001,0.0,1.0
2023-10-30 21:00:00,84.31055359508747,5.605468604999653,58.772340672736156,21,0,10,0,-0.7071067811865477,0.7071067811865474,0.0,1.0
2023-10-30 22:00:00,73.14558456253904,8.847547543787876,65.60709360266539,22,0,10,0,-0.5000000000000004,0.8660254037844384,0.0,1.0
2023-10-30 23:00:00,80.36047427276274,8.245810257575318,60.40346578687026,23,0,10,0,-0.25881904510252157,0.9659258262890681,0.0,1.0
2023-10-31 00:00:00,103.58712130977779,9.874461833856902,56.44663534949163,0,1,10,0,0.0,1.0,0.7818314824680298,0.6234898018587336
2023-10-31 01:00:00,101.61546575139803,13.391975202673454,62.78460896502973,1,1,10,0,0.25881904510252074,0.9659258262890683,0.7818314824680298,0.6234898018587336
2023-10-31 02:00:00,99.10365537846165,10.90746771647947,64.09824243905335,2,1,10,0,0.49999999999999994,0.8660254037844387,0.7818314824680298,0.6234898018587336
2023-10-31 03:00:00,105.87393703404676,12.182745257965022,57.93668303017965,3,1,10,0,0.7071067811865475,0.7071067811865476,0.7818314824680298,0.6234898018587336
2023-10-31 04:00:00,109.71224296283272,11.434716090579839,58.07186730515616,4,1,10,0,0.8660254037844386,0.5000000000000001,0.7818314824680298,0.6234898018587336
2023-10-31 05:00:00,115.18588151999917,14.521842591722416,57.497892067123814,5,1,10,0,0.9659258262890683,0.25881904510252074,0.7818314824680298,0.6234898018587336
2023-10-31 06:00:00,115.04947484169463,12.484496105274076,49.52324890161823,6,1,10,0,1.0,6.123233995736766e-17,0.7818314824680298,0.6234898018587336
2023-10-31 07:00:00,109.60606140218448,14.72320538158862,59.333102197458054,7,1,10,0,0.9659258262890683,-0.25881904510252063,0.7818314824680298,0.6234898018587336
2023-10-31 08:00:00,124.2477222027939,10.314668205224507,60.98619221623274,8,1,10,0,0.8660254037844387,-0.4999999999999998,0.7818314824680298,0.6234898018587336
2023-10-31 09:00:00,122.2478990411252,12.976820685200629,63.730456185268494,9,1,10,0,0.7071067811865476,-0.7071067811865475,0.7818314824680298,0.6234898018587336
2023-10-31 10:00:00,118.36422744385428,10.359896493609446,58.14983990152111,10,1,10,0,0.49999999999999994,-0.8660254037844387,0.7818314824680298,0.6234898018587336
2023-10-31 11:00:00,123.10242295094815,11.456489092109429,57.5044235207456,11,1,10,0,0.258819045102521,-0.9659258262890682,0.7818314824680298,0.6234898018587336
2023-10-31 12:00:00,104.14404067063452,9.305097693422686,66.53837189379283,12,1,10,0,1.2246467991473532e-16,-1.0,0.7818314824680298,0.6234898018587336
2023-10-31 13:00:00,99.66117168565412,7.487151899991509,65.51234478180457,13,1,10,0,-0.2588190451025208,-0.9659258262890683,0.7818314824680298,0.6234898018587336
2023-10-31 14:00:00,102.24905487514351,6.745597027390037,68.08669045598653,14,1,10,0,-0.4999999999999997,-0.8660254037844388,0.7818314824680298,0.6234898018587336
2023-10-31 15:00:00,91.99689795636782,5.22142687786988,64.7641109454336,15,1,10,0,-0.7071067811865471,-0.7071067811865479,0.7818314824680298,0.6234898018587336
2023-10-31 16:00:00,86.53292286381188,7.118016470547564,68.47353900649176,16,1,10,0,-0.8660254037844384,-0.5000000000000004,0.7818314824680298,0.6234898018587336
2023-10-31 17:00:00,78.23707184536887,3.8887771234096338,65.09805453308863,17,1,10,0,-0.9659258262890683,-0.25881904510252063,0.7818314824680298,0.6234898018587336
2023-10-31 18:00:00,82.54180616364893,4.924818494604833,68.44697987148814,18,1,10,0,-1.0,-1.8369701987210297e-16,0.7818314824680298,0.6234898018587336
2023-10-31 19:00:00,72.16403895871221,5.979592517101466,67.21459125997083,19,1,10,0,-0.9659258262890684,0.2588190451025203,0.7818314824680298,0.6234898018587336
2023-10-31 20:00:00,66.56236782149526,8.281576625739053,74.6895135867024,20,1,10,0,-0.8660254037844386,0.5000000000000001,0.7818314824680298,0.6234898018587336
2023-10-31 21:00:00,71.90699648681785,6.483061426620117,68.35122915139553,21,1,10,0,-0.7071067811865477,0.7071067811865474,0.7818314824680298,0.6234898018587336
2023-10-31 22:00:00,78.4612083047466,6.961670572896366,59.00668038003457,22,1,10,0,-0.5000000000000004,0.8660254037844384,0.7818314824680298,0.6234898018587336
2023-10-31 23:00:00,83.17841134247081,8.700612569967983,64.01094732736698,23,1,10,0,-0.25881904510252157,0.9659258262890681,0.7818314824680298,0.6234898018587336
2023-11-01 00:00:00,78.2203826070946,6.302164093730324,63.79008414460586,0,2,11,0,0.0,1.0,0.9749279121818236,-0.22252093395631434
2023-11-01 01:00:00,96.1905204846351,8.649668046615972,59.71077600498925,1,2,11,0,0.25881904510252074,0.9659258262890683,0.9749279121818236,-0.22252093395631434
2023-11-01 02:00:00,105.11294489505123,10.849310668924293,56.37729363162365,2,2,11,0,0.49999999999999994,0.8660254037844387,0.9749279121818236,-0.22252093395631434
2023-11-01 03:00:00,112.84772246298,11.171333815889179,60.42447872388427,3,2,11,0,0.7071067811865475,0.7071067811865476,0.9749279121818236,-0.22252093395631434
2023-11-01 04:00:00,110.38799607180832,10.475212098514605,54.60525652845131,4,2,11,0,0.8660254037844386,0.5000000000000001,0.9749279121818236,-0.22252093395631434
2023-11-01 05:00:00,113.03937149933071,14.56273169914962,58.61634738052317,5,2,11,0,0.9659258262890683,0.25881904510252074,0.9749279121818236,-0.22252093395631434
2023-11-01 06:00:00,125.9364828805461,13.801995511577951,53.54793979867643,6,2,11,0,1.0,6.123233995736766e-17,0.9749279121818236,-0.22252093395631434
2023-11-01 07:00:00,118.37557749465836,13.486461593322003,55.288312293434984,7,2,11,0,0.9659258262890683,-0.25881904510252063,0.9749279121818236,-0.22252093395631434
2023-11-01 08:00:00,128.12175688913965,11.835475305648163,60.35786900139225,8,2,11,0,0.8660254037844387,-0.4999999999999998,0.9749279121818236,-0.22252093395631434
2023-11-01 09:00:00,126.1436767630554,12.359876988983656,59.910452837754086,9,2,11,0,0.7071067811865476,-0.7071067811865475,0.9749279121818236,-0.22252093395631434
2023-11-01 10:00:00,123.81409535318882,12.184034606403557,59.77983466281543,10,2,11,0,0.49999999999999994,-0.8660254037844387,0.9749279121818236,-0.22252093395631434
2023-11-01 11:00:00,110.54134518535902,10.050292516797132,61.04294536082831,11,2,11,0,0.258819045102521,-0.9659258262890682,0.9749279121818236,-0.22252093395631434
2023-11-01 12:00:00,109.71844312091467,10.079218776102516,62.95723070116559,12,2,11,0,1.2246467991473532e-16,-1.0,0.9749279121818236,-0.22252093395631434
2023-11-01 13:00:00,100.56039001913398,7.182993514094213,61.863860337957874,13,2,11,0,-0.2588190451025208,-0.9659258262890683,0.9749279121818236,-0.22252093395631434
2023-11-01 14:00:00,101.21456234063602,7.558588386726539,61.13547939864191,14,2,11,0,-0.4999999999999997,-0.8660254037844388,0.9749279121818236,-0.22252093395631434
2023-11-01 15:00:00,99.0181701406173,8.29768071688493,68.6357308487441,15,2,11,0,-0.7071067811865471,-0.7071067811865479,0.9749279121818236,-0.22252093395631434
2023-11-01 16:00:00,92.78661091528231,7.796288357468274,72.47202373634313,16,2,11,0,-0.8660254037844384,-0.5000000000000004,0.9749279121818236,-0.22252093395631434
2023-11-01 17:00:00,89.93411545092061,7.540040319510189,70.29382492624174,17,2,11,0,-0.9659258262890683,-0.25881904510252063,0.9749279121818236,-0.22252093395631434
2023-11-01 18:00:00,75.5621333172348,5.840713040391344,69.44808842871367,18,2,11,0,-1.0,-1.8369701987210297e-16,0.9749279121818236,-0.22252093395631434
2023-11-01 19:00:00,66.57324679522654,5.596078044372313,64.85555390842106,19,2,11,0,-0.9659258262890684,0.2588190451025203,0.9749279121818236,-0.22252093395631434
2023-11-01 20:00:00,57.03141027279806,5.275075427865093,70.51324641731256,20,2,11,0,-0.8660254037844386,0.5000000000000001,0.9749279121818236,-0.22252093395631434
2023-11-01 21:00:00,72.39718553638197,3.872706157719653,68.3723950314058,21,2,11,0,-0.7071067811865477,0.7071067811865474,0.9749279121818236,-0.22252093395631434
2023-11-01 22:00:00,72.42004995113332,5.395010872641229,67.96601068442483,22,2,11,0,-0.5000000000000004,0.8660254037844384,0.9749279121818236,-0.22252093395631434
2023-11-01 23:00:00,81.22539469844322,8.125001778883993,67.34015848449509,23,2,11,0,-0.25881904510252157,0.9659258262890681,0.9749279121818236,-0.22252093395631434
2023-11-02 00:00:00,84.4661624788465,9.339396411032077,67.66418653076656,0,3,11,0,0.0,1.0,0.43388373911755823,-0.900968867902419
2023-11-02 01:00:00,109.93199274729228,12.655439808344543,58.00908580708263,1,3,11,0,0.25881904510252074,0.9659258262890683,0.43388373911755823,-0.900968867902419
2023-11-02 02:00:00,110.2340908101618,13.47402777878816,56.03923482796889,2,3,11,0,0.49999999999999994,0.8660254037844387,0.43388373911755823,-0.900968867902419
2023-11-02 03:00:00,106.08273936294894,11.300526997241034,59.107987094232044,3,3,11,0,0.7071067811865475,0.7071067811865476,0.43388373911755823,-0.900968867902419
2023-11-02 04:00:00,117.50165826149862,14.193419272496003,54.94245870027631,4,3,11,0,0.8660254037844386,0.5000000000000001,0.43388373911755823,-0.900968867902419
2023-11-02 05:00:00,117.02278202461538,12.649929093020129,53.82349813055904,5,3,11,0,0.9659258262890683,0.25881904510252074,0.43388373911755823,-0.900968867902419
2023-11-02 06:00:00,115.3345726438547,14.525753599230423,60.56645288286884,6,3,11,0,1.0,6.123233995736766e-17,0.43388373911755823,-0.900968867902419
2023-11-02 07:00:00,125.82664982206371,14.574558982041113,54.083422886573935,7,3,11,0,0.9659258262890683,-0.25881904510252063,0.43388373911755823,-0.900968867902419
2023-11-02 08:00:00,140.9042156066632,14.829069918084084,57.67681180732301,8,3,11,0,0.8660254037844387,-0.4999999999999998,0.43388373911755823,-0.900968867902419
2023-11-02 09:00:00,129.08016549522478,11.591291177296867,53.769247754022416,9,3,11,0,0.7071067811865476,-0.7071067811865475,0.43388373911755823,-0.900968867902419
2023-11-02 10:00:00,120.74782988192355,13.023284615496108,60.09528281715997,10,3,11,0,0.49999999999999994,-0.8660254037844387,0.43388373911755823,-0.900968867902419
2023-11-02 11:00:00,109.94967111241023,7.727884210952899,64.90170402780932,11,3,11,0,0.258819045102521,-0.9659258262890682,0.43388373911755823,-0.900968867902419
2023-11-02 12:00:00,107.79397400431752,11.446152607033014,66.54544542657251,12,3,11,0,1.2246467991473532e-16,-1.0,0.43388373911755823,-0.900968867902419
2023-11-02 13:00:00,107.92021689995532,8.429027820086864,67.59405647441045,13,3,11,0,-0.2588190451025208,-0.9659258262890683,0.43388373911755823,-0.900968867902419
2023-11-02 14:00:00,104.64435701476512,7.496237087746177,65.67104972284085,14,3,11,0,-0.4999999999999997,-0.8660254037844388,0.43388373911755823,-0.900968867902419
2023-11-02 15:00:00,87.23650987159532,3.617247201442855,70.48331987347807,15,3,11,0,-0.7071067811865471,-0.7071067811865479,0.43388373911755823,-0.900968867902419
2023-11-02 16:00:00,79.75315642454193,5.454728638715897,69.39256179404614,16,3,11,0,-0.8660254037844384,-0.5000000000000004,0.43388373911755823,-0.900968867902419
2023-11-02 17:00:00,87.2445676674756,7.671344878988776,67.38488168732412,17,3,11,0,-0.9659258262890683,-0.25881904510252063,0.43388373911755823,-0.900968867902419
2023-11-02 18:00:00,81.15771915482553,4.861776247170501,70.0512701882192,18,3,11,0,-1.0,-1.8369701987210297e-16,0.43388373911755823,-0.900968867902419
2023-11-02 19:00:00,62.95823699046155,6.708319921031261,71.35874112893697,19,3,11,0,-0.9659258262890684,0.2588190451025203,0.43388373911755823,-0.900968867902419
2023-11-02 20:00:00,70.21414852876497,6.089560161158132,64.11916437881602,20,3,11,0,-0.8660254037844386,0.5000000000000001,0.43388373911755823,-0.900968867902419
2023-11-02 21:00:00,79.346615132521,8.267405669378078,63.967554711870186,21,3,11,0,-0.7071067811865477,0.7071067811865474,0.43388373911755823,-0.900968867902419
2023-11-02 22:00:00,81.90597126752462,7.789080532530908,65.47532788424222,22,3,11,0,-0.5000000000000004,0.8660254037844384,0.43388373911755823,-0.900968867902419
2023-11-02 23:00:00,90.52680154750422,7.0688356076674825,60.793805525747885,23,3,11,0,-0.25881904510252157,0.9659258262890681,0.43388373911755823,-0.900968867902419
2023-11-03 00:00:00,93.59103423575155,9.678491963428632,59.416329051155124,0,4,11,0,0.0,1.0,-0.433883739117558,-0.9009688679024191
2023-11-03 01:00:00,101.65648897844967,13.03091747961712,60.30974182404096,1,4,11,0,0.25881904510252074,0.9659258262890683,-0.433883739117558,-0.9009688679024191
2023-11-03 02:00:00,97.1069671292696,12.34028356070952,63.10038439846374,2,4,11,0,0.49999999999999994,0.8660254037844387,-0.433883739117558,-0.9009688679024191
2023-11-03 03:00:00,108.787535051024,12.247573607460911,61.80122956614244,3,4,11,0,0.7071067811865475,0.7071067811865476,-0.433883739117558,-0.9009688679024191
2023-11-03 04:00:00,116.7271548515652,16.441533287492934,58.89150540899679,4,4,11,0,0.8660254037844386,0.5000000000000001,-0.433883739117558,-0.9009688679024191
2023-11-03 05:00:00,117.59531895260594,15.196342802653321,57.869705321114175,5,4,11,0,0.9659258262890683,0.25881904510252074,-0.433883739117558,-0.9009688679024191
2023-11-03 06:00:00,112.26000996032678,14.818916816752907,63.386852595087056,6,4,11,0,1.0,6.123233995736766e-17,-0.433883739117558,-0.9009688679024191
2023-11-03 07:00:00,114.84789530708461,13.933532946678053,55.71080943471122,7,4,11,0,0.9659258262890683,-0.25881904510252063,-0.433883739117558,-0.9009688679024191
2023-11-03 08:00:00,136.58043419956854,14.153328310919633,58.65148729208238,8,4,11,0,0.8660254037844387,-0.4999999999999998,-0.433883739117558,-0.9009688679024191
2023-11-03 09:00:00,130.2897215054106,13.566341178175668,57.11481275509917,9,4,11,0,0.7071067811865476,-0.7071067811865475,-0.433883739117558,-0.9009688679024191
2023-11-03 10:00:00,126.02800727253668,8.319592925327012,56.26215330085602,10,4,11,0,0.49999999999999994,-0.8660254037844387,-0.433883739117558,-0.9009688679024191
2023-11-03 11:00:00,109.44677482157155,11.221496443309475,65.12614623360501,11,4,11,0,0.258819045102521,-0.9659258262890682,-0.433883739117558,-0.9009688679024191
2023-11-03 12:00:00,115.86566474814227,9.35260715465173,62.20880101149231,12,4,11,0,1.2246467991473532e-16,-1.0,-0.433883739117558,-0.9009688679024191
2023-11-03 13:00:00,97.85974190971673,7.808875353540271,66.76179748961464,13,4,11,0,-0.2588190451025208,-0.9659258262890683,-0.433883739117558,-0.9009688679024191
2023-11-03 14:00:00,96.532482229053,7.300660023588861,65.38603034037314,14,4,11,0,-0.4999999999999997,-0.8660254037844388,-0.433883739117558,-0.9009688679024191
2023-11-03 15:00:00,87.49787409312546,4.431615788675727,71.10696949055408,15,4,11,0,-0.7071067811865471,-0.7071067811865479,-0.433883739117558,-0.9009688679024191
2023-11-03 16:00:00,89.48389440313562,3.4227991784616947,65.32885972848192,16,4,11,0,-0.8660254037844384,-0.5000000000000004,-0.433883739117558,-0.9009688679024191
2023-11-03 17:00:00,91.96904831184071,7.59986626467169,72.41171040608779,17,4,11,0,-0.9659258262890683,-0.25881904510252063,-0.433883739117558,-0.9009688679024191
2023-11-03 18:00:00,89.26343440933006,6.287052673218606,71.80703341881205,18,4,11,0,-1.0,-1.8369701987210297e-16,-0.433883739117558,-0.9009688679024191
2023-11-03 19:00:00,62.29630229352503,2.110594447680525,63.53605972300933,19,4,11,0,-0.9659258262890684,0.2588190451025203,-0.433883739117558,-0.9009688679024191
2023-11-03 20:00:00,77.85252810294469,5.2651375164148515,66.76999595542566,20,4,11,0,-0.8660254037844386,0.5000000000000001,-0.433883739117558,-0.9009688679024191
2023-11-03 21:00:00,77.25324014612573,8.086216419003822,70.42954392419074,21,4,11,0,-0.7071067811865477,0.7071067811865474,-0.433883739117558,-0.9009688679024191
2023-11-03 22:00:00,60.26719948986562,7.173794383074268,71.0364001834016,22,4,11,0,-0.5000000000000004,0.8660254037844384,-0.433883739117558,-0.9009688679024191
2023-11-03 23:00:00,87.36048961481822,10.426047193942672,66.82382053637484,23,4,11,0,-0.25881904510252157,0.9659258262890681,-0.433883739117558,-0.9009688679024191
2023-11-04 00:00:00,83.51546202885801,11.262921435256875,62.150587285680366,0,5,11,1,0.0,1.0,-0.9749279121818236,-0.2225209339563146
2023-11-04 01:00:00,84.54832903089869,8.688503102785935,58.88232893943703,1,5,11,1,0.25881904510252074,0.9659258262890683,-0.9749279121818236,-0.2225209339563146
2023-11-04 02:00:00,96.07082071274245,11.473307588068675,62.04022498774968,2,5,11,1,0.49999999999999994,0.8660254037844387,-0.9749279121818236,-0.2225209339563146
2023-11-04 03:00:00,100.56056300785097,11.844586723875056,57.81955773841181,3,5,11,1,0.7071067811865475,0.7071067811865476,-0.9749279121818236,-0.2225209339563146
2023-11-04 04:00:00,96.89107554840419,11.068537909951525,56.9934256573848,4,5,11,1,0.8660254037844386,0.5000000000000001,-0.9749279121818236,-0.2225209339563146
2023-11-04 05:00:00,109.8331035014697,11.370585554215289,56.87223573466741,5,5,11,1,0.9659258262890683,0.25881904510252074,-0.9749279121818236,-0.2225209339563146
2023-11-04 06:00:00,96.60801715089264,12.47926141697933,59.98553291094582,6,5,11,1,1.0,6.123233995736766e-17,-0.9749279121818236,-0.2225209339563146
2023-11-04 07:00:00,94.21772687732059,12.590608927229237,62.964041823394886,7,5,11,1,0.9659258262890683,-0.25881904510252063,-0.9749279121818236,-0.2225209339563146
2023-11-04 08:00:00,115.2701629083381,13.577240017344721,61.22474712667948,8,5,11,1,0.8660254037844387,-0.4999999999999998,-0.9749279121818236,-0.2225209339563146
2023-11-04 09:00:00,122.91720424422378,14.083041070909742,59.126275140897185,9,5,11,1,0.7071067811865476,-0.7071067811865475,-0.9749279121818236,-0.2225209339563146
2023-11-04 10:00:00,117.43724695993495,12.458761170060477,57.64267922352822,10,5,11,1,0.49999999999999994,-0.8660254037844387,-0.9749279121818236,-0.2225209339563146
2023-11-04 11:00:00,103.31525201431887,11.849128277173243,63.790179120138,11,5,11,1,0.258819045102521,-0.9659258262890682,-0.9749279121818236,-0.2225209339563146
2023-11-04 12:00:00,93.18426849411897,9.288367004136372,68.33659009549376,12,5,11,1,1.2246467991473532e-16,-1.0,-0.9749279121818236,-0.2225209339563146
2023-11-04 13:00:00,93.28733045023847,9.557517850851173,67.90379077983924,13,5,11,1,-0.2588190451025208,-0.9659258262890683,-0.9749279121818236,-0.2225209339563146
2023-11-04 14:00:00,81.17857771672453,7.465731263956531,66.96345470750607,14,5,11,1,-0.4999999999999997,-0.8660254037844388,-0.9749279121818236,-0.2225209339563146
2023-11-04 15:00:00,85.71402309127026,6.19765803671656,66.11586148022423,15,5,11,1,-0.7071067811865471,-0.7071067811865479,-0.9749279121818236,-0.2225209339563146
2023-11-04 16:00:00,90.71082082039514,9.069843544547608,69.57193085416615,16,5,11,1,-0.8660254037844384,-0.5000000000000004,-0.9749279121818236,-0.2225209339563146
2023-11-04 17:00:00,65.96883698945344,2.328876496364402,72.59954630431308,17,5,11,1,-0.9659258262890683,-0.25881904510252063,-0.9749279121818236,-0.2225209339563146
2023-11-04 18:00:00,70.69452118159302,2.8783372903808813,70.03718826701791,18,5,11,1,-1.0,-1.8369701987210297e-16,-0.9749279121818236,-0.2225209339563146
2023-11-04 19:00:00,59.196430587230026,6.398640062386056,68.82551817974549,19,5,11,1,-0.9659258262890684,0.2588190451025203,-0.9749279121818236,-0.2225209339563146
2023-11-04 20:00:00,67.2139585249134,5.826718598405493,66.4746800524562,20,5,11,1,-0.8660254037844386,0.5000000000000001,-0.9749279121818236,-0.2225209339563146
2023-11-04 21:00:00,64.84776866430634,4.704390086345348,75.3511820567866,21,5,11,1,-0.7071067811865477,0.7071067811865474,-0.9749279121818236,-0.2225209339563146
2023-11-04 22:00:00,65.92879423324246,6.106377309596269,63.667467402733,22,5,11,1,-0.5000000000000004,0.8660254037844384,-0.9749279121818236,-0.2225209339563146
2023-11-04 23:00:00,74.49390764118675,7.266408860639164,61.94310370368843,23,5,11,1,-0.25881904510252157,0.9659258262890681,-0.9749279121818236,-0.2225209339563146
2023-11-05 00:00:00,88.52735832576661,11.123739272672225,64.04592668580209,0,6,11,1,0.0,1.0,-0.7818314824680299,0.6234898018587334
2023-11-05 01:00:00,94.05453610850155,12.639126293982596,61.3949371887372,1,6,11,1,0.25881904510252074,0.9659258262890683,-0.7818314824680299,0.6234898018587334
2023-11-05 02:00:00,92.86087603974563,14.244578314821782,63.62352227172534,2,6,11,1,0.49999999999999994,0.8660254037844387,-0.7818314824680299,0.6234898018587334
2023-11-05 03:00:00,84.33117562355037,10.230144758408038,62.48233003989183,3,6,11,1,0.7071067811865475,0.7071067811865476,-0.7818314824680299,0.6234898018587334
2023-11-05 04:00:00,99.1159293747833,11.19865078334631,54.71459315853999,4,6,11,1,0.8660254037844386,0.5000000000000001,-0.7818314824680299,0.6234898018587334
2023-11-05 05:00:00,105.23830031553501,11.495498060381344,55.49138725261166,5,6,11,1,0.9659258262890683,0.25881904510252074,-0.7818314824680299,0.6234898018587334
2023-11-05 06:00:00,110.46784860081172,15.71851997563087,54.92739905232982,6,6,11,1,1.0,6.123233995736766e-17,-0.7818314824680299,0.6234898018587334
2023-11-05 07:00:00,100.83376539700292,14.274774453761422,60.11166146879288,7,6,11,1,0.9659258262890683,-0.25881904510252063,-0.7818314824680299,0.6234898018587334
2023-11-05 08:00:00,118.56927490117691,13.369634906818192,59.64250100714529,8,6,11,1,0.8660254037844387,-0.4999999999999998,-0.7818314824680299,0.6234898018587334
2023-11-05 09:00:00,128.48546048977556,12.958104632493216,58.196517116742896,9,6,11,1,0.7071067811865476,-0.7071067811865475,-0.7818314824680299,0.6234898018587334
2023-11-05 10:00:00,106.59538486112542,11.70006705126774,61.202832687854205,10,6,11,1,0.49999999999999994,-0.8660254037844387,-0.7818314824680299,0.6234898018587334
2023-11-05 11:00:00,103.96988807850853,9.138797576276183,58.62193625052659,11,6,11,1,0.258819045102521,-0.9659258262890682,-0.7818314824680299,0.6234898018587334
2023-11-05 12:00:00,100.4079813665957,10.554993651653211,61.325976050155056,12,6,11,1,1.2246467991473532e-16,-1.0,-0.7818314824680299,0.6234898018587334
2023-11-05 13:00:00,105.25783250480112,8.470750528085242,61.20648726518433,13,6,11,1,-0.2588190451025208,-0.9659258262890683,-0.7818314824680299,0.6234898018587334
2023-11-05 14:00:00,76.54441805507521,5.984752196756916,66.99010333087746,14,6,11,1,-0.4999999999999997,-0.8660254037844388,-0.7818314824680299,0.6234898018587334
2023-11-05 15:00:00,79.82590594995901,7.818235510266753,68.22135810528383,15,6,11,1,-0.7071067811865471,-0.7071067811865479,-0.7818314824680299,0.6234898018587334
2023-11-05 16:00:00,79.24815393854071,5.682451397429219,65.79668431388171,16,6,11,1,-0.8660254037844384,-0.5000000000000004,-0.7818314824680299,0.6234898018587334
2023-11-05 17:00:00,76.58427700098657,6.262756392081648,70.61281669548143,17,6,11,1,-0.9659258262890683,-0.25881904510252063,-0.7818314824680299,0.6234898018587334
2023-11-05 18:00:00,78.34478543022256,5.597765725028817,72.72498028723099,18,6,11,1,-1.0,-1.8369701987210297e-16,-0.7818314824680299,0.6234898018587334
2023-11-05 19:00:00,67.14123787520691,7.258599320156794,66.25773903573888,19,6,11,1,-0.9659258262890684,0.2588190451025203,-0.7818314824680299,0.6234898018587334
2023-11-05 20:00:00,57.867216871120526,6.651377313181513,67.77082461409132,20,6,11,1,-0.8660254037844386,0.5000000000000001,-0.7818314824680299,0.6234898018587334
2023-11-05 21:00:00,62.30152268430879,5.631257079944455,69.33713860511948,21,6,11,1,-0.7071067811865477,0.7071067811865474,-0.7818314824680299,0.6234898018587334
2023-11-05 22:00:00,69.46008629265377,8.26823930228365,66.53452894021567,22,6,11,1,-0.5000000000000004,0.8660254037844384,-0.7818314824680299,0.6234898018587334
2023-11-05 23:00:00,76.66617892663224,9.28199137327536,60.990435921762774,23,6,11,1,-0.25881904510252157,0.9659258262890681,-0.7818314824680299,0.6234898018587334
2023-11-06 00:00:00,99.60905500799139,10.651608870984697,62.442106530436924,0,0,11,0,0.0,1.0,0.0,1.0
2023-11-06 01:00:00,103.87735014916042,12.473696972434341,60.78962013196005,1,0,11,0,0.25881904510252074,0.9659258262890683,0.0,1.0
2023-11-06 02:00:00,111.40151969671953,10.96063523216063,60.2532197123677,2,0,11,0,0.49999999999999994,0.8660254037844387,0.0,1.0
2023-11-06 03:00:00,114.61055194139593,13.714940035443377,59.138328279589146,3,0,11,0,0.7071067811865475,0.7071067811865476,0.0,1.0
2023-11-06 04:00:00,111.0033415171311,10.761485168302936,63.26634026323748,4,0,11,0,0.8660254037844386,0.5000000000000001,0.0,1.0
2023-11-06 05:00:00,103.08189326358712,13.568335492150203,57.343404396648324,5,0,11,0,0.9659258262890683,0.25881904510252074,0.0,1.0
2023-11-06 06:00:00,120.24038077003986,13.472619582714925,52.61022558362289,6,0,11,0,1.0,6.123233995736766e-17,0.0,1.0
2023-11-06 07:00:00,122.75163592165863,15.92008054535308,58.24231117686976,7,0,11,0,0.9659258262890683,-0.25881904510252063,0.0,1.0
2023-11-06 08:00:00,131.3419938542612,13.114207881599416,63.81157343547481,8,0,11,0,0.8660254037844387,-0.4999999999999998,0.0,1.0
2023-11-06 09:00:00,138.07402955148493,13.625019701929993,59.02048450725525,9,0,11,0,0.7071067811865476,-0.7071067811865475,0.0,1.0
2023-11-06 10:00:00,121.95558818478439,9.241941475617553,59.450211682261696,10,0,11,0,0.49999999999999994,-0.8660254037844387,0.0,1.0
2023-11-06 11:00:00,110.50567579795397,10.392248643303601,61.29618662516659,11,0,11,0,0.258819045102521,-0.9659258262890682,0.0,1.0
2023-11-06 12:00:00,109.73131046207605,8.61506960877602,65.51690731537025,12,0,11,0,1.2246467991473532e-16,-1.0,0.0,1.0
2023-11-06 13:00:00,115.77936101178746,12.562599914459593,64.38926103202036,13,0,11,0,-0.2588190451025208,-0.9659258262890683,0.0,1.0
2023-11-06 14:00:00,95.68262335726166,6.884414274244354,62.21764342884779,14,0,11,0,-0.4999999999999997,-0.8660254037844388,0.0,1.0
2023-11-06 15:00:00,92.0475509533211,7.166100894172379,65.99178247624224,15,0,11,0,-0.7071067811865471,-0.7071067811865479,0.0,1.0
2023-11-06 16:00:00,93.09822365807347,6.61037149820139,68.76655180253856,16,0,11,0,-0.8660254037844384,-0.5000000000000004,0.0,1.0
2023-11-06 17:00:00,80.69470269837238,3.636688668365136,71.16690129738603,17,0,11,0,-0.9659258262890683,-0.25881904510252063,0.0,1.0
2023-11-06 18:00:00,90.3385047238164,5.095556294111718,68.01638877466371,18,0,11,0,-1.0,-1.8369701987210297e-16,0.0,1.0
2023-11-06 19:00:00,70.59667607833585,6.628055873743998,68.6713857906217,19,0,11,0,-0.9659258262890684,0.2588190451025203,0.0,1.0
2023-11-06 20:00:00,59.75330646447059,6.549091207650562,69.0954019706498,20,0,11,0,-0.8660254037844386,0.5000000000000001,0.0,1.0
2023-11-06 21:00:00,69.6442890142646,3.6055658271682933,65.67484341464568,21,0,11,0,-0.7071067811865477,0.7071067811865474,0.0,1.0
2023-11-06 22:00:00,76.29228718240961,7.034122243169486,66.48923237129772,22,0,11,0,-0.5000000000000004,0.8660254037844384,0.0,1.0
2023-11-06 23:00:00,90.9600953686041,10.380565721686642,66.7190222249676,23,0,11,0,-0.25881904510252157,0.9659258262890681,0.0,1.0
2023-11-07 00:00:00,98.55755453658392,10.868723509222633,60.413224096285454,0,1,11,0,0.0,1.0,0.7818314824680298,0.6234898018587336
2023-11-07 01:00:00,97.35985471346434,12.84871532640112,63.33916615841907,1,1,11,0,0.25881904510252074,0.9659258262890683,0.7818314824680298,0.6234898018587336
2023-11-07 02:00:00,105.37651254324273,10.507918112118293,57.701792296962694,2,1,11,0,0.49999999999999994,0.8660254037844387,0.7818314824680298,0.6234898018587336
2023-11-07 03:00:00,118.708091843866,14.736210545918007,56.519200403460644,3,1,11,0,0.7071067811865475,0.7071067811865476,0.7818314824680298,0.6234898018587336
2023-11-07 04:00:00,117.74286629690894,13.383881660957213,56.78817334594468,4,1,11,0,0.8660254037844386,0.5000000000000001,0.7818314824680298,0.6234898018587336
2023-11-07 05:00:00,123.93924554887863,16.238426174817914,62.27341378056734,5,1,11,0,0.9659258262890683,0.25881904510252074,0.7818314824680298,0.6234898018587336
2023-11-07 06:00:00,115.81773105797693,13.99134576937889,52.827175834734234,6,1,11,0,1.0,6.123233995736766e-17,0.7818314824680298,0.6234898018587336
2023-11-07 07:00:00,111.19357616665742,10.778879184338033,56.785314694212765,7,1,11,0,0.9659258262890683,-0.25881904510252063,0.7818314824680298,0.6234898018587336
2023-11-07 08:00:00,123.98506834527812,14.724372590351702,58.69720940363942,8,1,11,0,0.8660254037844387,-0.4999999999999998,0.7818314824680298,0.6234898018587336
2023-11-07 09:00:00,131.18738091004695,12.149545726037456,63.2316049336029,9,1,11,0,0.7071067811865476,-0.7071067811865475,0.7818314824680298,0.6234898018587336
2023-11-07 10:00:00,119.46496706914611,11.422044701200505,66.81653988976768,10,1,11,0,0.49999999999999994,-0.8660254037844387,0.7818314824680298,0.6234898018587336
2023-11-07 11:00:00,113.54221246023413,8.842020652058661,61.15372428472379,11,1,11,0,0.258819045102521,-0.9659258262890682,0.7818314824680298,0.6234898018587336
2023-11-07 12:00:00,113.97270468415127,12.419688366762294,65.59079292777031,12,1,11,0,1.2246467991473532e-16,-1.0,0.7818314824680298,0.6234898018587336
2023-11-07 13:00:00,105.52460592860913,8.169461177138876,65.24197489537327,13,1,11,0,-0.2588190451025208,-0.9659258262890683,0.7818314824680298,0.6234898018587336
2023-11-07 14:00:00,108.23454174622991,10.34894278062201,66.66979948337527,14,1,11,0,-0.4999999999999997,-0.8660254037844388,0.7818314824680298,0.6234898018587336
2023-11-07 15:00:00,89.9646325698617,6.5110972511177625,69.0351630296654,15,1,11,0,-0.7071067811865471,-0.7071067811865479,0.7818314824680298,0.6234898018587336
2023-11-07 16:00:00,91.39400851641633,5.13066969989156,64.41247306708433,16,1,11,0,-0.8660254037844384,-0.5000000000000004,0.7818314824680298,0.6234898018587336
2023-11-07 17:00:00,92.45539204908488,8.101979574141678,69.62461722973048,17,1,11,0,-0.9659258262890683,-0.25881904510252063,0.7818314824680298,0.6234898018587336
2023-11-07 18:00:00,73.74785203140546,5.876386994752886,71.3249888839114,18,1,11,0,-1.0,-1.8369701987210297e-16,0.7818314824680298,0.6234898018587336
2023-11-07 19:00:00,66.24559278008057,6.027327802064223,67.18897204529529,19,1,11,0,-0.9659258262890684,0.2588190451025203,0.7818314824680298,0.6234898018587336
2023-11-07 20:00:00,68.63824053281512,4.599848592690796,70.54109051006138,20,1,11,0,-0.8660254037844386,0.5000000000000001,0.7818314824680298,0.6234898018587336
2023-11-07 21:00:00,82.91772411360901,6.471526961462655,63.029989747897496,21,1,11,0,-0.7071067811865477,0.7071067811865474,0.7818314824680298,0.6234898018587336
2023-11-07 22:00:00,88.00929513804299,8.629432853699727,67.25341329588323,22,1,11,0,-0.5000000000000004,0.8660254037844384,0.7818314824680298,0.6234898018587336
2023-11-07 23:00:00,73.99639619928645,7.002342947204865,69.55216479145332,23,1,11,0,-0.25881904510252157,0.9659258262890681,0.7818314824680298,0.6234898018587336
2023-11-08 00:00:00,96.91838487059492,9.2819118911745,63.52252573268135,0,2,11,0,0.0,1.0,0.9749279121818236,-0.22252093395631434
2023-11-08 01:00:00,105.31471556979179,10.495149956731122,59.690851338141854,1,2,11,0,0.25881904510252074,0.9659258262890683,0.9749279121818236,-0.22252093395631434
2023-11-08 02:00:00,110.4825143622753,12.190204639503222,56.902883066065726,2,2,11,0,0.49999999999999994,0.8660254037844387,0.9749279121818236,-0.22252093395631434
2023-11-08 03:00:00,104.29794088488,15.13831002563581,61.107228515427835,3,2,11,0,0.7071067811865475,0.7071067811865476,0.9749279121818236,-0.22252093395631434
2023-11-08 04:00:00,109.67714687518502,13.104715348095505,61.76619282606692,4,2,11,0,0.8660254037844386,0.5000000000000001,0.9749279121818236,-0.22252093395631434
2023-11-08 05:00:00,116.08018976368189,12.918495743969656,58.21445782517479,5,2,11,0,0.9659258262890683,0.25881904510252074,0.9749279121818236,-0.22252093395631434
2023-11-08 06:00:00,125.74641679179366,18.21009938046923,56.787223452515796,6,2,11,0,1.0,6.123233995736766e-17,0.9749279121818236,-0.22252093395631434
2023-11-08 07:00:00,108.80364893925083,13.304468707303354,52.59001849888023,7,2,11,0,0.9659258262890683,-0.25881904510252063,0.9749279121818236,-0.22252093395631434
2023-11-08 08:00:00,131.01504000109495,13.268657805816186,59.354231681579286,8,2,11,0,0.8660254037844387,-0.4999999999999998,0.9749279121818236,-0.22252093395631434
2023-11-08 09:00:00,124.65082729192551,12.382201003391867,57.86785512123414,9,2,11,0,0.7071067811865476,-0.7071067811865475,0.9749279121818236,-0.22252093395631434
2023-11-08 10:00:00,127.1667900709154,11.675389780767784,59.28299528825757,10,2,11,0,0.49999999999999994,-0.8660254037844387,0.9749279121818236,-0.22252093395631434
2023-11-08 11:00:00,117.49819120772648,11.242451907366252,67.4746295585214,11,2,11,0,0.258819045102521,-0.9659258262890682,0.9749279121818236,-0.22252093395631434
2023-11-08 12:00:00,119.74681825265631,11.471738148822137,58.77346995089246,12,2,11,0,1.2246467991473532e-16,-1.0,0.9749279121818236,-0.22252093395631434
2023-11-08 13:00:00,107.04846622159926,9.661248836932252,60.72793730256926,13,2,11,0,-0.2588190451025208,-0.9659258262890683,0.9749279121818236,-0.22252093395631434
2023-11-08 14:00:00,101.41900041549606,9.706186777481859,67.8722732057245,14,2,11,0,-0.4999999999999997,-0.8660254037844388,0.9749279121818236,-0.22252093395631434
2023-11-08 15:00:00,96.69465133559291,8.828159319597187,67.26500371429172,15,2,11,0,-0.7071067811865471,-0.7071067811865479,0.9749279121818236,-0.22252093395631434
2023-11-08 16:00:00,95.53678093263366,6.939269975718286,67.81804643067129,16,2,11,0,-0.8660254037844384,-0.5000000000000004,0.9749279121818236,-0.22252093395631434
2023-11-08 17:00:00,84.83799788404252,6.791308082371616,70.7918047235989,17,2,11,0,-0.9659258262890683,-0.25881904510252063,0.9749279121818236,-0.22252093395631434
2023-11-08 18:00:00,84.977545580501,7.753648446835159,70.94602316558523,18,2,11,0,-1.0,-1.8369701987210297e-16,0.9749279121818236,-0.22252093395631434
2023-11-08 19:00:00,72.11617931450611,4.560025235272228,67.05293904033857,19,2,11,0,-0.9659258262890684,0.2588190451025203,0.9749279121818236,-0.22252093395631434
2023-11-08 20:00:00,83.52968722416963,10.373758620651923,67.59935338073464,20,2,11,0,-0.8660254037844386,0.5000000000000001,0.9749279121818236,-0.22252093395631434
2023-11-08 21:00:00,76.02475636519101,6.493238611894625,68.56961015461982,21,2,11,0,-0.7071067811865477,0.7071067811865474,0.9749279121818236,-0.22252093395631434
2023-11-08 22:00:00,87.06000361193009,7.56409605007876,67.67952309657953,22,2,11,0,-0.5000000000000004,0.8660254037844384,0.9749279121818236,-0.22252093395631434
2023-11-08 23:00:00,92.66027949182423,7.23741579001149,67.18097135408026,23,2,11,0,-0.25881904510252157,0.9659258262890681,0.9749279121818236,-0.22252093395631434
2023-11-09 00:00:00,97.21299595597553,8.423815277360642,62.63166684579379,0,3,11,0,0.0,1.0,0.43388373911755823,-0.900968867902419
2023-11-09 01:00:00,98.31601094845139,12.693368773036926,63.86939193143657,1,3,11,0,0.25881904510252074,0.9659258262890683,0.43388373911755823,-0.900968867902419
2023-11-09 02:00:00,114.89408388482211,15.602331405755617,64.23220181606136,2,3,11,0,0.49999999999999994,0.8660254037844387,0.43388373911755823,-0.900968867902419
2023-11-09 03:00:00,110.048452629218,12.174608447825907,60.279095719891274,3,3,11,0,0.7071067811865475,0.7071067811865476,0.43388373911755823,-0.900968867902419
2023-11-09 04:00:00,113.5664466911116,14.18211789662127,58.876520809025976,4,3,11,0,0.8660254037844386,0.5000000000000001,0.43388373911755823,-0.900968867902419
2023-11-09 05:00:00,115.06633011895336,14.390994688016757,57.87897360016036,5,3,11,0,0.9659258262890683,0.25881904510252074,0.43388373911755823,-0.900968867902419
2023-11-09 06:00:00,123.8875351720115,15.697408332917377,56.52899640608086,6,3,11,0,1.0,6.123233995736766e-17,0.43388373911755823,-0.900968867902419
2023-11-09 07:00:00,129.81641862321612,17.38881649122461,55.771665942793796,7,3,11,0,0.9659258262890683,-0.25881904510252063,0.43388373911755823,-0.900968867902419
2023-11-09 08:00:00,145.1710509590713,15.942603231402373,58.290591209252774,8,3,11,0,0.8660254037844387,-0.4999999999999998,0.43388373911755823,-0.900968867902419
2023-11-09 09:00:00,131.2772193106128,12.667479692567309,61.490914673955594,9,3,11,0,0.7071067811865476,-0.7071067811865475,0.43388373911755823,-0.900968867902419
2023-11-09 10:00:00,130.1562971628894,12.990192942856691,58.71369444719587,10,3,11,0,0.49999999999999994,-0.8660254037844387,0.43388373911755823,-0.900968867902419
2023-11-09 11:00:00,118.99776382974007,12.174404433815663,62.602042832381095,11,3,11,0,0.258819045102521,-0.9659258262890682,0.43388373911755823,-0.900968867902419
2023-11-09 12:00:00,112.94912655760581,10.16690554254081,63.806848757098386,12,3,11,0,1.2246467991473532e-16,-1.0,0.43388373911755823,-0.900968867902419
2023-11-09 13:00:00,91.25900428600056,7.51786110863706,71.26749029873818,13,3,11,0,-0.2588190451025208,-0.9659258262890683,0.43388373911755823,-0.900968867902419
2023-11-09 14:00:00,98.22791596410978,6.998877161447709,69.54949275216393,14,3,11,0,-0.4999999999999997,-0.8660254037844388,0.43388373911755823,-0.900968867902419
2023-11-09 15:00:00,97.91908662768142,9.090843340939873,70.74349217691453,15,3,11,0,-0.7071067811865471,-0.7071067811865479,0.43388373911755823,-0.900968867902419
2023-11-09 16:00:00,101.23658198261855,8.60990186788756,72.33744548601405,16,3,11,0,-0.8660254037844384,-0.5000000000000004,0.43388373911755823,-0.900968867902419
2023-11-09 17:00:00,87.43003134782529,6.021987136877186,68.53963055143204,17,3,11,0,-0.9659258262890683,-0.25881904510252063,0.43388373911755823,-0.900968867902419
2023-11-09 18:00:00,90.60137775571377,6.588624580382371,74.51143470638176,18,3,11,0,-1.0,-1.8369701987210297e-16,0.43388373911755823,-0.900968867902419
2023-11-09 19:00:00,69.79165430056723,8.129233916130431,70.65422963184233,19,3,11,0,-0.9659258262890684,0.2588190451025203,0.43388373911755823,-0.900968867902419
2023-11-09 20:00:00,75.26373031948852,4.176536566104537,69.44331521934444,20,3,11,0,-0.8660254037844386,0.5000000000000001,0.43388373911755823,-0.900968867902419
2023-11-09 21:00:00,83.72190710075701,6.699085718287764,64.97961098398576,21,3,11,0,-0.7071067811865477,0.7071067811865474,0.43388373911755823,-0.900968867902419
2023-11-09 22:00:00,92.91271880790315,11.223848561516203,66.17631716907195,22,3,11,0,-0.5000000000000004,0.8660254037844384,0.43388373911755823,-0.900968867902419
2023-11-09 23:00:00,91.18979114874153,9.610726883187128,60.63625618458903,23,3,11,0,-0.25881904510252157,0.9659258262890681,0.43388373911755823,-0.900968867902419
2023-11-10 00:00:00,89.82253467383946,8.612027604105467,63.836689121553526,0,4,11,0,0.0,1.0,-0.433883739117558,-0.9009688679024191
2023-11-10 01:00:00,99.74419201654116,11.517051351931274,61.299424585732126,1,4,11,0,0.25881904510252074,0.9659258262890683,-0.433883739117558,-0.9009688679024191
2023-11-10 02:00:00,105.06973232897093,13.838005119563032,60.38618729689431,2,4,11,0,0.49999999999999994,0.8660254037844387,-0.433883739117558,-0.9009688679024191
2023-11-10 03:00:00,109.09965392556352,9.314479449913936,56.180733785930805,3,4,11,0,0.7071067811865475,0.7071067811865476,-0.433883739117558,-0.9009688679024191
2023-11-10 04:00:00,113.52317255343979,14.03438207208501,61.4958993791248,4,4,11,0,0.8660254037844386,0.5000000000000001,-0.433883739117558,-0.9009688679024191
2023-11-10 05:00:00,117.83203648534804,13.61093320442816,60.56328427108174,5,4,11,0,0.9659258262890683,0.25881904510252074,-0.433883739117558,-0.9009688679024191
2023-11-10 06:00:00,112.03313065885013,11.842854541505197,63.650578568504365,6,4,11,0,1.0,6.123233995736766e-17,-0.433883739117558,-0.9009688679024191
2023-11-10 07:00:00,109.92067215986987,14.292445919012355,63.770089883046055,7,4,11,0,0.9659258262890683,-0.25881904510252063,-0.433883739117558,-0.9009688679024191
2023-11-10 08:00:00,138.365348016904,13.565232998657702,59.85370599175836,8,4,11,0,0.8660254037844387,-0.4999999999999998,-0.433883739117558,-0.9009688679024191
2023-11-10 09:00:00,128.2940162949297,13.09814347761035,63.40880894473144,9,4,11,0,0.7071067811865476,-0.7071067811865475,-0.433883739117558,-0.9009688679024191
2023-11-10 10:00:00,127.3533637826535,11.783460800793474,62.36515881369825,10,4,11,0,0.49999999999999994,-0.8660254037844387,-0.433883739117558,-0.9009688679024191
2023-11-10 11:00:00,110.4589988464147,9.809121583639493,61.74626803995397,11,4,11,0,0.258819045102521,-0.9659258262890682,-0.433883739117558,-0.9009688679024191
2023-11-10 12:00:00,104.44010350287155,8.12364748076325,63.746881395278905,12,4,11,0,1.2246467991473532e-16,-1.0,-0.433883739117558,-0.9009688679024191
2023-11-10 13:00:00,100.30267008788563,8.234540640338599,68.05091720304742,13,4,11,0,-0.2588190451025208,-0.9659258262890683,-0.433883739117558,-0.9009688679024191
2023-11-10 14:00:00,95.61038531004245,9.594729902274718,79.8450105432368,14,4,11,0,-0.4999999999999997,-0.8660254037844388,-0.433883739117558,-0.9009688679024191
2023-11-10 15:00:00,92.13218373678971,7.827030047004548,72.32450352236839,15,4,11,0,-0.7071067811865471,-0.7071067811865479,-0.433883739117558,-0.9009688679024191
2023-11-10 16:00:00,96.26247894769496,6.73799012185298,70.51661569695446,16,4,11,0,-0.8660254037844384,-0.5000000000000004,-0.433883739117558,-0.9009688679024191
2023-11-10 17:00:00,88.90284627730027,4.882496202397112,71.82817096367602,17,4,11,0,-0.9659258262890683,-0.25881904510252063,-0.433883739117558,-0.9009688679024191
2023-11-10 18:00:00,81.13020525447345,5.7449793318793025,72.0058466587592,18,4,11,0,-1.0,-1.8369701987210297e-16,-0.433883739117558,-0.9009688679024191
2023-11-10 19:00:00,86.3586648830666,7.547884763540164,70.10592904300955,19,4,11,0,-0.9659258262890684,0.2588190451025203,-0.433883739117558,-0.9009688679024191
2023-11-10 20:00:00,71.53428629241002,7.598925759751101,72.0468038186947,20,4,11,0,-0.8660254037844386,0.5000000000000001,-0.433883739117558,-0.9009688679024191
2023-11-10 21:00:00,81.2620902198075,6.761626301755355,68.35749172002926,21,4,11,0,-0.7071067811865477,0.7071067811865474,-0.433883739117558,-0.9009688679024191
2023-11-10 22:00:00,74.0606524887179,4.388748503958914,64.54670624316574,22,4,11,0,-0.5000000000000004,0.8660254037844384,-0.433883739117558,-0.9009688679024191
2023-11-10 23:00:00,87.51632067947904,8.25830410550816,67.57914086888321,23,4,11,0,-0.25881904510252157,0.9659258262890681,-0.433883739117558,-0.9009688679024191
2023-11-11 00:00:00,86.30853822668682,9.692900138798418,66.62449636230907,0,5,11,1,0.0,1.0,-0.9749279121818236,-0.2225209339563146
2023-11-11 01:00:00,80.72039776720808,10.091559189070315,62.78815490325163,1,5,11,1,0.25881904510252074,0.9659258262890683,-0.9749279121818236,-0.2225209339563146
2023-11-11 02:00:00,103.64167047346217,11.797178240504817,62.70805899469193,2,5,11,1,0.49999999999999994,0.8660254037844387,-0.9749279121818236,-0.2225209339563146
2023-11-11 03:00:00,98.55250508988398,14.470194232253393,63.41851330698084,3,5,11,1,0.7071067811865475,0.7071067811865476,-0.9749279121818236,-0.2225209339563146
2023-11-11 04:00:00,104.10767034034298,13.825098850917358,59.42690227401173,4,5,11,1,0.8660254037844386,0.5000000000000001,-0.9749279121818236,-0.2225209339563146
2023-11-11 05:00:00,108.9830873283474,15.76518929222806,57.64191780802166,5,5,11,1,0.9659258262890683,0.25881904510252074,-0.9749279121818236,-0.2225209339563146
2023-11-11 06:00:00,103.38414464902607,12.15438378674627,56.65053662749264,6,5,11,1,1.0,6.123233995736766e-17,-0.9749279121818236,-0.2225209339563146
2023-11-11 07:00:00,105.3705118496576,13.823049133438232,58.221573582826004,7,5,11,1,0.9659258262890683,-0.25881904510252063,-0.9749279121818236,-0.2225209339563146
2023-11-11 08:00:00,109.8072783066637,10.97251036408463,64.18700822820877,8,5,11,1,0.8660254037844387,-0.4999999999999998,-0.9749279121818236,-0.2225209339563146
2023-11-11 09:00:00,123.00895107998721,12.605502745205293,59.940766619027265,9,5,11,1,0.7071067811865476,-0.7071067811865475,-0.9749279121818236,-0.2225209339563146
2023-11-11 10:00:00,111.79148094920806,10.848455732267865,62.856835206844494,10,5,11,1,0.49999999999999994,-0.8660254037844387,-0.9749279121818236,-0.2225209339563146
2023-11-11 11:00:00,112.30877544570286,13.374097345767034,62.2521355463225,11,5,11,1,0.258819045102521,-0.9659258262890682,-0.9749279121818236,-0.2225209339563146
2023-11-11 12:00:00,109.22890772913665,11.031509923979634,63.54779198069886,12,5,11,1,1.2246467991473532e-16,-1.0,-0.9749279121818236,-0.2225209339563146
2023-11-11 13:00:00,109.02726964133348,10.903909978193813,63.69349265378645,13,5,11,1,-0.2588190451025208,-0.9659258262890683,-0.9749279121818236,-0.2225209339563146
2023-11-11 14:00:00,80.43799882636043,7.772920177304982,68.07930672490181,14,5,11,1,-0.4999999999999997,-0.8660254037844388,-0.9749279121818236,-0.2225209339563146
2023-11-11 15:00:00,90.56562462260483,6.058937644793222,67.46986662459177,15,5,11,1,-0.7071067811865471,-0.7071067811865479,-0.9749279121818236,-0.2225209339563146
2023-11-11 16:00:00,75.01312983518561,5.375495808268964,73.79563109350678,16,5,11,1,-0.8660254037844384,-0.5000000000000004,-0.9749279121818236,-0.2225209339563146
2023-11-11 17:00:00,72.09636623754241,6.951397531214389,70.25153316391813,17,5,11,1,-0.9659258262890683,-0.25881904510252063,-0.9749279121818236,-0.2225209339563146
2023-11-11 18:00:00,84.34502107578177,9.132184156504511,70.64489281559867,18,5,11,1,-1.0,-1.8369701987210297e-16,-0.9749279121818236,-0.2225209339563146
2023-11-11 19:00:00,60.61607015181907,7.171812048088833,70.03349520610409,19,5,11,1,-0.9659258262890684,0.2588190451025203,-0.9749279121818236,-0.2225209339563146
2023-11-11 20:00:00,64.78523140038035,6.390688706145246,71.08782979261588,20,5,11,1,-0.8660254037844386,0.5000000000000001,-0.9749279121818236,-0.2225209339563146
2023-11-11 21:00:00,63.72859972980616,7.305358507778308,73.49385491691596,21,5,11,1,-0.7071067811865477,0.7071067811865474,-0.9749279121818236,-0.2225209339563146
2023-11-11 22:00:00,75.00877297207614,8.369991417586677,64.6591567373267,22,5,11,1,-0.5000000000000004,0.8660254037844384,-0.9749279121818236,-0.2225209339563146
2023-11-11 23:00:00,80.61992784591868,12.421629575071528,67.16482843019259,23,5,11,1,-0.25881904510252157,0.9659258262890681,-0.9749279121818236,-0.2225209339563146
2023-11-12 00:00:00,85.58787798445817,12.380691971786772,60.26649000445076,0,6,11,1,0.0,1.0,-0.7818314824680299,0.6234898018587334
2023-11-12 01:00:00,93.1606000974248,11.95549380967008,67.08954142895166,1,6,11,1,0.25881904510252074,0.9659258262890683,-0.7818314824680299,0.6234898018587334
2023-11-12 02:00:00,94.87303430389696,12.694877074743609,61.648417926684644,2,6,11,1,0.49999999999999994,0.8660254037844387,-0.7818314824680299,0.6234898018587334
2023-11-12 03:00:00,107.76547220713897,13.807736333335452,56.245452282962034,3,6,11,1,0.7071067811865475,0.7071067811865476,-0.7818314824680299,0.6234898018587334
2023-11-12 04:00:00,117.3486285022604,14.73579424209682,55.94935912881299,4,6,11,1,0.8660254037844386,0.5000000000000001,-0.7818314824680299,0.6234898018587334
2023-11-12 05:00:00,105.29019622856711,13.774185498727327,61.61894618300733,5,6,11,1,0.9659258262890683,0.25881904510252074,-0.7818314824680299,0.6234898018587334
2023-11-12 06:00:00,113.68156240360578,13.264160701969494,53.978935129882686,6,6,11,1,1.0,6.123233995736766e-17,-0.7818314824680299,0.6234898018587334
2023-11-12 07:00:00,111.01971468888779,15.94231281902302,60.01214203325351,7,6,11,1,0.9659258262890683,-0.25881904510252063,-0.7818314824680299,0.6234898018587334
2023-11-12 08:00:00,123.42506299786025,14.027354834030179,58.49103907966335,8,6,11,1,0.8660254037844387,-0.4999999999999998,-0.7818314824680299,0.6234898018587334
2023-11-12 09:00:00,115.65222961257538,14.781798151503091,60.14591488415633,9,6,11,1,0.7071067811865476,-0.7071067811865475,-0.7818314824680299,0.6234898018587334
2023-11-12 10:00:00,120.89792837853854,14.999517246199112,59.951292917373515,10,6,11,1,0.49999999999999994,-0.8660254037844387,-0.7818314824680299,0.6234898018587334
2023-11-12 11:00:00,111.49041086563645,12.346477404593873,60.56136685742769,11,6,11,1,0.258819045102521,-0.9659258262890682,-0.7818314824680299,0.6234898018587334
2023-11-12 12:00:00,100.13569998767098,11.068101842389554,63.51052106914682,12,6,11,1,1.2246467991473532e-16,-1.0,-0.7818314824680299,0.6234898018587334
2023-11-12 13:00:00,93.98391668938284,14.295367413399962,68.24165574509686,13,6,11,1,-0.2588190451025208,-0.9659258262890683,-0.7818314824680299,0.6234898018587334
2023-11-12 14:00:00,82.75629883320724,8.840809315454177,67.09508002236055,14,6,11,1,-0.4999999999999997,-0.8660254037844388,-0.7818314824680299,0.6234898018587334
2023-11-12 15:00:00,89.83130920829863,6.066031786518738,70.47916977164179,15,6,11,1,-0.7071067811865471,-0.7071067811865479,-0.7818314824680299,0.6234898018587334
2023-11-12 16:00:00,80.59019615228993,6.644339659638714,69.44226388617625,16,6,11,1,-0.8660254037844384,-0.5000000000000004,-0.7818314824680299,0.6234898018587334
2023-11-12 17:00:00,74.39010924865934,8.994102885496488,72.60211996902399,17,6,11,1,-0.9659258262890683,-0.25881904510252063,-0.7818314824680299,0.6234898018587334
2023-11-12 18:00:00,69.94457956843183,4.589028097614379,72.21765771530217,18,6,11,1,-1.0,-1.8369701987210297e-16,-0.7818314824680299,0.6234898018587334
2023-11-12 19:00:00,58.928591117621835,5.537886411648705,69.14622337939075,19,6,11,1,-0.9659258262890684,0.2588190451025203,-0.7818314824680299,0.6234898018587334
2023-11-12 20:00:00,69.68076753461744,8.72581771684947,67.30795044301884,20,6,11,1,-0.8660254037844386,0.5000000000000001,-0.7818314824680299,0.6234898018587334
2023-11-12 21:00:00,62.91093595625504,7.294421034518707,72.08242956146569,21,6,11,1,-0.7071067811865477,0.7071067811865474,-0.7818314824680299,0.6234898018587334
2023-11-12 22:00:00,83.04641177704687,8.364910442569704,65.53266535161988,22,6,11,1,-0.5000000000000004,0.8660254037844384,-0.7818314824680299,0.6234898018587334
2023-11-12 23:00:00,90.36770156063378,11.105062172820306,68.02810016447185,23,6,11,1,-0.25881904510252157,0.9659258262890681,-0.7818314824680299,0.6234898018587334
2023-11-13 00:00:00,94.56537390187667,9.5705980068792,65.25750041466584,0,0,11,0,0.0,1.0,0.0,1.0
2023-11-13 01:00:00,96.0883917979124,9.478202273487131,62.2221197518461,1,0,11,0,0.25881904510252074,0.9659258262890683,0.0,1.0
2023-11-13 02:00:00,104.53096015217938,10.562500814066336,63.45262331657935,2,0,11,0,0.49999999999999994,0.8660254037844387,0.0,1.0
2023-11-13 03:00:00,105.11983273042374,14.346927560220763,65.02521556431725,3,0,11,0,0.7071067811865475,0.7071067811865476,0.0,1.0
2023-11-13 04:00:00,121.18319964691028,14.498629526244086,61.84460511649639,4,0,11,0,0.8660254037844386,0.5000000000000001,0.0,1.0
2023-11-13 05:00:00,117.74278609575822,13.470683305597419,59.75653594099446,5,0,11,0,0.9659258262890683,0.25881904510252074,0.0,1.0
2023-11-13 06:00:00,107.69304516566785,12.90764233914944,64.02866378008432,6,0,11,0,1.0,6.123233995736766e-17,0.0,1.0
2023-11-13 07:00:00,118.41193215483185,14.103673387793114,54.3458650905441,7,0,11,0,0.9659258262890683,-0.25881904510252063,0.0,1.0
2023-11-13 08:00:00,142.8245379129524,15.784707314873604,56.63145194967119,8,0,11,0,0.8660254037844387,-0.4999999999999998,0.0,1.0
2023-11-13 09:00:00,120.8964202007311,12.220529964362447,59.52823019772343,9,0,11,0,0.7071067811865476,-0.7071067811865475,0.0,1.0
2023-11-13 10:00:00,116.63837249576922,11.651803737431297,66.42219194342182,10,0,11,0,0.49999999999999994,-0.8660254037844387,0.0,1.0
2023-11-13 11:00:00,112.05218244705044,9.895323599750657,66.43982080028462,11,0,11,0,0.258819045102521,-0.9659258262890682,0.0,1.0
2023-11-13 12:00:00,119.8676418906958,10.094710436706883,60.015363371555026,12,0,11,0,1.2246467991473532e-16,-1.0,0.0,1.0
2023-11-13 13:00:00,116.74794942314844,10.117672076024927,65.40801075819331,13,0,11,0,-0.2588190451025208,-0.9659258262890683,0.0,1.0
2023-11-13 14:00:00,110.65415544419709,11.818583505924778,64.19274202213303,14,0,11,0,-0.4999999999999997,-0.8660254037844388,0.0,1.0
2023-11-13 15:00:00,80.0228273800092,8.14407491484386,69.28551047997395,15,0,11,0,-0.7071067811865471,-0.7071067811865479,0.0,1.0
2023-11-13 16:00:00,83.76540316843067,7.1012109973668585,73.06587137151577,16,0,11,0,-0.8660254037844384,-0.5000000000000004,0.0,1.0
2023-11-13 17:00:00,106.78945781346326,8.076531374181565,73.88673818789152,17,0,11,0,-0.9659258262890683,-0.25881904510252063,0.0,1.0
2023-11-13 18:00:00,90.03822647595806,7.690153098105507,71.9682483925714,18,0,11,0,-1.0,-1.8369701987210297e-16,0.0,1.0
2023-11-13 19:00:00,56.494736215822684,5.915635243653843,69.68471577714347,19,0,11,0,-0.9659258262890684,0.2588190451025203,0.0,1.0
2023-11-13 20:00:00,91.52197676828702,10.634818265367501,70.07417524718919,20,0,11,0,-0.8660254037844386,0.5000000000000001,0.0,1.0
2023-11-13 21:00:00,68.95084843556091,7.780827617173021,71.45670252612474,21,0,11,0,-0.7071067811865477,0.7071067811865474,0.0,1.0
2023-11-13 22:00:00,81.46528790364697,9.000392750893832,75.20613217132652,22,0,11,0,-0.5000000000000004,0.8660254037844384,0.0,1.0
2023-11-13 23:00:00,86.2001740233793,10.437576470879252,63.16183756138834,23,0,11,0,-0.25881904510252157,0.9659258262890681,0.0,1.0
2023-11-14 00:00:00,104.25572461826575,11.282368168460305,70.11914877509338,0,1,11,0,0.0,1.0,0.7818314824680298,0.6234898018587336
2023-11-14 01:00:00,98.46488829086151,14.086932300762843,64.53185497993175,1,1,11,0,0.25881904510252074,0.9659258262890683,0.7818314824680298,0.6234898018587336
2023-11-14 02:00:00,101.6348026836776,11.878696508345922,64.81336057603876,2,1,11,0,0.49999999999999994,0.8660254037844387,0.7818314824680298,0.6234898018587336
2023-11-14 03:00:00,120.08243932344153,14.767060115066123,61.665458002827336,3,1,11,0,0.7071067811865475,0.7071067811865476,0.7818314824680298,0.6234898018587336
2023-11-14 04:00:00,112.11871919761589,14.474513900256097,64.36902948186284,4,1,11,0,0.8660254037844386,0.5000000000000001,0.7818314824680298,0.6234898018587336
2023-11-14 05:00:00,124.09944667093092,16.101347714861433,60.546090168375386,5,1,11,0,0.9659258262890683,0.25881904510252074,0.7818314824680298,0.6234898018587336
2023-11-14 06:00:00,125.02758040215075,14.441081442088459,57.40631558071225,6,1,11,0,1.0,6.123233995736766e-17,0.7818314824680298,0.6234898018587336
2023-11-14 07:00:00,118.5370832553643,14.101639887967467,60.90738821282992,7,1,11,0,0.9659258262890683,-0.25881904510252063,0.7818314824680298,0.6234898018587336
2023-11-14 08:00:00,129.6456538011311,15.325771463317649,63.53677351411521,8,1,11,0,0.8660254037844387,-0.4999999999999998,0.7818314824680298,0.6234898018587336
2023-11-14 09:00:00,128.22296462291618,14.128976627422036,61.11060250177232,9,1,11,0,0.7071067811865476,-0.7071067811865475,0.7818314824680298,0.6234898018587336
2023-11-14 10:00:00,125.39740590024901,11.533118163552974,56.13035857179703,10,1,11,0,0.49999999999999994,-0.8660254037844387,0.7818314824680298,0.6234898018587336
2023-11-14 11:00:00,126.81994857478799,13.817254227072347,63.45488514176855,11,1,11,0,0.258819045102521,-0.9659258262890682,0.7818314824680298,0.6234898018587336
2023-11-14 12:00:00,119.2886770333289,11.862323679703566,65.64675174169236,12,1,11,0,1.2246467991473532e-16,-1.0,0.7818314824680298,0.6234898018587336
2023-11-14 13:00:00,107.69174820448464,9.616977150886713,66.77073091066765,13,1,11,0,-0.2588190451025208,-0.9659258262890683,0.7818314824680298,0.6234898018587336
2023-11-14 14:00:00,103.7872554641402,8.061212949444204,66.86616755750862,14,1,11,0,-0.4999999999999997,-0.8660254037844388,0.7818314824680298,0.6234898018587336
2023-11-14 15:00:00,86.19809207300891,8.481328837605066,73.56429210303638,15,1,11,0,-0.7071067811865471,-0.7071067811865479,0.7818314824680298,0.6234898018587336
2023-11-14 16:00:00,99.1374370774729,8.290185837943298,63.42984988157909,16,1,11,0,-0.8660254037844384,-0.5000000000000004,0.7818314824680298,0.6234898018587336
2023-11-14 17:00:00,83.94099653592104,4.508743700928359,71.43008770066125,17,1,11,0,-0.9659258262890683,-0.25881904510252063,0.7818314824680298,0.6234898018587336
2023-11-14 18:00:00,91.47148219706003,7.327081000825124,71.67654599503679,18,1,11,0,-1.0,-1.8369701987210297e-16,0.7818314824680298,0.6234898018587336
2023-11-14 19:00:00,72.62810781817986,7.878688365504904,77.43271552823934,19,1,11,0,-0.9659258262890684,0.2588190451025203,0.7818314824680298,0.6234898018587336
2023-11-14 20:00:00,61.36120943610857,3.7707851019514647,70.50544681130987,20,1,11,0,-0.8660254037844386,0.5000000000000001,0.7818314824680298,0.6234898018587336
2023-11-14 21:00:00,76.50695797327003,8.22941698041262,70.93212822186528,21,1,11,0,-0.7071067811865477,0.7071067811865474,0.7818314824680298,0.6234898018587336
2023-11-14 22:00:00,90.94603267972298,9.805473318634244,68.72763836397087,22,1,11,0,-0.5000000000000004,0.8660254037844384,0.7818314824680298,0.6234898018587336
2023-11-14 23:00:00,91.60210810298865,10.599600908027607,67.18879976585816,23,1,11,0,-0.25881904510252157,0.9659258262890681,0.7818314824680298,0.6234898018587336
2023-11-15 00:00:00,94.1117281919174,12.087106309353487,70.8267890130024,0,2,11,0,0.0,1.0,0.9749279121818236,-0.22252093395631434
2023-11-15 01:00:00,96.99966276091472,11.42736006956496,60.65003722627439,1,2,11,0,0.25881904510252074,0.9659258262890683,0.9749279121818236,-0.22252093395631434
2023-11-15 02:00:00,109.05071827676306,11.323574125169065,60.53629772778934,2,2,11,0,0.49999999999999994,0.8660254037844387,0.9749279121818236,-0.22252093395631434
2023-11-15 03:00:00,99.88033746381821,11.012244404280345,63.55778592733207,3,2,11,0,0.7071067811865475,0.7071067811865476,0.9749279121818236,-0.22252093395631434
2023-11-15 04:00:00,119.08169239838715,15.985870253172092,61.11228078907958,4,2,11,0,0.8660254037844386,0.5000000000000001,0.9749279121818236,-0.22252093395631434
2023-11-15 05:00:00,119.89809621109941,15.801735323030037,58.892670928918406,5,2,11,0,0.9659258262890683,0.25881904510252074,0.9749279121818236,-0.22252093395631434
2023-11-15 06:00:00,126.12369177832018,16.63616717342495,59.32623892670382,6,2,11,0,1.0,6.123233995736766e-17,0.9749279121818236,-0.22252093395631434
2023-11-15 07:00:00,113.13548838149926,13.659425044072306,62.48413104150276,7,2,11,0,0.9659258262890683,-0.25881904510252063,0.9749279121818236,-0.22252093395631434
2023-11-15 08:00:00,135.29866075263152,15.55329002625805,61.79702876221039,8,2,11,0,0.8660254037844387,-0.4999999999999998,0.9749279121818236,-0.22252093395631434
2023-11-15 09:00:00,123.96556859357759,11.457839473993241,59.156383031618866,9,2,11,0,0.7071067811865476,-0.7071067811865475,0.9749279121818236,-0.22252093395631434
2023-11-15 10:00:00,122.15110237459886,11.579193439117532,63.25124115151794,10,2,11,0,0.49999999999999994,-0.8660254037844387,0.9749279121818236,-0.22252093395631434
2023-11-15 11:00:00,121.7439150164387,12.10767578235409,63.83559026844918,11,2,11,0,0.258819045102521,-0.9659258262890682,0.9749279121818236,-0.22252093395631434
2023-11-15 12:00:00,113.00578458078343,11.87824522192188,66.94917722586632,12,2,11,0,1.2246467991473532e-16,-1.0,0.9749279121818236,-0.22252093395631434
2023-11-15 13:00:00,110.97262096784361,12.366676268617702,66.12759265922023,13,2,11,0,-0.2588190451025208,-0.9659258262890683,0.9749279121818236,-0.22252093395631434
2023-11-15 14:00:00,103.41275579519383,8.523337679084644,64.91298835577376,14,2,11,0,-0.4999999999999997,-0.8660254037844388,0.9749279121818236,-0.22252093395631434
2023-11-15 15:00:00,97.20807608636412,6.756382069752465,71.79766585866953,15,2,11,0,-0.7071067811865471,-0.7071067811865479,0.9749279121818236,-0.22252093395631434
2023-11-15 16:00:00,91.99715603944776,6.043608845297352,72.37992206776998,16,2,11,0,-0.8660254037844384,-0.5000000000000004,0.9749279121818236,-0.22252093395631434
2023-11-15 17:00:00,78.38119473425117,5.987961554489537,75.57936409942715,17,2,11,0,-0.9659258262890683,-0.25881904510252063,0.9749279121818236,-0.22252093395631434
2023-11-15 18:00:00,101.03542350461906,10.214973971894928,67.58922524867211,18,2,11,0,-1.0,-1.8369701987210297e-16,0.9749279121818236,-0.22252093395631434
2023-11-15 19:00:00,80.28104015128855,8.155040843727663,71.12232045888452,19,2,11,0,-0.9659258262890684,0.2588190451025203,0.9749279121818236,-0.22252093395631434
2023-11-15 20:00:00,80.78938267903528,9.088129937588183,70.04286395538226,20,2,11,0,-0.8660254037844386,0.5000000000000001,0.9749279121818236,-0.22252093395631434
2023-11-15 21:00:00,65.64477393391047,7.696528271666218,68.59190631955228,21,2,11,0,-0.7071067811865477,0.7071067811865474,0.9749279121818236,-0.22252093395631434
2023-11-15 22:00:00,86.99224323639184,8.880960753584128,63.91485242332942,22,2,11,0,-0.5000000000000004,0.8660254037844384,0.9749279121818236,-0.22252093395631434
2023-11-15 23:00:00,99.80672290053852,10.897054355709948,63.89197255310857,23,2,11,0,-0.25881904510252157,0.9659258262890681,0.9749279121818236,-0.22252093395631434
2023-11-16 00:00:00,91.7185963197674,10.24671859581212,66.53166468743284,0,3,11,0,0.0,1.0,0.43388373911755823,-0.900968867902419
2023-11-16 01:00:00,116.98244296261811,11.603731080073597,62.66793820063443,1,3,11,0,0.25881904510252074,0.9659258262890683,0.43388373911755823,-0.900968867902419
2023-11-16 02:00:00,97.15345864492988,11.993360255087769,60.24087165520766,2,3,11,0,0.49999999999999994,0.8660254037844387,0.43388373911755823,-0.900968867902419
2023-11-16 03:00:00,110.58991139394271,13.162604804594045,65.76864767619959,3,3,11,0,0.7071067811865475,0.7071067811865476,0.43388373911755823,-0.900968867902419
2023-11-16 04:00:00,117.19781752553241,14.542986263376266,67.64511166523785,4,3,11,0,0.8660254037844386,0.5000000000000001,0.43388373911755823,-0.900968867902419
2023-11-16 05:00:00,118.85160132184495,13.63655484539386,59.75525579525491,5,3,11,0,0.9659258262890683,0.25881904510252074,0.43388373911755823,-0.900968867902419
2023-11-16 06:00:00,125.37909955069469,15.434385198177608,55.21356679924615,6,3,11,0,1.0,6.123233995736766e-17,0.43388373911755823,-0.900968867902419
2023-11-16 07:00:00,115.12834606639248,15.295992652966476,61.11375907046089,7,3,11,0,0.9659258262890683,-0.25881904510252063,0.43388373911755823,-0.900968867902419
2023-11-16 08:00:00,136.28020468724714,14.200645380337008,54.26783674431786,8,3,11,0,0.8660254037844387,-0.4999999999999998,0.43388373911755823,-0.900968867902419
2023-11-16 09:00:00,134.8496022264792,12.592654070884587,57.42695544783379,9,3,11,0,0.7071067811865476,-0.7071067811865475,0.43388373911755823,-0.900968867902419
2023-11-16 10:00:00,115.67603644763949,13.16286130291132,63.96104756810132,10,3,11,0,0.49999999999999994,-0.8660254037844387,0.43388373911755823,-0.900968867902419
2023-11-16 11:00:00,126.19071420994194,11.283336065465926,60.01598391388101,11,3,11,0,0.258819045102521,-0.9659258262890682,0.43388373911755823,-0.900968867902419
2023-11-16 12:00:00,114.18557086130676,11.075307980142579,64.83199922777115,12,3,11,0,1.2246467991473532e-16,-1.0,0.43388373911755823,-0.900968867902419
2023-11-16 13:00:00,116.1294742212686,11.617331750178597,62.82213251228281,13,3,11,0,-0.2588190451025208,-0.9659258262890683,0.43388373911755823,-0.900968867902419
2023-11-16 14:00:00,102.0499281921897,7.12600655382748,68.88887933425079,14,3,11,0,-0.4999999999999997,-0.8660254037844388,0.43388373911755823,-0.900968867902419
2023-11-16 15:00:00,119.09494690489998,11.437219110077402,73.33246295304134,15,3,11,0,-0.7071067811865471,-0.7071067811865479,0.43388373911755823,-0.900968867902419
2023-11-16 16:00:00,100.15630941724515,7.432529726664163,69.07770715062406,16,3,11,0,-0.8660254037844384,-0.5000000000000004,0.43388373911755823,-0.900968867902419
2023-11-16 17:00:00,84.94880381439016,7.759472335186136,71.45740649308138,17,3,11,0,-0.9659258262890683,-0.25881904510252063,0.43388373911755823,-0.900968867902419
2023-11-16 18:00:00,99.02190736080756,5.876291594120776,69.27256291420582,18,3,11,0,-1.0,-1.8369701987210297e-16,0.43388373911755823,-0.900968867902419
2023-11-16 19:00:00,62.579884127498836,8.855030748639727,69.27828774915942,19,3,11,0,-0.9659258262890684,0.2588190451025203,0.43388373911755823,-0.900968867902419
2023-11-16 20:00:00,72.98603988664848,7.352875410169768,68.42214135978406,20,3,11,0,-0.8660254037844386,0.5000000000000001,0.43388373911755823,-0.900968867902419
2023-11-16 21:00:00,76.40116193103273,7.585812140038576,72.32053187705691,21,3,11,0,-0.7071067811865477,0.7071067811865474,0.43388373911755823,-0.900968867902419
2023-11-16 22:00:00,82.57422553705842,8.142144197570165,64.47959493654608,22,3,11,0,-0.5000000000000004,0.8660254037844384,0.43388373911755823,-0.900968867902419
2023-11-16 23:00:00,90.60883243314626,9.567402510389648,66.27745285014079,23,3,11,0,-0.25881904510252157,0.9659258262890681,0.43388373911755823,-0.900968867902419
2023-11-17 00:00:00,95.90223293281733,11.756993312192687,67.12856350091978,0,4,11,0,0.0,1.0,-0.433883739117558,-0.9009688679024191
2023-11-17 01:00:00,108.09223871129365,12.423964544119272,67.07559375010145,1,4,11,0,0.25881904510252074,0.9659258262890683,-0.433883739117558,-0.9009688679024191
2023-11-17 02:00:00,105.57344573167086,13.069682728097916,64.22093499839299,2,4,11,0,0.49999999999999994,0.8660254037844387,-0.433883739117558,-0.9009688679024191
2023-11-17 03:00:00,111.635450294288,12.890767325584786,61.43857180954821,3,4,11,0,0.7071067811865475,0.7071067811865476,-0.433883739117558,-0.9009688679024191
2023-11-17 04:00:00,125.80456727763735,13.439813732013617,58.996293574400944,4,4,11,0,0.8660254037844386,0.5000000000000001,-0.433883739117558,-0.9009688679024191
2023-11-17 05:00:00,122.49426892436674,14.301864209050002,62.87950695427489,5,4,11,0,0.9659258262890683,0.25881904510252074,-0.433883739117558,-0.9009688679024191
2023-11-17 06:00:00,123.5147394883994,15.819885896004397,57.29743989299934,6,4,11,0,1.0,6.123233995736766e-17,-0.433883739117558,-0.9009688679024191
2023-11-17 07:00:00,126.41568817620636,15.986565446575204,57.54694769302689,7,4,11,0,0.9659258262890683,-0.25881904510252063,-0.433883739117558,-0.9009688679024191
2023-11-17 08:00:00,145.5155558337422,15.789140238248109,64.76045783949495,8,4,11,0,0.8660254037844387,-0.4999999999999998,-0.433883739117558,-0.9009688679024191
2023-11-17 09:00:00,124.73495256515571,13.955699112201303,62.73725740542149,9,4,11,0,0.7071067811865476,-0.7071067811865475,-0.433883739117558,-0.9009688679024191
2023-11-17 10:00:00,122.0350407548972,13.704815239140062,64.08593225818463,10,4,11,0,0.49999999999999994,-0.8660254037844387,-0.433883739117558,-0.9009688679024191
2023-11-17 11:00:00,116.58310826411636,11.912072450849044,66.14184633040054,11,4,11,0,0.258819045102521,-0.9659258262890682,-0.433883739117558,-0.9009688679024191
2023-11-17 12:00:00,110.78251771178887,8.516025341370774,65.6145479943754,12,4,11,0,1.2246467991473532e-16,-1.0,-0.433883739117558,-0.9009688679024191
2023-11-17 13:00:00,114.78350660123812,9.770305963044146,63.138947925761684,13,4,11,0,-0.2588190451025208,-0.9659258262890683,-0.433883739117558,-0.9009688679024191
2023-11-17 14:00:00,96.54524279088615,8.5664823897267,69.65261262950884,14,4,11,0,-0.4999999999999997,-0.8660254037844388,-0.433883739117558,-0.9009688679024191
2023-11-17 15:00:00,89.03561475219026,6.74247739637356,70.0870507273144,15,4,11,0,-0.7071067811865471,-0.7071067811865479,-0.433883739117558,-0.9009688679024191
2023-11-17 16:00:00,86.03855090301056,6.814279448996365,68.51804753824334,16,4,11,0,-0.8660254037844384,-0.5000000000000004,-0.433883739117558,-0.9009688679024191
2023-11-17 17:00:00,87.78402940175484,7.468406144043519,68.42751203518309,17,4,11,0,-0.9659258262890683,-0.25881904510252063,-0.433883739117558,-0.9009688679024191
2023-11-17 18:00:00,82.86663098099383,5.429602149235712,71.75950134539137,18,4,11,0,-1.0,-1.8369701987210297e-16,-0.433883739117558,-0.9009688679024191
2023-11-17 19:00:00,61.551063605455326,6.199590815483338,67.62126875405207,19,4,11,0,-0.9659258262890684,0.2588190451025203,-0.433883739117558,-0.9009688679024191
2023-11-17 20:00:00,76.33056155734884,9.987223735954649,70.66504130415146,20,4,11,0,-0.8660254037844386,0.5000000000000001,-0.433883739117558,-0.9009688679024191
2023-11-17 21:00:00,69.13226912850627,5.896985714196676,69.3496341578176,21,4,11,0,-0.7071067811865477,0.7071067811865474,-0.433883739117558,-0.9009688679024191
2023-11-17 22:00:00,82.56429287983127,8.854699088352668,68.54166366931551,22,4,11,0,-0.5000000000000004,0.8660254037844384,-0.433883739117558,-0.9009688679024191
2023-11-17 23:00:00,94.21068408124137,8.344732098707112,68.65999485477101,23,4,11,0,-0.25881904510252157,0.9659258262890681,-0.433883739117558,-0.9009688679024191
2023-11-18 00:00:00,75.47393874291242,10.128108614931378,67.94075894569295,0,5,11,1,0.0,1.0,-0.9749279121818236,-0.2225209339563146
2023-11-18 01:00:00,99.01194123549506,11.994234147653454,62.387490055619466,1,5,11,1,0.25881904510252074,0.9659258262890683,-0.9749279121818236,-0.2225209339563146
2023-11-18 02:00:00,103.26111587354357,11.77419962772739,65.68426985067268,2,5,11,1,0.49999999999999994,0.8660254037844387,-0.9749279121818236,-0.2225209339563146
2023-11-18 03:00:00,111.37688685088479,14.944886859466374,61.17414246871009,3,5,11,1,0.7071067811865475,0.7071067811865476,-0.9749279121818236,-0.2225209339563146
2023-11-18 04:00:00,110.93356434628107,16.746391356466916,66.13864704381162,4,5,11,1,0.8660254037844386,0.5000000000000001,-0.9749279121818236,-0.2225209339563146
2023-11-18 05:00:00,121.0666470815617,16.381784320980913,58.52307761544075,5,5,11,1,0.9659258262890683,0.25881904510252074,-0.9749279121818236,-0.2225209339563146
2023-11-18 06:00:00,120.88790965943352,16.792483488251843,55.2409051900874,6,5,11,1,1.0,6.123233995736766e-17,-0.9749279121818236,-0.2225209339563146
2023-11-18 07:00:00,111.16487575397599,13.049663598283594,62.78026655567719,7,5,11,1,0.9659258262890683,-0.25881904510252063,-0.9749279121818236,-0.2225209339563146
2023-11-18 08:00:00,125.86121639117474,14.355058894079598,62.155605628681705,8,5,11,1,0.8660254037844387,-0.4999999999999998,-0.9749279121818236,-0.2225209339563146
2023-11-18 09:00:00,116.58954879186358,14.785122537446881,65.43723912009206,9,5,11,1,0.7071067811865476,-0.7071067811865475,-0.9749279121818236,-0.2225209339563146
2023-11-18 10:00:00,125.24717211048315,14.562350182842348,64.00382673461863,10,5,11,1,0.49999999999999994,-0.8660254037844387,-0.9749279121818236,-0.2225209339563146
2023-11-18 11:00:00,125.25829031311478,14.920869480995364,71.54200776482767,11,5,11,1,0.258819045102521,-0.9659258262890682,-0.9749279121818236,-0.2225209339563146
2023-11-18 12:00:00,106.58756185754187,12.859123199113961,65.50823128453374,12,5,11,1,1.2246467991473532e-16,-1.0,-0.9749279121818236,-0.2225209339563146
2023-11-18 13:00:00,99.16518742902288,11.565020566771286,70.76671517777858,13,5,11,1,-0.2588190451025208,-0.9659258262890683,-0.9749279121818236,-0.2225209339563146
2023-11-18 14:00:00,101.31444296262019,13.205957182479585,67.49852315358795,14,5,11,1,-0.4999999999999997,-0.8660254037844388,-0.9749279121818236,-0.2225209339563146
2023-11-18 15:00:00,79.1279337074395,8.571600309335299,71.79286557616788,15,5,11,1,-0.7071067811865471,-0.7071067811865479,-0.9749279121818236,-0.2225209339563146
2023-11-18 16:00:00,76.79342449517218,7.357874539170436,73.3051150539414,16,5,11,1,-0.8660254037844384,-0.5000000000000004,-0.9749279121818236,-0.2225209339563146
2023-11-18 17:00:00,81.09101019534732,7.6578973620049435,74.36813863650592,17,5,11,1,-0.9659258262890683,-0.25881904510252063,-0.9749279121818236,-0.2225209339563146
2023-11-18 18:00:00,75.22816202618968,5.882984678140342,74.40387503997606,18,5,11,1,-1.0,-1.8369701987210297e-16,-0.9749279121818236,-0.2225209339563146
2023-11-18 19:00:00,68.46400713222205,7.49331118516598,62.160245281391376,19,5,11,1,-0.9659258262890684,0.2588190451025203,-0.9749279121818236,-0.2225209339563146
2023-11-18 20:00:00,60.21370183368984,5.201183905866566,71.06501596550743,20,5,11,1,-0.8660254037844386,0.5000000000000001,-0.9749279121818236,-0.2225209339563146
2023-11-18 21:00:00,67.82878389486673,7.632858132072645,68.5922130775336,21,5,11,1,-0.7071067811865477,0.7071067811865474,-0.9749279121818236,-0.2225209339563146
2023-11-18 22:00:00,70.62576007624834,9.082562988572153,67.94123960862716,22,5,11,1,-0.5000000000000004,0.8660254037844384,-0.9749279121818236,-0.2225209339563146
2023-11-18 23:00:00,85.57185856232304,11.64474056754002,66.77758025635113,23,5,11,1,-0.25881904510252157,0.9659258262890681,-0.9749279121818236,-0.2225209339563146
2023-11-19 00:00:00,90.17428395329621,13.050289634156751,69.17981801795295,0,6,11,1,0.0,1.0,-0.7818314824680299,0.6234898018587334
2023-11-19 01:00:00,86.13455286724201,10.973504400860671,65.30221938635752,1,6,11,1,0.25881904510252074,0.9659258262890683,-0.7818314824680299,0.6234898018587334
2023-11-19 02:00:00,108.62846001103614,16.497703968522597,61.72482623029832,2,6,11,1,0.49999999999999994,0.8660254037844387,-0.7818314824680299,0.6234898018587334
2023-11-19 03:00:00,104.89218147974097,14.434641159982654,57.59996098992426,3,6,11,1,0.7071067811865475,0.7071067811865476,-0.7818314824680299,0.6234898018587334
2023-11-19 04:00:00,110.13845262192145,15.20782288176112,65.65041657596979,4,6,11,1,0.8660254037844386,0.5000000000000001,-0.7818314824680299,0.6234898018587334
2023-11-19 05:00:00,107.80477006531316,12.820816895250992,58.5098870669762,5,6,11,1,0.9659258262890683,0.25881904510252074,-0.7818314824680299,0.6234898018587334
2023-11-19 06:00:00,112.76364810013047,14.453567732397124,59.855276678840845,6,6,11,1,1.0,6.123233995736766e-17,-0.7818314824680299,0.6234898018587334
2023-11-19 07:00:00,111.4880092274448,16.8220928400322,66.86844771445209,7,6,11,1,0.9659258262890683,-0.25881904510252063,-0.7818314824680299,0.6234898018587334
2023-11-19 08:00:00,128.46683374220763,15.102423126784613,59.19092086230312,8,6,11,1,0.8660254037844387,-0.4999999999999998,-0.7818314824680299,0.6234898018587334
2023-11-19 09:00:00,125.5824571019786,14.37380303170271,61.17771764792349,9,6,11,1,0.7071067811865476,-0.7071067811865475,-0.7818314824680299,0.6234898018587334
2023-11-19 10:00:00,122.36464759550573,13.724412073440432,63.94393386954561,10,6,11,1,0.49999999999999994,-0.8660254037844387,-0.7818314824680299,0.6234898018587334
2023-11-19 11:00:00,111.22684697840083,10.254123540358222,59.87664224239205,11,6,11,1,0.258819045102521,-0.9659258262890682,-0.7818314824680299,0.6234898018587334
2023-11-19 12:00:00,108.66976665824657,11.238740987474978,61.08199931634755,12,6,11,1,1.2246467991473532e-16,-1.0,-0.7818314824680299,0.6234898018587334
2023-11-19 13:00:00,101.91357369924981,12.46087317011356,66.35547068286868,13,6,11,1,-0.2588190451025208,-0.9659258262890683,-0.7818314824680299,0.6234898018587334
2023-11-19 14:00:00,87.5328396019916,11.013715250675453,67.9063866805766,14,6,11,1,-0.4999999999999997,-0.8660254037844388,-0.7818314824680299,0.6234898018587334
2023-11-19 15:00:00,87.0757665412279,8.367427529657624,70.89271535111016,15,6,11,1,-0.7071067811865471,-0.7071067811865479,-0.7818314824680299,0.6234898018587334
2023-11-19 16:00:00,83.38590615450263,10.265055213981789,68.50956544386219,16,6,11,1,-0.8660254037844384,-0.5000000000000004,-0.7818314824680299,0.6234898018587334
2023-11-19 17:00:00,73.78387601623602,5.631302752268346,73.34489227310391,17,6,11,1,-0.9659258262890683,-0.25881904510252063,-0.7818314824680299,0.6234898018587334
2023-11-19 18:00:00,76.90720912341183,5.92610732029282,65.77724526993673,18,6,11,1,-1.0,-1.8369701987210297e-16,-0.7818314824680299,0.6234898018587334
2023-11-19 19:00:00,64.6332045869007,10.315384078156896,71.83207677583891,19,6,11,1,-0.9659258262890684,0.2588190451025203,-0.7818314824680299,0.6234898018587334
2023-11-19 20:00:00,63.023696360674755,8.78651187990224,72.5240773623056,20,6,11,1,-0.8660254037844386,0.5000000000000001,-0.7818314824680299,0.6234898018587334
2023-11-19 21:00:00,70.31858875111388,8.121895679677548,71.47536942675329,21,6,11,1,-0.7071067811865477,0.7071067811865474,-0.7818314824680299,0.6234898018587334
2023-11-19 22:00:00,76.32361643579529,9.300675968524338,68.75906654892434,22,6,11,1,-0.5000000000000004,0.8660254037844384,-0.7818314824680299,0.6234898018587334
2023-11-19 23:00:00,80.04679382386466,9.138430967476348,65.81929451548598,23,6,11,1,-0.25881904510252157,0.9659258262890681,-0.7818314824680299,0.6234898018587334
2023-11-20 00:00:00,104.73716036893192,11.92859329236135,65.84095266738157,0,0,11,0,0.0,1.0,0.0,1.0
2023-11-20 01:00:00,117.71236736007985,12.845063239527471,68.5655273253085,1,0,11,0,0.25881904510252074,0.9659258262890683,0.0,1.0
2023-11-20 02:00:00,113.82919926130418,13.543531454444219,61.618161572813364,2,0,11,0,0.49999999999999994,0.8660254037844387,0.0,1.0
2023-11-20 03:00:00,114.84974841126524,12.60249719157973,65.10825540582864,3,0,11,0,0.7071067811865475,0.7071067811865476,0.0,1.0
2023-11-20 04:00:00,119.48928421330636,15.374940171391303,64.63214545490023,4,0,11,0,0.8660254037844386,0.5000000000000001,0.0,1.0
2023-11-20 05:00:00,126.75276657101496,14.583140546173407,55.41333344340319,5,0,11,0,0.9659258262890683,0.25881904510252074,0.0,1.0
2023-11-20 06:00:00,112.05515594564808,14.0347384989164,60.032110897805545,6,0,11,0,1.0,6.123233995736766e-17,0.0,1.0
2023-11-20 07:00:00,113.74471131304075,17.277521432112497,57.687783752586185,7,0,11,0,0.9659258262890683,-0.25881904510252063,0.0,1.0
2023-11-20 08:00:00,135.89699877715358,18.232388041540826,56.71490989465396,8,0,11,0,0.8660254037844387,-0.4999999999999998,0.0,1.0
2023-11-20 09:00:00,134.56320861694658,17.256061707625825,64.5500157067758,9,0,11,0,0.7071067811865476,-0.7071067811865475,0.0,1.0
2023-11-20 10:00:00,136.19145355084433,14.48888853529361,64.8365326367118,10,0,11,0,0.49999999999999994,-0.8660254037844387,0.0,1.0
2023-11-20 11:00:00,122.32413973705617,12.150602951441481,65.65402782872977,11,0,11,0,0.258819045102521,-0.9659258262890682,0.0,1.0
2023-11-20 12:00:00,115.5563328157468,11.408171015743251,63.1600731145558,12,0,11,0,1.2246467991473532e-16,-1.0,0.0,1.0
2023-11-20 13:00:00,112.85834615983372,11.086831604433511,68.6008709394492,13,0,11,0,-0.2588190451025208,-0.9659258262890683,0.0,1.0
2023-11-20 14:00:00,106.08296796099765,8.883332760958401,65.48517431611037,14,0,11,0,-0.4999999999999997,-0.8660254037844388,0.0,1.0
2023-11-20 15:00:00,94.78092630348642,10.66349235508759,70.8909903935514,15,0,11,0,-0.7071067811865471,-0.7071067811865479,0.0,1.0
2023-11-20 16:00:00,91.66583748154024,4.9960115330196215,69.62806378537967,16,0,11,0,-0.8660254037844384,-0.5000000000000004,0.0,1.0
2023-11-20 17:00:00,92.84232639358028,7.20641275351276,75.36449129414343,17,0,11,0,-0.9659258262890683,-0.25881904510252063,0.0,1.0
2023-11-20 18:00:00,103.99702855917513,8.715311627751163,71.32712890742565,18,0,11,0,-1.0,-1.8369701987210297e-16,0.0,1.0
2023-11-20 19:00:00,69.99227510466403,6.382261613574178,72.90584531888459,19,0,11,0,-0.9659258262890684,0.2588190451025203,0.0,1.0
2023-11-20 20:00:00,83.09676817783219,7.6893794377456794,72.31282037448558,20,0,11,0,-0.8660254037844386,0.5000000000000001,0.0,1.0
2023-11-20 21:00:00,79.54152372550858,9.575742389268795,70.4318057308696,21,0,11,0,-0.7071067811865477,0.7071067811865474,0.0,1.0
2023-11-20 22:00:00,100.7260326603156,11.791108050206876,69.7325601489426,22,0,11,0,-0.5000000000000004,0.8660254037844384,0.0,1.0
2023-11-20 23:00:00,83.82452592325761,8.53752078599073,68.8808188706303,23,0,11,0,-0.25881904510252157,0.9659258262890681,0.0,1.0
2023-11-21 00:00:00,98.92565044649487,9.593565259465933,63.89316668443823,0,1,11,0,0.0,1.0,0.7818314824680298,0.6234898018587336
2023-11-21 01:00:00,102.5318034625588,11.261907889748546,66.23825251975643,1,1,11,0,0.25881904510252074,0.9659258262890683,0.7818314824680298,0.6234898018587336
2023-11-21 02:00:00,112.10984080010579,11.339373215335984,66.17394125693102,2,1,11,0,0.49999999999999994,0.8660254037844387,0.7818314824680298,0.6234898018587336
2023-11-21 03:00:00,117.69662039274358,12.274536432727208,63.531752210675705,3,1,11,0,0.7071067811865475,0.7071067811865476,0.7818314824680298,0.6234898018587336
2023-11-21 04:00:00,112.47488954112846,13.650786809693926,60.32367611157288,4,1,11,0,0.8660254037844386,0.5000000000000001,0.7818314824680298,0.6234898018587336
2023-11-21 05:00:00,123.8595283648571,17.359620618623484,61.30999880123721,5,1,11,0,0.9659258262890683,0.25881904510252074,0.7818314824680298,0.6234898018587336
2023-11-21 06:00:00,133.59486899976693,15.177561763995088,59.49106525056555,6,1,11,0,1.0,6.123233995736766e-17,0.7818314824680298,0.6234898018587336
2023-11-21 07:00:00,123.13780162350177,15.556442955489407,60.43057403844003,7,1,11,0,0.9659258262890683,-0.25881904510252063,0.7818314824680298,0.6234898018587336
2023-11-21 08:00:00,141.50613467657382,13.676582221104711,57.82313436569978,8,1,11,0,0.8660254037844387,-0.4999999999999998,0.7818314824680298,0.6234898018587336
2023-11-21 09:00:00,127.98667655906782,15.424409728441287,66.47990613196463,9,1,11,0,0.7071067811865476,-0.7071067811865475,0.7818314824680298,0.6234898018587336
2023-11-21 10:00:00,129.43042998716095,16.459323032847383,69.38881138039301,10,1,11,0,0.49999999999999994,-0.8660254037844387,0.7818314824680298,0.6234898018587336
2023-11-21 11:00:00,117.91396973201782,11.349508345449177,62.917642094710736,11,1,11,0,0.258819045102521,-0.9659258262890682,0.7818314824680298,0.6234898018587336
2023-11-21 12:00:00,124.3282545682266,14.232799547710325,68.94086158938181,12,1,11,0,1.2246467991473532e-16,-1.0,0.7818314824680298,0.6234898018587336
2023-11-21 13:00:00,111.77809169962082,11.157037385439908,72.50886760125661,13,1,11,0,-0.2588190451025208,-0.9659258262890683,0.7818314824680298,0.6234898018587336
2023-11-21 14:00:00,111.48768848922361,9.670972240031292,66.70946756026298,14,1,11,0,-0.4999999999999997,-0.8660254037844388,0.7818314824680298,0.6234898018587336
2023-11-21 15:00:00,97.97791341329919,9.417435614839897,64.34969125753817,15,1,11,0,-0.7071067811865471,-0.7071067811865479,0.7818314824680298,0.6234898018587336
2023-11-21 16:00:00,95.50013280182284,8.767365124410993,76.32889919831462,16,1,11,0,-0.8660254037844384,-0.5000000000000004,0.7818314824680298,0.6234898018587336
2023-11-21 17:00:00,97.26878719997771,10.567630314536817,72.3469298525648,17,1,11,0,-0.9659258262890683,-0.25881904510252063,0.7818314824680298,0.6234898018587336
2023-11-21 18:00:00,81.19214216987635,8.42600808883081,71.02387669054417,18,1,11,0,-1.0,-1.8369701987210297e-16,0.7818314824680298,0.6234898018587336
2023-11-21 19:00:00,77.42945788400809,8.593634442653407,72.51992193561783,19,1,11,0,-0.9659258262890684,0.2588190451025203,0.7818314824680298,0.6234898018587336
2023-11-21 20:00:00,82.0971417135807,7.549325646016654,70.67126366661321,20,1,11,0,-0.8660254037844386,0.5000000000000001,0.7818314824680298,0.6234898018587336
2023-11-21 21:00:00,85.09684319743917,10.075865571048638,79.70336260888601,21,1,11,0,-0.7071067811865477,0.7071067811865474,0.7818314824680298,0.6234898018587336
2023-11-21 22:00:00,83.44938420174856,8.210406530663743,67.9902261709495,22,1,11,0,-0.5000000000000004,0.8660254037844384,0.7818314824680298,0.6234898018587336
2023-11-21 23:00:00,95.34486843746798,10.773906795057528,69.11723927502798,23,1,11,0,-0.25881904510252157,0.9659258262890681,0.7818314824680298,0.6234898018587336
2023-11-22 00:00:00,107.06744691143844,16.104457849262563,70.62143920462037,0,2,11,0,0.0,1.0,0.9749279121818236,-0.22252093395631434
2023-11-22 01:00:00,91.71651691321802,9.058523816531967,69.05406887355373,1,2,11,0,0.25881904510252074,0.9659258262890683,0.9749279121818236,-0.22252093395631434
2023-11-22 02:00:00,105.25763467652516,14.129253010094498,67.03266510189192,2,2,11,0,0.49999999999999994,0.8660254037844387,0.9749279121818236,-0.22252093395631434
2023-11-22 03:00:00,117.56932587530163,15.015394021655856,61.22503359183915,3,2,11,0,0.7071067811865475,0.7071067811865476,0.9749279121818236,-0.22252093395631434
2023-11-22 04:00:00,118.7180281251441,14.90150056699827,61.09225320513573,4,2,11,0,0.8660254037844386,0.5000000000000001,0.9749279121818236,-0.22252093395631434
2023-11-22 05:00:00,126.56281290406389,15.336456929146447,54.42575265672211,5,2,11,0,0.9659258262890683,0.25881904510252074,0.9749279121818236,-0.22252093395631434
2023-11-22 06:00:00,121.95519857707757,15.916647175333546,60.521215246048264,6,2,11,0,1.0,6.123233995736766e-17,0.9749279121818236,-0.22252093395631434
2023-11-22 07:00:00,123.07565568772948,15.265230907550796,61.04756673021725,7,2,11,0,0.9659258262890683,-0.25881904510252063,0.9749279121818236,-0.22252093395631434
2023-11-22 08:00:00,132.43867880802654,15.576603723960583,63.77371874328669,8,2,11,0,0.8660254037844387,-0.4999999999999998,0.9749279121818236,-0.22252093395631434
2023-11-22 09:00:00,137.46443715265528,13.876543581612161,67.88852295696714,9,2,11,0,0.7071067811865476,-0.7071067811865475,0.9749279121818236,-0.22252093395631434
2023-11-22 10:00:00,124.63317613807862,16.81312174371194,65.87863048715495,10,2,11,0,0.49999999999999994,-0.8660254037844387,0.9749279121818236,-0.22252093395631434
2023-11-22 11:00:00,120.1209171811865,12.436788081055377,68.4037227477876,11,2,11,0,0.258819045102521,-0.9659258262890682,0.9749279121818236,-0.22252093395631434
2023-11-22 12:00:00,117.28613969171155,12.633949627028395,66.6923034368681,12,2,11,0,1.2246467991473532e-16,-1.0,0.9749279121818236,-0.22252093395631434
2023-11-22 13:00:00,105.23125565860836,9.740702185416412,72.15050851664238,13,2,11,0,-0.2588190451025208,-0.9659258262890683,0.9749279121818236,-0.22252093395631434
2023-11-22 14:00:00,102.46888335361638,11.179247061193042,69.77809854159379,14,2,11,0,-0.4999999999999997,-0.8660254037844388,0.9749279121818236,-0.22252093395631434
2023-11-22 15:00:00,91.31216053741849,10.051307071872134,74.40916083908604,15,2,11,0,-0.7071067811865471,-0.7071067811865479,0.9749279121818236,-0.22252093395631434
2023-11-22 16:00:00,95.77396681482193,8.944321255251822,74.35435280692812,16,2,11,0,-0.8660254037844384,-0.5000000000000004,0.9749279121818236,-0.22252093395631434
2023-11-22 17:00:00,87.64867893640982,6.374826176107268,73.71843372387902,17,2,11,0,-0.9659258262890683,-0.25881904510252063,0.9749279121818236,-0.22252093395631434
2023-11-22 18:00:00,94.00067705261469,6.650927954746039,68.12251449474883,18,2,11,0,-1.0,-1.8369701987210297e-16,0.9749279121818236,-0.22252093395631434
2023-11-22 19:00:00,68.69562667786414,10.445088689054318,75.82029751369087,19,2,11,0,-0.9659258262890684,0.2588190451025203,0.9749279121818236,-0.22252093395631434
2023-11-22 20:00:00,82.35175987121885,7.170220338887548,73.0752608744024,20,2,11,0,-0.8660254037844386,0.5000000000000001,0.9749279121818236,-0.22252093395631434
2023-11-22 21:00:00,80.79284780436801,9.912458646163886,73.09506727790459,21,2,11,0,-0.7071067811865477,0.7071067811865474,0.9749279121818236,-0.22252093395631434
2023-11-22 22:00:00,67.38425277179785,8.362525520319366,70.68532552785022,22,2,11,0,-0.5000000000000004,0.8660254037844384,0.9749279121818236,-0.22252093395631434
2023-11-22 23:00:00,94.87013514180187,12.256831188583888,69.75540658094867,23,2,11,0,-0.25881904510252157,0.9659258262890681,0.9749279121818236,-0.22252093395631434
2023-11-23 00:00:00,92.25329410289154,10.885635262602658,70.80553609211638,0,3,11,0,0.0,1.0,0.43388373911755823,-0.900968867902419
2023-11-23 01:00:00,97.8744391836628,11.50572564794882,63.92888924505598,1,3,11,0,0.25881904510252074,0.9659258262890683,0.43388373911755823,-0.900968867902419
2023-11-23 02:00:00,114.79850221553481,12.846717583803384,65.30648983342452,2,3,11,0,0.49999999999999994,0.8660254037844387,0.43388373911755823,-0.900968867902419
2023-11-23 03:00:00,121.19901341204906,13.912954528603391,60.32862839055347,3,3,11,0,0.7071067811865475,0.7071067811865476,0.43388373911755823,-0.900968867902419
2023-11-23 04:00:00,122.55828225467378,15.98634294637282,63.437462115297336,4,3,11,0,0.8660254037844386,0.5000000000000001,0.43388373911755823,-0.900968867902419
2023-11-23 05:00:00,123.38213115034861,15.883010163211685,61.86188056872042,5,3,11,0,0.9659258262890683,0.25881904510252074,0.43388373911755823,-0.900968867902419
2023-11-23 06:00:00,124.6491152052937,14.27249717897949,59.01066792434255,6,3,11,0,1.0,6.123233995736766e-17,0.43388373911755823,-0.900968867902419
2023-11-23 07:00:00,115.11379165500755,15.737014083306779,61.38901099334869,7,3,11,0,0.9659258262890683,-0.25881904510252063,0.43388373911755823,-0.900968867902419
2023-11-23 08:00:00,137.65726248653127,13.664080803049847,60.00129375837003,8,3,11,0,0.8660254037844387,-0.4999999999999998,0.43388373911755823,-0.900968867902419
2023-11-23 09:00:00,143.63189713155984,15.708994471096394,61.526930657617605,9,3,11,0,0.7071067811865476,-0.7071067811865475,0.43388373911755823,-0.900968867902419
2023-11-23 10:00:00,136.62864282967428,15.155585647157347,64.96799492980871,10,3,11,0,0.49999999999999994,-0.8660254037844387,0.43388373911755823,-0.900968867902419
2023-11-23 11:00:00,117.82822417042128,12.91458647143478,66.15585644253267,11,3,11,0,0.258819045102521,-0.9659258262890682,0.43388373911755823,-0.900968867902419
2023-11-23 12:00:00,122.26917834168226,12.322711403337879,61.14213932850015,12,3,11,0,1.2246467991473532e-16,-1.0,0.43388373911755823,-0.900968867902419
2023-11-23 13:00:00,109.30077135737439,13.508141284435268,69.56795476618412,13,3,11,0,-0.2588190451025208,-0.9659258262890683,0.43388373911755823,-0.900968867902419
2023-11-23 14:00:00,105.39239491393981,9.67882681026056,68.99357488436526,14,3,11,0,-0.4999999999999997,-0.8660254037844388,0.43388373911755823,-0.900968867902419
2023-11-23 15:00:00,93.58487062624143,7.6704172490262135,69.90329099823363,15,3,11,0,-0.7071067811865471,-0.7071067811865479,0.43388373911755823,-0.900968867902419
2023-11-23 16:00:00,94.61600888823288,9.319922537617668,68.7182618281216,16,3,11,0,-0.8660254037844384,-0.5000000000000004,0.43388373911755823,-0.900968867902419
2023-11-23 17:00:00,91.4131764775396,6.352547345044446,72.56295518753645,17,3,11,0,-0.9659258262890683,-0.25881904510252063,0.43388373911755823,-0.900968867902419
2023-11-23 18:00:00,88.6228430938573,7.599377853939322,71.33452131636952,18,3,11,0,-1.0,-1.8369701987210297e-16,0.43388373911755823,-0.900968867902419
2023-11-23 19:00:00,66.59608930344871,7.153042924567188,76.51969747493115,19,3,11,0,-0.9659258262890684,0.2588190451025203,0.43388373911755823,-0.900968867902419
2023-11-23 20:00:00,79.99343802503711,7.398399933897675,66.85143295204357,20,3,11,0,-0.8660254037844386,0.5000000000000001,0.43388373911755823,-0.900968867902419
2023-11-23 21:00:00,74.7060383132889,8.71167278063578,68.25444405122599,21,3,11,0,-0.7071067811865477,0.7071067811865474,0.43388373911755823,-0.900968867902419
2023-11-23 22:00:00,89.12187465521181,11.265068288169857,66.80867822242486,22,3,11,0,-0.5000000000000004,0.8660254037844384,0.43388373911755823,-0.900968867902419
2023-11-23 23:00:00,87.38844265420599,12.53845830092493,69.23246163031695,23,3,11,0,-0.25881904510252157,0.9659258262890681,0.43388373911755823,-0.900968867902419
2023-11-24 00:00:00,93.13380123167013,13.442041925028366,70.5783033209266,0,4,11,0,0.0,1.0,-0.433883739117558,-0.9009688679024191
2023-11-24 01:00:00,111.8096126287022,13.592540444495064,67.01537051640473,1,4,11,0,0.25881904510252074,0.9659258262890683,-0.433883739117558,-0.9009688679024191
2023-11-24 02:00:00,111.13496656549277,13.666158288310877,60.7749780695228,2,4,11,0,0.49999999999999994,0.8660254037844387,-0.433883739117558,-0.9009688679024191
2023-11-24 03:00:00,107.66655797910923,11.344422762038613,61.528585630397885,3,4,11,0,0.7071067811865475,0.7071067811865476,-0.433883739117558,-0.9009688679024191
2023-11-24 04:00:00,127.96376504406345,16.068326235446026,59.43523684255349,4,4,11,0,0.8660254037844386,0.5000000000000001,-0.433883739117558,-0.9009688679024191
2023-11-24 05:00:00,124.39213908873207,12.497438848410301,62.78655844146014,5,4,11,0,0.9659258262890683,0.25881904510252074,-0.433883739117558,-0.9009688679024191
2023-11-24 06:00:00,121.16663824711154,13.167682215682841,59.710208706850246,6,4,11,0,1.0,6.123233995736766e-17,-0.433883739117558,-0.9009688679024191
2023-11-24 07:00:00,130.90807054476954,15.673934951868212,57.024970424023294,7,4,11,0,0.9659258262890683,-0.25881904510252063,-0.433883739117558,-0.9009688679024191
2023-11-24 08:00:00,136.3481504833068,15.91370061247586,63.61688656296835,8,4,11,0,0.8660254037844387,-0.4999999999999998,-0.433883739117558,-0.9009688679024191
2023-11-24 09:00:00,132.1123940312244,14.204532899394659,66.60605434107642,9,4,11,0,0.7071067811865476,-0.7071067811865475,-0.433883739117558,-0.9009688679024191
2023-11-24 10:00:00,134.915363831901,16.35602985328331,63.522902084391234,10,4,11,0,0.49999999999999994,-0.8660254037844387,-0.433883739117558,-0.9009688679024191
2023-11-24 11:00:00,126.82259876221374,13.781161797080205,65.86720629189634,11,4,11,0,0.258819045102521,-0.9659258262890682,-0.433883739117558,-0.9009688679024191
2023-11-24 12:00:00,124.40455783852673,11.678621270199473,62.540015800762895,12,4,11,0,1.2246467991473532e-16,-1.0,-0.433883739117558,-0.9009688679024191
2023-11-24 13:00:00,111.3685912599177,13.09692186775497,62.434120746598865,13,4,11,0,-0.2588190451025208,-0.9659258262890683,-0.433883739117558,-0.9009688679024191
2023-11-24 14:00:00,108.3191628925991,12.400403151738498,64.51166842777889,14,4,11,0,-0.4999999999999997,-0.8660254037844388,-0.433883739117558,-0.9009688679024191
2023-11-24 15:00:00,98.87666792840201,9.993144045858175,71.1673947162284,15,4,11,0,-0.7071067811865471,-0.7071067811865479,-0.433883739117558,-0.9009688679024191
2023-11-24 16:00:00,89.25103267511152,7.425745025618362,71.33124586144649,16,4,11,0,-0.8660254037844384,-0.5000000000000004,-0.433883739117558,-0.9009688679024191
2023-11-24 17:00:00,91.83705235353162,7.363624178703489,74.49317220856602,17,4,11,0,-0.9659258262890683,-0.25881904510252063,-0.433883739117558,-0.9009688679024191
2023-11-24 18:00:00,89.7001990979386,5.882625060902354,72.46595990509935,18,4,11,0,-1.0,-1.8369701987210297e-16,-0.433883739117558,-0.9009688679024191
2023-11-24 19:00:00,73.4337031384912,8.125404505535318,75.81775989544607,19,4,11,0,-0.9659258262890684,0.2588190451025203,-0.433883739117558,-0.9009688679024191
2023-11-24 20:00:00,70.98085361417168,7.0135693530878065,74.87187164430466,20,4,11,0,-0.8660254037844386,0.5000000000000001,-0.433883739117558,-0.9009688679024191
2023-11-24 21:00:00,87.94316096793732,8.730693851851393,70.33418034000758,21,4,11,0,-0.7071067811865477,0.7071067811865474,-0.433883739117558,-0.9009688679024191
2023-11-24 22:00:00,90.41284882733866,10.4436335849751,67.04860280562045,22,4,11,0,-0.5000000000000004,0.8660254037844384,-0.433883739117558,-0.9009688679024191
2023-11-24 23:00:00,89.90307590846395,8.041893986976365,62.863349646885396,23,4,11,0,-0.25881904510252157,0.9659258262890681,-0.433883739117558,-0.9009688679024191
2023-11-25 00:00:00,84.01140381713893,10.296385362680132,71.51139856210209,0,5,11,1,0.0,1.0,-0.9749279121818236,-0.2225209339563146
2023-11-25 01:00:00,100.35670243557749,12.467001363619081,62.830199117292445,1,5,11,1,0.25881904510252074,0.9659258262890683,-0.9749279121818236,-0.2225209339563146
2023-11-25 02:00:00,106.07433186349785,14.113206212377229,59.72138960129086,2,5,11,1,0.49999999999999994,0.8660254037844387,-0.9749279121818236,-0.2225209339563146
2023-11-25 03:00:00,101.7175551474812,14.279588190601014,63.357622924762765,3,5,11,1,0.7071067811865475,0.7071067811865476,-0.9749279121818236,-0.2225209339563146
2023-11-25 04:00:00,122.40541703971397,15.250321983520177,57.55191497290357,4,5,11,1,0.8660254037844386,0.5000000000000001,-0.9749279121818236,-0.2225209339563146
2023-11-25 05:00:00,114.26738232733405,14.996419776429924,61.8016903165533,5,5,11,1,0.9659258262890683,0.25881904510252074,-0.9749279121818236,-0.2225209339563146
2023-11-25 06:00:00,105.77527651993367,14.017897502749046,60.20175887500643,6,5,11,1,1.0,6.123233995736766e-17,-0.9749279121818236,-0.2225209339563146
2023-11-25 07:00:00,101.9360603618477,15.253574404530712,64.18617327238553,7,5,11,1,0.9659258262890683,-0.25881904510252063,-0.9749279121818236,-0.2225209339563146
2023-11-25 08:00:00,131.21509117891176,15.336346093204286,64.52462797597086,8,5,11,1,0.8660254037844387,-0.4999999999999998,-0.9749279121818236,-0.2225209339563146
2023-11-25 09:00:00,129.47211833027953,14.554839234798804,66.27801852613757,9,5,11,1,0.7071067811865476,-0.7071067811865475,-0.9749279121818236,-0.2225209339563146
2023-11-25 10:00:00,122.8681020141032,14.359691143656667,64.82947658614803,10,5,11,1,0.49999999999999994,-0.8660254037844387,-0.9749279121818236,-0.2225209339563146
2023-11-25 11:00:00,120.38529238444359,13.855615301584868,63.08275716280756,11,5,11,1,0.258819045102521,-0.9659258262890682,-0.9749279121818236,-0.2225209339563146
2023-11-25 12:00:00,115.05942926695229,13.214586605806993,64.10003388875583,12,5,11,1,1.2246467991473532e-16,-1.0,-0.9749279121818236,-0.2225209339563146
2023-11-25 13:00:00,100.71195077489404,10.206394831784818,67.17151595358449,13,5,11,1,-0.2588190451025208,-0.9659258262890683,-0.9749279121818236,-0.2225209339563146
2023-11-25 14:00:00,78.97266362332958,7.828302059582311,76.19351595040858,14,5,11,1,-0.4999999999999997,-0.8660254037844388,-0.9749279121818236,-0.2225209339563146
2023-11-25 15:00:00,90.81987195168527,11.270964689308709,70.70576789576359,15,5,11,1,-0.7071067811865471,-0.7071067811865479,-0.9749279121818236,-0.2225209339563146
2023-11-25 16:00:00,91.01847062355087,9.306064523740867,72.88989031453018,16,5,11,1,-0.8660254037844384,-0.5000000000000004,-0.9749279121818236,-0.2225209339563146
2023-11-25 17:00:00,81.19543634770949,6.896300433544806,77.562033581508,17,5,11,1,-0.9659258262890683,-0.25881904510252063,-0.9749279121818236,-0.2225209339563146
2023-11-25 18:00:00,82.21576997495926,8.608554850200619,73.97453078926893,18,5,11,1,-1.0,-1.8369701987210297e-16,-0.9749279121818236,-0.2225209339563146
2023-11-25 19:00:00,67.17005983127301,9.9302860602079,70.76029234071727,19,5,11,1,-0.9659258262890684,0.2588190451025203,-0.9749279121818236,-0.2225209339563146
2023-11-25 20:00:00,72.52010911528774,11.321660438183319,74.59731684980595,20,5,11,1,-0.8660254037844386,0.5000000000000001,-0.9749279121818236,-0.2225209339563146
2023-11-25 21:00:00,71.81152845396548,9.739485554952394,70.16790466398412,21,5,11,1,-0.7071067811865477,0.7071067811865474,-0.9749279121818236,-0.2225209339563146
2023-11-25 22:00:00,79.3627778040488,11.781503221486776,71.07806717344695,22,5,11,1,-0.5000000000000004,0.8660254037844384,-0.9749279121818236,-0.2225209339563146
2023-11-25 23:00:00,79.63046042087805,9.342317976579814,70.30007622846853,23,5,11,1,-0.25881904510252157,0.9659258262890681,-0.9749279121818236,-0.2225209339563146
2023-11-26 00:00:00,87.25131033124934,12.279128309693801,65.87592948981906,0,6,11,1,0.0,1.0,-0.7818314824680299,0.6234898018587334
2023-11-26 01:00:00,99.58217836891212,12.86573964361442,66.36504551407806,1,6,11,1,0.25881904510252074,0.9659258262890683,-0.7818314824680299,0.6234898018587334
2023-11-26 02:00:00,100.22267108516792,14.84683721464513,69.15898369194977,2,6,11,1,0.49999999999999994,0.8660254037844387,-0.7818314824680299,0.6234898018587334
2023-11-26 03:00:00,116.32658149537953,17.578200464989337,61.23660019804598,3,6,11,1,0.7071067811865475,0.7071067811865476,-0.7818314824680299,0.6234898018587334
2023-11-26 04:00:00,110.83292722387148,16.171918143645456,66.11337041262468,4,6,11,1,0.8660254037844386,0.5000000000000001,-0.7818314824680299,0.6234898018587334
2023-11-26 05:00:00,120.79306162455183,14.790149633344775,59.79179973425108,5,6,11,1,0.9659258262890683,0.25881904510252074,-0.7818314824680299,0.6234898018587334
2023-11-26 06:00:00,111.41994263487886,14.437824567262995,66.76505151116486,6,6,11,1,1.0,6.123233995736766e-17,-0.7818314824680299,0.6234898018587334
2023-11-26 07:00:00,122.95957524920387,18.665355836375998,58.99683228169935,7,6,11,1,0.9659258262890683,-0.25881904510252063,-0.7818314824680299,0.6234898018587334
2023-11-26 08:00:00,134.40342843752848,16.56777417080442,60.981125555803935,8,6,11,1,0.8660254037844387,-0.4999999999999998,-0.7818314824680299,0.6234898018587334
2023-11-26 09:00:00,135.35108095191035,15.83353158229759,67.64097172384545,9,6,11,1,0.7071067811865476,-0.7071067811865475,-0.7818314824680299,0.6234898018587334
2023-11-26 10:00:00,117.15560562140867,13.817385354251561,69.01554333896279,10,6,11,1,0.49999999999999994,-0.8660254037844387,-0.7818314824680299,0.6234898018587334
2023-11-26 11:00:00,115.18193909552687,13.770051294500666,68.26121079605383,11,6,11,1,0.258819045102521,-0.9659258262890682,-0.7818314824680299,0.6234898018587334
2023-11-26 12:00:00,108.20842022166117,10.852542577898602,64.1132965807939,12,6,11,1,1.2246467991473532e-16,-1.0,-0.7818314824680299,0.6234898018587334
2023-11-26 13:00:00,93.15291300452076,11.87850379023421,69.15898707089258,13,6,11,1,-0.2588190451025208,-0.9659258262890683,-0.7818314824680299,0.6234898018587334
2023-11-26 14:00:00,93.06436080545367,8.570677232227776,70.36259104403425,14,6,11,1,-0.4999999999999997,-0.8660254037844388,-0.7818314824680299,0.6234898018587334
2023-11-26 15:00:00,96.32869176512652,8.96562264480099,69.03404649547674,15,6,11,1,-0.7071067811865471,-0.7071067811865479,-0.7818314824680299,0.6234898018587334
2023-11-26 16:00:00,86.21343629740677,7.904541098961954,74.64550900542666,16,6,11,1,-0.8660254037844384,-0.5000000000000004,-0.7818314824680299,0.6234898018587334
2023-11-26 17:00:00,83.87847467177596,3.5832276679326807,70.82432075290798,17,6,11,1,-0.9659258262890683,-0.25881904510252063,-0.7818314824680299,0.6234898018587334
2023-11-26 18:00:00,88.61250091019039,7.812829497288706,69.48707692393951,18,6,11,1,-1.0,-1.8369701987210297e-16,-0.7818314824680299,0.6234898018587334
2023-11-26 19:00:00,68.87457448398155,7.120979495238148,68.29179739923451,19,6,11,1,-0.9659258262890684,0.2588190451025203,-0.7818314824680299,0.6234898018587334
2023-11-26 20:00:00,69.28855218425001,8.553295996114887,77.69188336315322,20,6,11,1,-0.8660254037844386,0.5000000000000001,-0.7818314824680299,0.6234898018587334
2023-11-26 21:00:00,75.27840539811181,9.507139513065406,70.07003595188516,21,6,11,1,-0.7071067811865477,0.7071067811865474,-0.7818314824680299,0.6234898018587334
2023-11-26 22:00:00,82.2664955868237,12.984880351561191,68.89032942180131,22,6,11,1,-0.5000000000000004,0.8660254037844384,-0.7818314824680299,0.6234898018587334
2023-11-26 23:00:00,85.90867310202242,11.754769752414992,65.81975006059069,23,6,11,1,-0.25881904510252157,0.9659258262890681,-0.7818314824680299,0.6234898018587334
2023-11-27 00:00:00,87.42291768648931,12.976815817799103,71.60711076678186,0,0,11,0,0.0,1.0,0.0,1.0
2023-11-27 01:00:00,119.24266708513794,14.254343801562747,61.80967160195766,1,0,11,0,0.25881904510252074,0.9659258262890683,0.0,1.0
2023-11-27 02:00:00,117.10885482610519,15.783359636685486,60.89093522510707,2,0,11,0,0.49999999999999994,0.8660254037844387,0.0,1.0
2023-11-27 03:00:00,115.32394825248916,15.985493173851763,62.295211588170446,3,0,11,0,0.7071067811865475,0.7071067811865476,0.0,1.0
2023-11-27 04:00:00,121.68209199111477,16.362318020097728,62.242483708406674,4,0,11,0,0.8660254037844386,0.5000000000000001,0.0,1.0
2023-11-27 05:00:00,134.81674756076478,17.406220551324786,63.68368737117632,5,0,11,0,0.9659258262890683,0.25881904510252074,0.0,1.0
2023-11-27 06:00:00,120.70753981933552,12.83569523707714,59.47655096675595,6,0,11,0,1.0,6.123233995736766e-17,0.0,1.0
2023-11-27 07:00:00,129.64828642209835,19.47292754839831,66.3407830510156,7,0,11,0,0.9659258262890683,-0.25881904510252063,0.0,1.0
2023-11-27 08:00:00,157.03750405823283,18.324343250531648,60.30082094929209,8,0,11,0,0.8660254037844387,-0.4999999999999998,0.0,1.0
2023-11-27 09:00:00,143.47868447268323,15.62977762085892,60.23495305546836,9,0,11,0,0.7071067811865476,-0.7071067811865475,0.0,1.0
2023-11-27 10:00:00,128.1669725062057,12.356137192710646,61.192010790693296,10,0,11,0,0.49999999999999994,-0.8660254037844387,0.0,1.0
2023-11-27 11:00:00,121.91372328682735,15.326448697473298,63.628748564203036,11,0,11,0,0.258819045102521,-0.9659258262890682,0.0,1.0
2023-11-27 12:00:00,122.36905776500971,11.43483211972673,63.99770922850295,12,0,11,0,1.2246467991473532e-16,-1.0,0.0,1.0
2023-11-27 13:00:00,109.30459677793208,12.241132212776117,71.30896515619085,13,0,11,0,-0.2588190451025208,-0.9659258262890683,0.0,1.0
2023-11-27 14:00:00,107.89296444972227,8.551288465645598,67.50081137000173,14,0,11,0,-0.4999999999999997,-0.8660254037844388,0.0,1.0
2023-11-27 15:00:00,107.5723496027692,12.986830092037291,71.34749059512656,15,0,11,0,-0.7071067811865471,-0.7071067811865479,0.0,1.0
2023-11-27 16:00:00,97.0110205778561,6.848220110023112,69.61084097339366,16,0,11,0,-0.8660254037844384,-0.5000000000000004,0.0,1.0
2023-11-27 17:00:00,101.49671526121338,8.715422668642276,69.77550830722524,17,0,11,0,-0.9659258262890683,-0.25881904510252063,0.0,1.0
2023-11-27 18:00:00,77.16186337065642,5.292366046556557,76.82294611584697,18,0,11,0,-1.0,-1.8369701987210297e-16,0.0,1.0
2023-11-27 19:00:00,74.14795871863429,8.550109884873038,78.10721827274352,19,0,11,0,-0.9659258262890684,0.2588190451025203,0.0,1.0
2023-11-27 20:00:00,75.43709991020138,8.37361744547863,76.506492626094,20,0,11,0,-0.8660254037844386,0.5000000000000001,0.0,1.0
2023-11-27 21:00:00,90.35806448332247,11.352994834436554,67.33196973269683,21,0,11,0,-0.7071067811865477,0.7071067811865474,0.0,1.0
2023-11-27 22:00:00,91.95643432156315,9.837577720935997,66.50557474601676,22,0,11,0,-0.5000000000000004,0.8660254037844384,0.0,1.0
2023-11-27 23:00:00,94.76990850854779,13.148306062183204,74.99138807595116,23,0,11,0,-0.25881904510252157,0.9659258262890681,0.0,1.0
2023-11-28 00:00:00,95.65510778402654,11.083767433234001,66.88112490019665,0,1,11,0,0.0,1.0,0.7818314824680298,0.6234898018587336
2023-11-28 01:00:00,103.90157742377676,13.232282060459974,61.96682295768948,1,1,11,0,0.25881904510252074,0.9659258262890683,0.7818314824680298,0.6234898018587336
2023-11-28 02:00:00,103.32230981703788,14.227080137736248,67.89083407635675,2,1,11,0,0.49999999999999994,0.8660254037844387,0.7818314824680298,0.6234898018587336
2023-11-28 03:00:00,121.06390714126482,16.191757792812574,63.603637499769235,3,1,11,0,0.7071067811865475,0.7071067811865476,0.7818314824680298,0.6234898018587336
2023-11-28 04:00:00,125.83749551637979,16.636611539365347,64.15646180461229,4,1,11,0,0.8660254037844386,0.5000000000000001,0.7818314824680298,0.6234898018587336
2023-11-28 05:00:00,130.07311070996263,17.566989322158324,55.13489709036387,5,1,11,0,0.9659258262890683,0.25881904510252074,0.7818314824680298,0.6234898018587336
2023-11-28 06:00:00,132.05678067158436,17.020194189551617,60.66529844971032,6,1,11,0,1.0,6.123233995736766e-17,0.7818314824680298,0.6234898018587336
2023-11-28 07:00:00,125.30116666004412,17.475623829692953,64.69497834457422,7,1,11,0,0.9659258262890683,-0.25881904510252063,0.7818314824680298,0.6234898018587336
2023-11-28 08:00:00,139.54474169409966,14.737254006715055,60.526884343031696,8,1,11,0,0.8660254037844387,-0.4999999999999998,0.7818314824680298,0.6234898018587336
2023-11-28 09:00:00,129.0683410515914,16.03157340968505,67.1064834744002,9,1,11,0,0.7071067811865476,-0.7071067811865475,0.7818314824680298,0.6234898018587336
2023-11-28 10:00:00,136.8920274880328,17.03225717578553,60.693857829331996,10,1,11,0,0.49999999999999994,-0.8660254037844387,0.7818314824680298,0.6234898018587336
2023-11-28 11:00:00,126.09561042034866,11.135235313945698,65.75346799015941,11,1,11,0,0.258819045102521,-0.9659258262890682,0.7818314824680298,0.6234898018587336
2023-11-28 12:00:00,124.97587478296808,13.353460217070399,72.57888750929237,12,1,11,0,1.2246467991473532e-16,-1.0,0.7818314824680298,0.6234898018587336
2023-11-28 13:00:00,116.08191793149972,12.599841771114102,65.74446029399398,13,1,11,0,-0.2588190451025208,-0.9659258262890683,0.7818314824680298,0.6234898018587336
2023-11-28 14:00:00,114.96671180943166,12.811727850824536,71.45855456563605,14,1,11,0,-0.4999999999999997,-0.8660254037844388,0.7818314824680298,0.6234898018587336
2023-11-28 15:00:00,109.82445058276909,10.880591559806135,73.64206304098239,15,1,11,0,-0.7071067811865471,-0.7071067811865479,0.7818314824680298,0.6234898018587336
2023-11-28 16:00:00,93.16595044145352,9.306320582717317,73.11448702013713,16,1,11,0,-0.8660254037844384,-0.5000000000000004,0.7818314824680298,0.6234898018587336
2023-11-28 17:00:00,98.47703349357845,9.401354772725792,72.68953397338598,17,1,11,0,-0.9659258262890683,-0.25881904510252063,0.7818314824680298,0.6234898018587336
2023-11-28 18:00:00,94.78948989134136,7.517391532774997,71.01516791867878,18,1,11,0,-1.0,-1.8369701987210297e-16,0.7818314824680298,0.6234898018587336
2023-11-28 19:00:00,80.92959215994297,8.174292870924116,74.02931678089608,19,1,11,0,-0.9659258262890684,0.2588190451025203,0.7818314824680298,0.6234898018587336
2023-11-28 20:00:00,71.73391043525427,7.152292409926261,72.53230500499589,20,1,11,0,-0.8660254037844386,0.5000000000000001,0.7818314824680298,0.6234898018587336
2023-11-28 21:00:00,91.93813034969348,12.022065431387153,67.57787905548848,21,1,11,0,-0.7071067811865477,0.7071067811865474,0.7818314824680298,0.6234898018587336
2023-11-28 22:00:00,86.76698038317977,11.295184263043275,73.94366541982366,22,1,11,0,-0.5000000000000004,0.8660254037844384,0.7818314824680298,0.6234898018587336
2023-11-28 23:00:00,95.98510391652297,10.210503413720001,66.46688537907981,23,1,11,0,-0.25881904510252157,0.9659258262890681,0.7818314824680298,0.6234898018587336
2023-11-29 00:00:00,111.29014864769599,13.172879370338375,63.55021606000149,0,2,11,0,0.0,1.0,0.9749279121818236,-0.22252093395631434
2023-11-29 01:00:00,120.15635203076283,15.54014167174608,64.44120297784713,1,2,11,0,0.25881904510252074,0.9659258262890683,0.9749279121818236,-0.22252093395631434
2023-11-29 02:00:00,125.05850924969977,16.255032414526074,62.103004309345295,2,2,11,0,0.49999999999999994,0.8660254037844387,0.9749279121818236,-0.22252093395631434
2023-11-29 03:00:00,112.56011886333114,14.202813131341086,62.763799336535854,3,2,11,0,0.7071067811865475,0.7071067811865476,0.9749279121818236,-0.22252093395631434
2023-11-29 04:00:00,114.63538429671834,11.529187317662931,58.85765699076188,4,2,11,0,0.8660254037844386,0.5000000000000001,0.9749279121818236,-0.22252093395631434
2023-11-29 05:00:00,131.56487905867286,17.222626358845343,63.32952207159542,5,2,11,0,0.9659258262890683,0.25881904510252074,0.9749279121818236,-0.22252093395631434
2023-11-29 06:00:00,125.08192606053674,15.435539478587149,65.92431513999603,6,2,11,0,1.0,6.123233995736766e-17,0.9749279121818236,-0.22252093395631434
2023-11-29 07:00:00,126.48209709632185,17.563038490471524,62.30320263374041,7,2,11,0,0.9659258262890683,-0.25881904510252063,0.9749279121818236,-0.22252093395631434
2023-11-29 08:00:00,142.62079069021974,17.655351123986613,58.25215365401906,8,2,11,0,0.8660254037844387,-0.4999999999999998,0.9749279121818236,-0.22252093395631434
2023-11-29 09:00:00,123.17406502877067,17.26472071783576,60.79886310310802,9,2,11,0,0.7071067811865476,-0.7071067811865475,0.9749279121818236,-0.22252093395631434
2023-11-29 10:00:00,129.27464885848158,17.382954655312297,65.44500310303108,10,2,11,0,0.49999999999999994,-0.8660254037844387,0.9749279121818236,-0.22252093395631434
2023-11-29 11:00:00,132.1302900458102,15.655655483870538,60.32738751500443,11,2,11,0,0.258819045102521,-0.9659258262890682,0.9749279121818236,-0.22252093395631434
2023-11-29 12:00:00,125.82507700413564,15.39016716952053,64.08281643146319,12,2,11,0,1.2246467991473532e-16,-1.0,0.9749279121818236,-0.22252093395631434
2023-11-29 13:00:00,122.50023751877741,13.799158260787411,64.39156559978147,13,2,11,0,-0.2588190451025208,-0.9659258262890683,0.9749279121818236,-0.22252093395631434
2023-11-29 14:00:00,114.45038603137486,12.96517028737775,71.12745059545145,14,2,11,0,-0.4999999999999997,-0.8660254037844388,0.9749279121818236,-0.22252093395631434
2023-11-29 15:00:00,109.53890305768594,9.876114592651652,78.51034133844844,15,2,11,0,-0.7071067811865471,-0.7071067811865479,0.9749279121818236,-0.22252093395631434
2023-11-29 16:00:00,92.99352692528491,7.3677526643581785,69.19435170460193,16,2,11,0,-0.8660254037844384,-0.5000000000000004,0.9749279121818236,-0.22252093395631434
2023-11-29 17:00:00,91.57913375566258,12.625546002911843,76.02570689782893,17,2,11,0,-0.9659258262890683,-0.25881904510252063,0.9749279121818236,-0.22252093395631434
2023-11-29 18:00:00,91.42115567541408,8.860273329168528,72.08953371284618,18,2,11,0,-1.0,-1.8369701987210297e-16,0.9749279121818236,-0.22252093395631434
2023-11-29 19:00:00,91.79173567245961,10.745202717149576,69.6161992651086,19,2,11,0,-0.9659258262890684,0.2588190451025203,0.9749279121818236,-0.22252093395631434
2023-11-29 20:00:00,75.72814318046167,8.476330064670412,77.66970174404388,20,2,11,0,-0.8660254037844386,0.5000000000000001,0.9749279121818236,-0.22252093395631434
2023-11-29 21:00:00,87.97350653275859,11.383300465416765,78.50333655629012,21,2,11,0,-0.7071067811865477,0.7071067811865474,0.9749279121818236,-0.22252093395631434
2023-11-29 22:00:00,78.74748006307495,7.098398938784548,72.01675038339819,22,2,11,0,-0.5000000000000004,0.8660254037844384,0.9749279121818236,-0.22252093395631434
2023-11-29 23:00:00,91.0196495630033,11.11490265943298,70.42160900259418,23,2,11,0,-0.25881904510252157,0.9659258262890681,0.9749279121818236,-0.22252093395631434
2023-11-30 00:00:00,93.43232136711318,12.765673936390526,68.10122702383403,0,3,11,0,0.0,1.0,0.43388373911755823,-0.900968867902419
2023-11-30 01:00:00,108.84962107397067,14.64247989434682,65.91676167812787,1,3,11,0,0.25881904510252074,0.9659258262890683,0.43388373911755823,-0.900968867902419
2023-11-30 02:00:00,117.49331376701429,16.52132757638062,65.93465141922104,2,3,11,0,0.49999999999999994,0.8660254037844387,0.43388373911755823,-0.900968867902419
2023-11-30 03:00:00,120.21728826653609,14.100503303779675,65.70012980436069,3,3,11,0,0.7071067811865475,0.7071067811865476,0.43388373911755823,-0.900968867902419
2023-11-30 04:00:00,125.91185198973396,17.367344459997017,67.70828471657687,4,3,11,0,0.8660254037844386,0.5000000000000001,0.43388373911755823,-0.900968867902419
2023-11-30 05:00:00,141.10956749023913,18.61699433159034,60.55066040504932,5,3,11,0,0.9659258262890683,0.25881904510252074,0.43388373911755823,-0.900968867902419
2023-11-30 06:00:00,133.2832667228932,20.432157935610345,62.296574891676656,6,3,11,0,1.0,6.123233995736766e-17,0.43388373911755823,-0.900968867902419
2023-11-30 07:00:00,130.1228428368787,17.836935842391533,61.8535038129084,7,3,11,0,0.9659258262890683,-0.25881904510252063,0.43388373911755823,-0.900968867902419
2023-11-30 08:00:00,139.1887775137592,15.68813320439488,65.7904488302649,8,3,11,0,0.8660254037844387,-0.4999999999999998,0.43388373911755823,-0.900968867902419
2023-11-30 09:00:00,126.99476672725194,13.834070700562755,70.8720168262585,9,3,11,0,0.7071067811865476,-0.7071067811865475,0.43388373911755823,-0.900968867902419
2023-11-30 10:00:00,138.55196958544278,17.657094008276804,68.09010858920979,10,3,11,0,0.49999999999999994,-0.8660254037844387,0.43388373911755823,-0.900968867902419
2023-11-30 11:00:00,126.40411876938289,15.054579645278455,68.75623269939646,11,3,11,0,0.258819045102521,-0.9659258262890682,0.43388373911755823,-0.900968867902419
2023-11-30 12:00:00,127.2149801442271,12.880327114108598,70.63803845874271,12,3,11,0,1.2246467991473532e-16,-1.0,0.43388373911755823,-0.900968867902419
2023-11-30 13:00:00,103.22855902331393,9.448286939736146,73.26959759382596,13,3,11,0,-0.2588190451025208,-0.9659258262890683,0.43388373911755823,-0.900968867902419
2023-11-30 14:00:00,99.29687640230654,9.51651463513188,78.15775707556905,14,3,11,0,-0.4999999999999997,-0.8660254037844388,0.43388373911755823,-0.900968867902419
2023-11-30 15:00:00,101.39095458649957,11.031843869893674,67.10090018020465,15,3,11,0,-0.7071067811865471,-0.7071067811865479,0.43388373911755823,-0.900968867902419
2023-11-30 16:00:00,100.39303524285006,9.979938482530054,74.90935248117111,16,3,11,0,-0.8660254037844384,-0.5000000000000004,0.43388373911755823,-0.900968867902419
2023-11-30 17:00:00,88.71604471302477,6.130089917873004,65.9663412617877,17,3,11,0,-0.9659258262890683,-0.25881904510252063,0.43388373911755823,-0.900968867902419
2023-11-30 18:00:00,95.4458044215468,9.8622093962317,76.7684757473843,18,3,11,0,-1.0,-1.8369701987210297e-16,0.43388373911755823,-0.900968867902419
2023-11-30 19:00:00,66.74785362921168,6.696932583992744,75.36308405912521,19,3,11,0,-0.9659258262890684,0.2588190451025203,0.43388373911755823,-0.900968867902419
2023-11-30 20:00:00,80.49711645778851,11.480202549244591,71.47008674847928,20,3,11,0,-0.8660254037844386,0.5000000000000001,0.43388373911755823,-0.900968867902419
2023-11-30 21:00:00,86.15254581966263,10.397697309090203,64.14696395592097,21,3,11,0,-0.7071067811865477,0.7071067811865474,0.43388373911755823,-0.900968867902419
2023-11-30 22:00:00,92.1485033864131,10.218158388355006,70.87123092563385,22,3,11,0,-0.5000000000000004,0.8660254037844384,0.43388373911755823,-0.900968867902419
2023-11-30 23:00:00,97.82161671104625,13.36324588973488,70.13585626724117,23,3,11,0,-0.25881904510252157,0.9659258262890681,0.43388373911755823,-0.900968867902419
2023-12-01 00:00:00,103.43618068489741,13.592493431068903,67.85451731254447,0,4,12,0,0.0,1.0,-0.433883739117558,-0.9009688679024191
2023-12-01 01:00:00,117.15791982809938,16.084912091567837,64.62664264743177,1,4,12,0,0.25881904510252074,0.9659258262890683,-0.433883739117558,-0.9009688679024191
2023-12-01 02:00:00,114.07208145483547,15.182957918484577,62.35347531037594,2,4,12,0,0.49999999999999994,0.8660254037844387,-0.433883739117558,-0.9009688679024191
2023-12-01 03:00:00,111.40811679828715,16.098900672754986,63.64584391383097,3,4,12,0,0.7071067811865475,0.7071067811865476,-0.433883739117558,-0.9009688679024191
2023-12-01 04:00:00,119.88854153464429,16.098470464641117,60.442058720002485,4,4,12,0,0.8660254037844386,0.5000000000000001,-0.433883739117558,-0.9009688679024191
2023-12-01 05:00:00,125.13332666418921,17.320398517707247,64.67618681006222,5,4,12,0,0.9659258262890683,0.25881904510252074,-0.433883739117558,-0.9009688679024191
2023-12-01 06:00:00,132.86496275596022,19.609170818084106,61.807732628380485,6,4,12,0,1.0,6.123233995736766e-17,-0.433883739117558,-0.9009688679024191
2023-12-01 07:00:00,131.735491474024,16.171801548464934,57.07428809418767,7,4,12,0,0.9659258262890683,-0.25881904510252063,-0.433883739117558,-0.9009688679024191
2023-12-01 08:00:00,143.75515569821107,17.49827883753393,63.377786817459075,8,4,12,0,0.8660254037844387,-0.4999999999999998,-0.433883739117558,-0.9009688679024191
2023-12-01 09:00:00,140.77779284235746,14.570006248634488,65.04377454456197,9,4,12,0,0.7071067811865476,-0.7071067811865475,-0.433883739117558,-0.9009688679024191
2023-12-01 10:00:00,126.73396947070948,11.962146321882551,69.89780446382056,10,4,12,0,0.49999999999999994,-0.8660254037844387,-0.433883739117558,-0.9009688679024191
2023-12-01 11:00:00,119.53114955156543,14.408708789365475,69.27534376305893,11,4,12,0,0.258819045102521,-0.9659258262890682,-0.433883739117558,-0.9009688679024191
2023-12-01 12:00:00,111.06574615380924,13.617852633604361,65.34776817334989,12,4,12,0,1.2246467991473532e-16,-1.0,-0.433883739117558,-0.9009688679024191
2023-12-01 13:00:00,106.68946470639187,11.861891413826417,73.87423449475345,13,4,12,0,-0.2588190451025208,-0.9659258262890683,-0.433883739117558,-0.9009688679024191
2023-12-01 14:00:00,107.4493879799904,8.818267042241873,66.88574431284357,14,4,12,0,-0.4999999999999997,-0.8660254037844388,-0.433883739117558,-0.9009688679024191
2023-12-01 15:00:00,105.98159362284909,10.69026898561647,72.37098234806837,15,4,12,0,-0.7071067811865471,-0.7071067811865479,-0.433883739117558,-0.9009688679024191
2023-12-01 16:00:00,98.17950677214967,9.997613334471641,75.50219756047133,16,4,12,0,-0.8660254037844384,-0.5000000000000004,-0.433883739117558,-0.9009688679024191
2023-12-01 17:00:00,92.23005468621196,7.865370246605092,78.21548217924855,17,4,12,0,-0.9659258262890683,-0.25881904510252063,-0.433883739117558,-0.9009688679024191
2023-12-01 18:00:00,95.27419843415227,7.032007141190696,79.71054389068048,18,4,12,0,-1.0,-1.8369701987210297e-16,-0.433883739117558,-0.9009688679024191
2023-12-01 19:00:00,75.64384734859337,8.819959301685,77.66356719197404,19,4,12,0,-0.9659258262890684,0.2588190451025203,-0.433883739117558,-0.9009688679024191
2023-12-01 20:00:00,84.9611563100315,10.577536753429126,72.83014943837317,20,4,12,0,-0.8660254037844386,0.5000000000000001,-0.433883739117558,-0.9009688679024191
2023-12-01 21:00:00,93.23638213475947,10.85879947134202,74.02549720382656,21,4,12,0,-0.7071067811865477,0.7071067811865474,-0.433883739117558,-0.9009688679024191
2023-12-01 22:00:00,78.35790723897325,9.740989001649107,71.71705286691568,22,4,12,0,-0.5000000000000004,0.8660254037844384,-0.433883739117558,-0.9009688679024191
2023-12-01 23:00:00,106.62230811858151,12.23235594552315,67.46845045940952,23,4,12,0,-0.25881904510252157,0.9659258262890681,-0.433883739117558,-0.9009688679024191
2023-12-02 00:00:00,83.41104893288848,14.54335120705547,67.82252557260394,0,5,12,1,0.0,1.0,-0.9749279121818236,-0.2225209339563146
2023-12-02 01:00:00,89.28419893224718,12.488939215351978,72.00994839831993,1,5,12,1,0.25881904510252074,0.9659258262890683,-0.9749279121818236,-0.2225209339563146
2023-12-02 02:00:00,102.29147318989499,15.30739465090691,67.1078860413312,2,5,12,1,0.49999999999999994,0.8660254037844387,-0.9749279121818236,-0.2225209339563146
2023-12-02 03:00:00,103.23406898598193,18.050550193844618,70.10486334600873,3,5,12,1,0.7071067811865475,0.7071067811865476,-0.9749279121818236,-0.2225209339563146
2023-12-02 04:00:00,112.78474634182646,14.764364981039025,59.72575311603076,4,5,12,1,0.8660254037844386,0.5000000000000001,-0.9749279121818236,-0.2225209339563146
2023-12-02 05:00:00,121.53577025868,18.809654340572656,61.2291736655173,5,5,12,1,0.9659258262890683,0.25881904510252074,-0.9749279121818236,-0.2225209339563146
2023-12-02 06:00:00,126.23767494313697,19.641442777325697,63.41517675824738,6,5,12,1,1.0,6.123233995736766e-17,-0.9749279121818236,-0.2225209339563146
2023-12-02 07:00:00,119.38119600707964,16.74305661624206,64.60091989118284,7,5,12,1,0.9659258262890683,-0.25881904510252063,-0.9749279121818236,-0.2225209339563146
2023-12-02 08:00:00,133.59451764044888,16.16225028545545,62.62289659063954,8,5,12,1,0.8660254037844387,-0.4999999999999998,-0.9749279121818236,-0.2225209339563146
2023-12-02 09:00:00,136.5848638171914,17.59073035211765,66.32826314374046,9,5,12,1,0.7071067811865476,-0.7071067811865475,-0.9749279121818236,-0.2225209339563146
2023-12-02 10:00:00,125.53708159165541,14.933466036297839,67.54827546575764,10,5,12,1,0.49999999999999994,-0.8660254037844387,-0.9749279121818236,-0.2225209339563146
2023-12-02 11:00:00,112.35970836166936,10.718247728209565,62.4527182836676,11,5,12,1,0.258819045102521,-0.9659258262890682,-0.9749279121818236,-0.2225209339563146
2023-12-02 12:00:00,110.62789145266173,13.064469706807749,70.42972599548293,12,5,12,1,1.2246467991473532e-16,-1.0,-0.9749279121818236,-0.2225209339563146
2023-12-02 13:00:00,101.37825897820396,12.882991370723879,72.94210867525467,13,5,12,1,-0.2588190451025208,-0.9659258262890683,-0.9749279121818236,-0.2225209339563146
2023-12-02 14:00:00,94.5190050847316,12.322787379215821,72.0578664604419,14,5,12,1,-0.4999999999999997,-0.8660254037844388,-0.9749279121818236,-0.2225209339563146
2023-12-02 15:00:00,96.79288842440694,9.063290726968045,66.89215803854925,15,5,12,1,-0.7071067811865471,-0.7071067811865479,-0.9749279121818236,-0.2225209339563146
2023-12-02 16:00:00,82.08136921861775,9.343858304495452,72.53504482091965,16,5,12,1,-0.8660254037844384,-0.5000000000000004,-0.9749279121818236,-0.2225209339563146
2023-12-02 17:00:00,88.38759173603817,10.814319189914293,75.27877693117824,17,5,12,1,-0.9659258262890683,-0.25881904510252063,-0.9749279121818236,-0.2225209339563146
2023-12-02 18:00:00,76.36749013780505,9.122663666722111,71.57228738071208,18,5,12,1,-1.0,-1.8369701987210297e-16,-0.9749279121818236,-0.2225209339563146
2023-12-02 19:00:00,63.473978739436994,7.055851302744473,76.7198797815611,19,5,12,1,-0.9659258262890684,0.2588190451025203,-0.9749279121818236,-0.2225209339563146
2023-12-02 20:00:00,70.2255503698865,11.605016998134928,75.55432439866087,20,5,12,1,-0.8660254037844386,0.5000000000000001,-0.9749279121818236,-0.2225209339563146
2023-12-02 21:00:00,77.63988307705344,10.063067940530058,72.8155019882834,21,5,12,1,-0.7071067811865477,0.7071067811865474,-0.9749279121818236,-0.2225209339563146
2023-12-02 22:00:00,82.83649566689627,12.849489764614187,71.22172167543786,22,5,12,1,-0.5000000000000004,0.8660254037844384,-0.9749279121818236,-0.2225209339563146
2023-12-02 23:00:00,81.98585976871817,10.084200374632207,70.30097466415852,23,5,12,1,-0.25881904510252157,0.9659258262890681,-0.9749279121818236,-0.2225209339563146
2023-12-03 00:00:00,93.94324022135568,13.183017169587862,68.27888081488048,0,6,12,1,0.0,1.0,-0.7818314824680299,0.6234898018587334
2023-12-03 01:00:00,101.2513915321691,15.164377506897424,62.88168261019301,1,6,12,1,0.25881904510252074,0.9659258262890683,-0.7818314824680299,0.6234898018587334
2023-12-03 02:00:00,104.31285841085261,15.233779998720006,64.00073858077735,2,6,12,1,0.49999999999999994,0.8660254037844387,-0.7818314824680299,0.6234898018587334
2023-12-03 03:00:00,105.50627859762935,14.418415112236188,64.26584533848052,3,6,12,1,0.7071067811865475,0.7071067811865476,-0.7818314824680299,0.6234898018587334
2023-12-03 04:00:00,105.86192386266167,13.24839394584397,67.35071538866423,4,6,12,1,0.8660254037844386,0.5000000000000001,-0.7818314824680299,0.6234898018587334
2023-12-03 05:00:00,118.67199638058254,19.513098290382803,64.57163620780213,5,6,12,1,0.9659258262890683,0.25881904510252074,-0.7818314824680299,0.6234898018587334
2023-12-03 06:00:00,119.52883860149257,17.736554593823477,66.70801323667139,6,6,12,1,1.0,6.123233995736766e-17,-0.7818314824680299,0.6234898018587334
2023-12-03 07:00:00,115.36669981186877,18.97840217531447,58.28063908085825,7,6,12,1,0.9659258262890683,-0.25881904510252063,-0.7818314824680299,0.6234898018587334
2023-12-03 08:00:00,129.8357387698033,18.221602555149914,62.02637510974371,8,6,12,1,0.8660254037844387,-0.4999999999999998,-0.7818314824680299,0.6234898018587334
2023-12-03 09:00:00,137.44986903847058,17.08819465489705,70.26999300358946,9,6,12,1,0.7071067811865476,-0.7071067811865475,-0.7818314824680299,0.6234898018587334
2023-12-03 10:00:00,123.0706188287952,14.882491258250887,63.062154728307405,10,6,12,1,0.49999999999999994,-0.8660254037844387,-0.7818314824680299,0.6234898018587334
2023-12-03 11:00:00,116.43765007381276,15.134423859840267,64.44936193764944,11,6,12,1,0.258819045102521,-0.9659258262890682,-0.7818314824680299,0.6234898018587334
2023-12-03 12:00:00,116.66421276163608,15.513302710527576,67.47579531925801,12,6,12,1,1.2246467991473532e-16,-1.0,-0.7818314824680299,0.6234898018587334
2023-12-03 13:00:00,106.13703376943029,12.453737502972041,75.89830882442122,13,6,12,1,-0.2588190451025208,-0.9659258262890683,-0.7818314824680299,0.6234898018587334
2023-12-03 14:00:00,109.45349683246549,14.217048857570276,69.27648676742692,14,6,12,1,-0.4999999999999997,-0.8660254037844388,-0.7818314824680299,0.6234898018587334
2023-12-03 15:00:00,85.3828939004232,8.286937336525018,74.20615344835346,15,6,12,1,-0.7071067811865471,-0.7071067811865479,-0.7818314824680299,0.6234898018587334
2023-12-03 16:00:00,82.54725461594937,7.490032758940065,74.66331389654577,16,6,12,1,-0.8660254037844384,-0.5000000000000004,-0.7818314824680299,0.6234898018587334
2023-12-03 17:00:00,92.49709233222137,10.982906807594308,68.30114781312398,17,6,12,1,-0.9659258262890683,-0.25881904510252063,-0.7818314824680299,0.6234898018587334
2023-12-03 18:00:00,86.27150693704704,8.136382886190171,74.24402742839717,18,6,12,1,-1.0,-1.8369701987210297e-16,-0.7818314824680299,0.6234898018587334
2023-12-03 19:00:00,76.72464113471658,12.565799366458382,72.42783870160399,19,6,12,1,-0.9659258262890684,0.2588190451025203,-0.7818314824680299,0.6234898018587334
2023-12-03 20:00:00,70.20197964299336,11.906407732683151,75.52112778560686,20,6,12,1,-0.8660254037844386,0.5000000000000001,-0.7818314824680299,0.6234898018587334
2023-12-03 21:00:00,75.04737747265558,12.917427426362359,77.75091072621332,21,6,12,1,-0.7071067811865477,0.7071067811865474,-0.7818314824680299,0.6234898018587334
2023-12-03 22:00:00,83.23412726173638,12.691151749298363,70.25741431142708,22,6,12,1,-0.5000000000000004,0.8660254037844384,-0.7818314824680299,0.6234898018587334
2023-12-03 23:00:00,92.90153603035432,10.946845675055961,68.8102015336465,23,6,12,1,-0.25881904510252157,0.9659258262890681,-0.7818314824680299,0.6234898018587334
2023-12-04 00:00:00,94.42931240335123,11.028694182393107,75.96226365753579,0,0,12,0,0.0,1.0,0.0,1.0
2023-12-04 01:00:00,133.1854777580937,16.79592476678951,64.72124013774231,1,0,12,0,0.25881904510252074,0.9659258262890683,0.0,1.0
2023-12-04 02:00:00,113.97487867840115,13.268354273577808,61.37977399678559,2,0,12,0,0.49999999999999994,0.8660254037844387,0.0,1.0
2023-12-04 03:00:00,116.01798510761328,18.723462238933365,68.29885398973923,3,0,12,0,0.7071067811865475,0.7071067811865476,0.0,1.0
2023-12-04 04:00:00,130.15679912354352,17.986230338077682,63.060725907721455,4,0,12,0,0.8660254037844386,0.5000000000000001,0.0,1.0
2023-12-04 05:00:00,133.4273598057774,17.267030907022015,63.46318230708911,5,0,12,0,0.9659258262890683,0.25881904510252074,0.0,1.0
2023-12-04 06:00:00,129.39591845100202,18.18077810909886,69.10329723096245,6,0,12,0,1.0,6.123233995736766e-17,0.0,1.0
2023-12-04 07:00:00,133.7535160503206,18.079346290925816,58.40428681855332,7,0,12,0,0.9659258262890683,-0.25881904510252063,0.0,1.0
2023-12-04 08:00:00,142.4776856204285,16.678192614853028,62.626239122525156,8,0,12,0,0.8660254037844387,-0.4999999999999998,0.0,1.0
2023-12-04 09:00:00,145.45968364319413,18.484664559721054,60.45733173199139,9,0,12,0,0.7071067811865476,-0.7071067811865475,0.0,1.0
2023-12-04 10:00:00,127.10226746892718,17.604807873495194,66.4143293212817,10,0,12,0,0.49999999999999994,-0.8660254037844387,0.0,1.0
2023-12-04 11:00:00,135.03386730960375,14.78647171573739,65.196853692519,11,0,12,0,0.258819045102521,-0.9659258262890682,0.0,1.0
2023-12-04 12:00:00,121.28286443466308,12.617715002545436,64.88996618404565,12,0,12,0,1.2246467991473532e-16,-1.0,0.0,1.0
2023-12-04 13:00:00,124.39085192622626,14.441361468792248,72.15852558435775,13,0,12,0,-0.2588190451025208,-0.9659258262890683,0.0,1.0
2023-12-04 14:00:00,101.73139079049538,8.483866012387667,71.43976629693657,14,0,12,0,-0.4999999999999997,-0.8660254037844388,0.0,1.0
2023-12-04 15:00:00,108.20884190535645,11.35511836836669,68.8965242093905,15,0,12,0,-0.7071067811865471,-0.7071067811865479,0.0,1.0
2023-12-04 16:00:00,111.44988479831332,11.162967629771522,70.03384237977326,16,0,12,0,-0.8660254037844384,-0.5000000000000004,0.0,1.0
2023-12-04 17:00:00,102.38065161453818,8.411475525272603,74.82775850053049,17,0,12,0,-0.9659258262890683,-0.25881904510252063,0.0,1.0
2023-12-04 18:00:00,107.5661282190514,10.978384813752363,69.39645745325498,18,0,12,0,-1.0,-1.8369701987210297e-16,0.0,1.0
2023-12-04 19:00:00,70.39562547155774,9.614424485464681,74.8867867106391,19,0,12,0,-0.9659258262890684,0.2588190451025203,0.0,1.0
2023-12-04 20:00:00,72.401853559319,9.235054784534462,77.62360192260836,20,0,12,0,-0.8660254037844386,0.5000000000000001,0.0,1.0
2023-12-04 21:00:00,91.80835206185732,12.134114467345212,74.65260051966895,21,0,12,0,-0.7071067811865477,0.7071067811865474,0.0,1.0
2023-12-04 22:00:00,86.5129928249706,9.889179939549269,69.53880365387106,22,0,12,0,-0.5000000000000004,0.8660254037844384,0.0,1.0
2023-12-04 23:00:00,100.40723757448588,13.786220407031626,70.78471403316674,23,0,12,0,-0.25881904510252157,0.9659258262890681,0.0,1.0
2023-12-05 00:00:00,102.78297589513231,10.6987247537668,64.76779669440788,0,1,12,0,0.0,1.0,0.7818314824680298,0.6234898018587336
2023-12-05 01:00:00,113.51474109926073,15.13607692500256,67.37846255346969,1,1,12,0,0.25881904510252074,0.9659258262890683,0.7818314824680298,0.6234898018587336
2023-12-05 02:00:00,113.1772831999548,15.738010008815925,64.54197668897483,2,1,12,0,0.49999999999999994,0.8660254037844387,0.7818314824680298,0.6234898018587336
2023-12-05 03:00:00,128.4087600247546,15.69112754894323,61.161830346758116,3,1,12,0,0.7071067811865475,0.7071067811865476,0.7818314824680298,0.6234898018587336
2023-12-05 04:00:00,124.33200946343746,17.720782991466955,65.19752294715508,4,1,12,0,0.8660254037844386,0.5000000000000001,0.7818314824680298,0.6234898018587336
2023-12-05 05:00:00,135.76600614466878,17.416592185600276,56.79454851136867,5,1,12,0,0.9659258262890683,0.25881904510252074,0.7818314824680298,0.6234898018587336
2023-12-05 06:00:00,134.44714790469274,19.254287515454003,58.96508694261015,6,1,12,0,1.0,6.123233995736766e-17,0.7818314824680298,0.6234898018587336
2023-12-05 07:00:00,142.6027660870177,18.37617386285711,59.5302268356832,7,1,12,0,0.9659258262890683,-0.25881904510252063,0.7818314824680298,0.6234898018587336
2023-12-05 08:00:00,154.6078694226204,17.815387038944966,61.81195016981869,8,1,12,0,0.8660254037844387,-0.4999999999999998,0.7818314824680298,0.6234898018587336
2023-12-05 09:00:00,150.31279316221503,16.938463004582182,68.17789697925926,9,1,12,0,0.7071067811865476,-0.7071067811865475,0.7818314824680298,0.6234898018587336
2023-12-05 10:00:00,141.5033140149184,14.96399438967512,67.78530487099624,10,1,12,0,0.49999999999999994,-0.8660254037844387,0.7818314824680298,0.6234898018587336
2023-12-05 11:00:00,128.14374460391412,14.254814929942222,67.28554717997618,11,1,12,0,0.258819045102521,-0.9659258262890682,0.7818314824680298,0.6234898018587336
2023-12-05 12:00:00,121.27567971196022,14.044567834827017,68.69701750591189,12,1,12,0,1.2246467991473532e-16,-1.0,0.7818314824680298,0.6234898018587336
2023-12-05 13:00:00,110.67040598146332,12.376928663424897,70.04016871981601,13,1,12,0,-0.2588190451025208,-0.9659258262890683,0.7818314824680298,0.6234898018587336
2023-12-05 14:00:00,112.77217801286264,13.33942332014518,75.63800011185361,14,1,12,0,-0.4999999999999997,-0.8660254037844388,0.7818314824680298,0.6234898018587336
2023-12-05 15:00:00,109.17989672034835,10.983992234065125,67.3181004653135,15,1,12,0,-0.7071067811865471,-0.7071067811865479,0.7818314824680298,0.6234898018587336
2023-12-05 16:00:00,100.98646974563341,10.772092371095626,76.03335179954793,16,1,12,0,-0.8660254037844384,-0.5000000000000004,0.7818314824680298,0.6234898018587336
2023-12-05 17:00:00,91.7730509707505,7.704514868496069,72.79349772506106,17,1,12,0,-0.9659258262890683,-0.25881904510252063,0.7818314824680298,0.6234898018587336
2023-12-05 18:00:00,101.7304586228201,11.087089482586249,76.03149621686751,18,1,12,0,-1.0,-1.8369701987210297e-16,0.7818314824680298,0.6234898018587336
2023-12-05 19:00:00,76.32163673612828,8.936780378827894,75.84140810866488,19,1,12,0,-0.9659258262890684,0.2588190451025203,0.7818314824680298,0.6234898018587336
2023-12-05 20:00:00,76.61478751322458,8.644162085912859,75.91841251062324,20,1,12,0,-0.8660254037844386,0.5000000000000001,0.7818314824680298,0.6234898018587336
2023-12-05 21:00:00,89.9840989970344,13.313095963418348,77.51610844342581,21,1,12,0,-0.7071067811865477,0.7071067811865474,0.7818314824680298,0.6234898018587336
2023-12-05 22:00:00,96.60941973332582,12.718676358144569,67.4094189387185,22,1,12,0,-0.5000000000000004,0.8660254037844384,0.7818314824680298,0.6234898018587336
2023-12-05 23:00:00,92.46446772139203,14.10261147242326,73.09177363741959,23,1,12,0,-0.25881904510252157,0.9659258262890681,0.7818314824680298,0.6234898018587336
2023-12-06 00:00:00,103.18739541643411,14.509808248237807,68.4406999494063,0,2,12,0,0.0,1.0,0.9749279121818236,-0.22252093395631434
2023-12-06 01:00:00,115.46505211673522,14.723613960431347,65.69678240954791,1,2,12,0,0.25881904510252074,0.9659258262890683,0.9749279121818236,-0.22252093395631434
2023-12-06 02:00:00,113.61940761499798,15.408657961792436,71.73355092320566,2,2,12,0,0.49999999999999994,0.8660254037844387,0.9749279121818236,-0.22252093395631434
2023-12-06 03:00:00,114.77909010504621,17.825156376808028,66.49535759132539,3,2,12,0,0.7071067811865475,0.7071067811865476,0.9749279121818236,-0.22252093395631434
2023-12-06 04:00:00,135.0121971551735,18.990944152372023,62.18449845360024,4,2,12,0,0.8660254037844386,0.5000000000000001,0.9749279121818236,-0.22252093395631434
2023-12-06 05:00:00,127.89235077230529,17.589491657144336,65.70864658169701,5,2,12,0,0.9659258262890683,0.25881904510252074,0.9749279121818236,-0.22252093395631434
2023-12-06 06:00:00,131.59668287206148,20.936878270928034,62.49408913499627,6,2,12,0,1.0,6.123233995736766e-17,0.9749279121818236,-0.22252093395631434
2023-12-06 07:00:00,126.92926151741783,17.39578945446689,61.5380550505852,7,2,12,0,0.9659258262890683,-0.25881904510252063,0.9749279121818236,-0.22252093395631434
2023-12-06 08:00:00,143.6837002731822,15.201152921679626,61.61785080793395,8,2,12,0,0.8660254037844387,-0.4999999999999998,0.9749279121818236,-0.22252093395631434
2023-12-06 09:00:00,125.2371090513829,14.074206987132056,65.30331340034411,9,2,12,0,0.7071067811865476,-0.7071067811865475,0.9749279121818236,-0.22252093395631434
2023-12-06 10:00:00,134.9131218114801,13.29640092205784,63.790648603744685,10,2,12,0,0.49999999999999994,-0.8660254037844387,0.9749279121818236,-0.22252093395631434
2023-12-06 11:00:00,133.91249750413365,14.242622465428173,67.54563696362776,11,2,12,0,0.258819045102521,-0.9659258262890682,0.9749279121818236,-0.22252093395631434
2023-12-06 12:00:00,126.11067191273804,13.480036942207656,71.29331219245464,12,2,12,0,1.2246467991473532e-16,-1.0,0.9749279121818236,-0.22252093395631434
2023-12-06 13:00:00,124.91118383382059,13.816687249986584,70.51671218401985,13,2,12,0,-0.2588190451025208,-0.9659258262890683,0.9749279121818236,-0.22252093395631434
2023-12-06 14:00:00,103.77678245671213,11.785151920996174,77.56176773755044,14,2,12,0,-0.4999999999999997,-0.8660254037844388,0.9749279121818236,-0.22252093395631434
2023-12-06 15:00:00,113.64630980860088,12.264693401081919,72.9145239415357,15,2,12,0,-0.7071067811865471,-0.7071067811865479,0.9749279121818236,-0.22252093395631434
2023-12-06 16:00:00,101.15309866134771,10.431301607673317,77.87553272687127,16,2,12,0,-0.8660254037844384,-0.5000000000000004,0.9749279121818236,-0.22252093395631434
2023-12-06 17:00:00,93.67906755447558,9.984642807910856,77.35670577028465,17,2,12,0,-0.9659258262890683,-0.25881904510252063,0.9749279121818236,-0.22252093395631434
2023-12-06 18:00:00,96.65823212175786,8.96179166286416,79.20816828673202,18,2,12,0,-1.0,-1.8369701987210297e-16,0.9749279121818236,-0.22252093395631434
2023-12-06 19:00:00,84.0610330395142,12.098243359317275,80.34413175424226,19,2,12,0,-0.9659258262890684,0.2588190451025203,0.9749279121818236,-0.22252093395631434
2023-12-06 20:00:00,90.40009337617147,8.066735913872085,68.54440597695938,20,2,12,0,-0.8660254037844386,0.5000000000000001,0.9749279121818236,-0.22252093395631434
2023-12-06 21:00:00,94.26391981631977,11.451602285201462,73.67039813376186,21,2,12,0,-0.7071067811865477,0.7071067811865474,0.9749279121818236,-0.22252093395631434
2023-12-06 22:00:00,89.34648288207705,11.555588281252978,71.29665858129769,22,2,12,0,-0.5000000000000004,0.8660254037844384,0.9749279121818236,-0.22252093395631434
2023-12-06 23:00:00,102.92424465327005,13.965419689723495,70.51947801960624,23,2,12,0,-0.25881904510252157,0.9659258262890681,0.9749279121818236,-0.22252093395631434
2023-12-07 00:00:00,108.60196608945408,13.953876006206489,67.5457644854899,0,3,12,0,0.0,1.0,0.43388373911755823,-0.900968867902419
2023-12-07 01:00:00,115.07783487729179,15.033361846774193,65.55468030183867,1,3,12,0,0.25881904510252074,0.9659258262890683,0.43388373911755823,-0.900968867902419
2023-12-07 02:00:00,118.59133414805642,15.585160674475697,62.439200917705534,2,3,12,0,0.49999999999999994,0.8660254037844387,0.43388373911755823,-0.900968867902419
2023-12-07 03:00:00,136.68420905869405,18.90343183888445,64.7874734776608,3,3,12,0,0.7071067811865475,0.7071067811865476,0.43388373911755823,-0.900968867902419
2023-12-07 04:00:00,123.33011103439247,17.452830550668452,66.34385821147856,4,3,12,0,0.8660254037844386,0.5000000000000001,0.43388373911755823,-0.900968867902419
2023-12-07 05:00:00,145.47163312587705,20.803300230516744,61.46132317737593,5,3,12,0,0.9659258262890683,0.25881904510252074,0.43388373911755823,-0.900968867902419
2023-12-07 06:00:00,125.73940094735038,18.393490730381565,61.75244178153302,6,3,12,0,1.0,6.123233995736766e-17,0.43388373911755823,-0.900968867902419
2023-12-07 07:00:00,130.048994088175,17.881463174292527,60.84819118454858,7,3,12,0,0.9659258262890683,-0.25881904510252063,0.43388373911755823,-0.900968867902419
2023-12-07 08:00:00,151.51856108372294,17.23123128329636,60.558760124017695,8,3,12,0,0.8660254037844387,-0.4999999999999998,0.43388373911755823,-0.900968867902419
2023-12-07 09:00:00,139.0843090062649,17.65991758221422,63.78689242335543,9,3,12,0,0.7071067811865476,-0.7071067811865475,0.43388373911755823,-0.900968867902419
2023-12-07 10:00:00,131.12650420885487,15.102530048579453,66.76761379008944,10,3,12,0,0.49999999999999994,-0.8660254037844387,0.43388373911755823,-0.900968867902419
2023-12-07 11:00:00,131.84539809556395,15.239009886908903,70.95708845470539,11,3,12,0,0.258819045102521,-0.9659258262890682,0.43388373911755823,-0.900968867902419
2023-12-07 12:00:00,118.02327611451031,13.99732562910199,65.16165484565182,12,3,12,0,1.2246467991473532e-16,-1.0,0.43388373911755823,-0.900968867902419
2023-12-07 13:00:00,124.47954196087525,13.437715476427964,70.19972470069789,13,3,12,0,-0.2588190451025208,-0.9659258262890683,0.43388373911755823,-0.900968867902419
2023-12-07 14:00:00,118.16596333981367,12.510165597332897,75.2723742394384,14,3,12,0,-0.4999999999999997,-0.8660254037844388,0.43388373911755823,-0.900968867902419
2023-12-07 15:00:00,117.55210952713465,11.759685303469945,69.44409117424792,15,3,12,0,-0.7071067811865471,-0.7071067811865479,0.43388373911755823,-0.900968867902419
2023-12-07 16:00:00,102.2898746764929,10.663375612062447,77.73516609498017,16,3,12,0,-0.8660254037844384,-0.5000000000000004,0.43388373911755823,-0.900968867902419
2023-12-07 17:00:00,103.27751461570166,12.474832041308051,73.21665774581827,17,3,12,0,-0.9659258262890683,-0.25881904510252063,0.43388373911755823,-0.900968867902419
2023-12-07 18:00:00,97.40796822548677,10.618973332213988,76.87197969151215,18,3,12,0,-1.0,-1.8369701987210297e-16,0.43388373911755823,-0.900968867902419
2023-12-07 19:00:00,91.2112398293083,14.030396235322982,73.87931959398227,19,3,12,0,-0.9659258262890684,0.2588190451025203,0.43388373911755823,-0.900968867902419
2023-12-07 20:00:00,84.43662659204992,10.595795605651317,75.31036235782112,20,3,12,0,-0.8660254037844386,0.5000000000000001,0.43388373911755823,-0.900968867902419
2023-12-07 21:00:00,86.41265001408047,12.595062921876835,77.80772538819704,21,3,12,0,-0.7071067811865477,0.7071067811865474,0.43388373911755823,-0.900968867902419
2023-12-07 22:00:00,99.76529088518132,10.896046295378241,71.37372200061783,22,3,12,0,-0.5000000000000004,0.8660254037844384,0.43388373911755823,-0.900968867902419
2023-12-07 23:00:00,100.74160541835387,15.051027810497132,73.28037879031159,23,3,12,0,-0.25881904510252157,0.9659258262890681,0.43388373911755823,-0.900968867902419
2023-12-08 00:00:00,111.56890332816069,13.08694003240222,69.66350465482006,0,4,12,0,0.0,1.0,-0.433883739117558,-0.9009688679024191
2023-12-08 01:00:00,116.61999407012819,15.86245914490815,64.92861979862253,1,4,12,0,0.25881904510252074,0.9659258262890683,-0.433883739117558,-0.9009688679024191
2023-12-08 02:00:00,119.18197410073006,15.746725135217735,65.4028315986922,2,4,12,0,0.49999999999999994,0.8660254037844387,-0.433883739117558,-0.9009688679024191
2023-12-08 03:00:00,128.95616758596614,17.649804757985436,63.972639273966834,3,4,12,0,0.7071067811865475,0.7071067811865476,-0.433883739117558,-0.9009688679024191
2023-12-08 04:00:00,133.10527629936539,17.25527319739444,59.408013689206506,4,4,12,0,0.8660254037844386,0.5000000000000001,-0.433883739117558,-0.9009688679024191
2023-12-08 05:00:00,127.42694292615543,16.823189901838376,64.42115307517417,5,4,12,0,0.9659258262890683,0.25881904510252074,-0.433883739117558,-0.9009688679024191
2023-12-08 06:00:00,132.94908031720104,17.735977502867247,64.81350708586031,6,4,12,0,1.0,6.123233995736766e-17,-0.433883739117558,-0.9009688679024191
2023-12-08 07:00:00,137.59435129349183,20.319439428932668,65.48121075249965,7,4,12,0,0.9659258262890683,-0.25881904510252063,-0.433883739117558,-0.9009688679024191
2023-12-08 08:00:00,153.93217693393441,18.3083819554594,67.93281036344705,8,4,12,0,0.8660254037844387,-0.4999999999999998,-0.433883739117558,-0.9009688679024191
2023-12-08 09:00:00,137.86944739823662,15.03851801749142,67.45872882231738,9,4,12,0,0.7071067811865476,-0.7071067811865475,-0.433883739117558,-0.9009688679024191
2023-12-08 10:00:00,137.98715661730412,17.786439989424014,64.03051364629555,10,4,12,0,0.49999999999999994,-0.8660254037844387,-0.433883739117558,-0.9009688679024191
2023-12-08 11:00:00,126.37967545106928,13.841370847483091,66.11607676319923,11,4,12,0,0.258819045102521,-0.9659258262890682,-0.433883739117558,-0.9009688679024191
2023-12-08 12:00:00,137.53246256510923,15.258404869651152,71.35586721176966,12,4,12,0,1.2246467991473532e-16,-1.0,-0.433883739117558,-0.9009688679024191
2023-12-08 13:00:00,110.03798693196335,13.9378374785477,71.56163141673174,13,4,12,0,-0.2588190451025208,-0.9659258262890683,-0.433883739117558,-0.9009688679024191
2023-12-08 14:00:00,108.32297682230606,13.067831636940959,71.78611557653366,14,4,12,0,-0.4999999999999997,-0.8660254037844388,-0.433883739117558,-0.9009688679024191
2023-12-08 15:00:00,114.25086966036984,14.094722562070007,70.4580718348321,15,4,12,0,-0.7071067811865471,-0.7071067811865479,-0.433883739117558,-0.9009688679024191
2023-12-08 16:00:00,98.77819374676072,9.436302935073147,72.44359330124246,16,4,12,0,-0.8660254037844384,-0.5000000000000004,-0.433883739117558,-0.9009688679024191
2023-12-08 17:00:00,105.52872320195647,11.195854796237896,76.38357642249383,17,4,12,0,-0.9659258262890683,-0.25881904510252063,-0.433883739117558,-0.9009688679024191
2023-12-08 18:00:00,110.64245300239763,12.032748856212503,68.98705127557258,18,4,12,0,-1.0,-1.8369701987210297e-16,-0.433883739117558,-0.9009688679024191
2023-12-08 19:00:00,82.24788000132627,9.314650079970342,67.61523982859634,19,4,12,0,-0.9659258262890684,0.2588190451025203,-0.433883739117558,-0.9009688679024191
2023-12-08 20:00:00,89.20543905911619,9.56063395165368,76.11587782785146,20,4,12,0,-0.8660254037844386,0.5000000000000001,-0.433883739117558,-0.9009688679024191
2023-12-08 21:00:00,83.69008781531963,10.88415750465908,71.48179289503207,21,4,12,0,-0.7071067811865477,0.7071067811865474,-0.433883739117558,-0.9009688679024191
2023-12-08 22:00:00,90.6799113686385,12.630465491297024,73.24520508494126,22,4,12,0,-0.5000000000000004,0.8660254037844384,-0.433883739117558,-0.9009688679024191
2023-12-08 23:00:00,101.3661941014331,10.99237534621241,75.12252429186171,23,4,12,0,-0.25881904510252157,0.9659258262890681,-0.433883739117558,-0.9009688679024191
2023-12-09 00:00:00,94.3469322276535,15.12985755738074,65.89792377839262,0,5,12,1,0.0,1.0,-0.9749279121818236,-0.2225209339563146
2023-12-09 01:00:00,104.72699308329318,13.225450638884759,62.37542735552261,1,5,12,1,0.25881904510252074,0.9659258262890683,-0.9749279121818236,-0.2225209339563146
2023-12-09 02:00:00,122.10376769644165,18.242750809804438,65.10792822189596,2,5,12,1,0.49999999999999994,0.8660254037844387,-0.9749279121818236,-0.2225209339563146
2023-12-09 03:00:00,104.998756677552,17.90183193797464,62.640080160697075,3,5,12,1,0.7071067811865475,0.7071067811865476,-0.9749279121818236,-0.2225209339563146
2023-12-09 04:00:00,123.11252323558274,20.636565994434427,63.66489172724687,4,5,12,1,0.8660254037844386,0.5000000000000001,-0.9749279121818236,-0.2225209339563146
2023-12-09 05:00:00,127.49578750709426,19.16963351716349,64.75566394630461,5,5,12,1,0.9659258262890683,0.25881904510252074,-0.9749279121818236,-0.2225209339563146
2023-12-09 06:00:00,119.87215881393968,17.84561389441178,63.917203995777896,6,5,12,1,1.0,6.123233995736766e-17,-0.9749279121818236,-0.2225209339563146
2023-12-09 07:00:00,119.7574023963873,16.968442173423046,63.28032173559077,7,5,12,1,0.9659258262890683,-0.25881904510252063,-0.9749279121818236,-0.2225209339563146
2023-12-09 08:00:00,137.21916364554528,18.125192773347813,66.91544485231556,8,5,12,1,0.8660254037844387,-0.4999999999999998,-0.9749279121818236,-0.2225209339563146
2023-12-09 09:00:00,133.7683200082843,17.085805813122647,66.70657931845756,9,5,12,1,0.7071067811865476,-0.7071067811865475,-0.9749279121818236,-0.2225209339563146
2023-12-09 10:00:00,127.95668388621202,18.08196312340918,65.39292295960942,10,5,12,1,0.49999999999999994,-0.8660254037844387,-0.9749279121818236,-0.2225209339563146
2023-12-09 11:00:00,122.24244567879121,13.945102526971077,69.28995278534684,11,5,12,1,0.258819045102521,-0.9659258262890682,-0.9749279121818236,-0.2225209339563146
2023-12-09 12:00:00,125.49571500843705,17.334107571784735,64.30027816248375,12,5,12,1,1.2246467991473532e-16,-1.0,-0.9749279121818236,-0.2225209339563146
2023-12-09 13:00:00,105.14473050716327,15.179643803255676,73.68128116619408,13,5,12,1,-0.2588190451025208,-0.9659258262890683,-0.9749279121818236,-0.2225209339563146
2023-12-09 14:00:00,100.13076767878633,11.997469125707553,72.00369123643742,14,5,12,1,-0.4999999999999997,-0.8660254037844388,-0.9749279121818236,-0.2225209339563146
2023-12-09 15:00:00,98.07917512796593,14.171058792803509,69.5777233665725,15,5,12,1,-0.7071067811865471,-0.7071067811865479,-0.9749279121818236,-0.2225209339563146
2023-12-09 16:00:00,93.44242873902132,9.663960813369604,72.88335840709185,16,5,12,1,-0.8660254037844384,-0.5000000000000004,-0.9749279121818236,-0.2225209339563146
2023-12-09 17:00:00,92.50930642645051,10.747435950809837,77.84529730737985,17,5,12,1,-0.9659258262890683,-0.25881904510252063,-0.9749279121818236,-0.2225209339563146
2023-12-09 18:00:00,89.28362378377204,8.388047993738786,72.63414329909924,18,5,12,1,-1.0,-1.8369701987210297e-16,-0.9749279121818236,-0.2225209339563146
2023-12-09 19:00:00,80.4104739137703,13.208905150389107,75.9644700428206,19,5,12,1,-0.9659258262890684,0.2588190451025203,-0.9749279121818236,-0.2225209339563146
2023-12-09 20:00:00,70.04570711855257,8.367572736334047,76.76960450048672,20,5,12,1,-0.8660254037844386,0.5000000000000001,-0.9749279121818236,-0.2225209339563146
2023-12-09 21:00:00,79.32125595544689,9.313664901953839,73.25307601168187,21,5,12,1,-0.7071067811865477,0.7071067811865474,-0.9749279121818236,-0.2225209339563146
2023-12-09 22:00:00,83.98683390033796,11.35068491050146,69.34334175405326,22,5,12,1,-0.5000000000000004,0.8660254037844384,-0.9749279121818236,-0.2225209339563146
2023-12-09 23:00:00,98.34944875311075,15.250963902697423,70.2983260335039,23,5,12,1,-0.25881904510252157,0.9659258262890681,-0.9749279121818236,-0.2225209339563146
2023-12-10 00:00:00,96.90981400303043,15.895506107354608,64.8023417696168,0,6,12,1,0.0,1.0,-0.7818314824680299,0.6234898018587334
2023-12-10 01:00:00,98.84436621926015,15.681590900990022,66.0116382617486,1,6,12,1,0.25881904510252074,0.9659258262890683,-0.7818314824680299,0.6234898018587334
2023-12-10 02:00:00,116.01099403486901,17.99162809498722,62.7088314577546,2,6,12,1,0.49999999999999994,0.8660254037844387,-0.7818314824680299,0.6234898018587334
2023-12-10 03:00:00,119.07787922636487,17.118545315915746,64.64715026827702,3,6,12,1,0.7071067811865475,0.7071067811865476,-0.7818314824680299,0.6234898018587334
2023-12-10 04:00:00,122.0096529494695,18.56098356227603,60.02642866872196,4,6,12,1,0.8660254037844386,0.5000000000000001,-0.7818314824680299,0.6234898018587334
2023-12-10 05:00:00,130.17011819852513,20.804531196876727,63.48522163468739,5,6,12,1,0.9659258262890683,0.25881904510252074,-0.7818314824680299,0.6234898018587334
2023-12-10 06:00:00,122.08832308099788,18.093310468429962,66.42912959091285,6,6,12,1,1.0,6.123233995736766e-17,-0.7818314824680299,0.6234898018587334
2023-12-10 07:00:00,107.84172616188232,17.17738315223499,66.82195889464973,7,6,12,1,0.9659258262890683,-0.25881904510252063,-0.7818314824680299,0.6234898018587334
2023-12-10 08:00:00,153.3040391684534,18.63289796486452,60.09803802916676,8,6,12,1,0.8660254037844387,-0.4999999999999998,-0.7818314824680299,0.6234898018587334
2023-12-10 09:00:00,131.1154328274079,18.402077364219796,62.78958647140288,9,6,12,1,0.7071067811865476,-0.7071067811865475,-0.7818314824680299,0.6234898018587334
2023-12-10 10:00:00,122.93710644777133,16.628910383954196,68.58881504766109,10,6,12,1,0.49999999999999994,-0.8660254037844387,-0.7818314824680299,0.6234898018587334
2023-12-10 11:00:00,130.14340580453694,17.00358692920541,69.58973579544063,11,6,12,1,0.258819045102521,-0.9659258262890682,-0.7818314824680299,0.6234898018587334
2023-12-10 12:00:00,116.913473654134,14.16135007388601,67.18491535045258,12,6,12,1,1.2246467991473532e-16,-1.0,-0.7818314824680299,0.6234898018587334
2023-12-10 13:00:00,107.15884199156847,13.619281612201435,69.12402476830972,13,6,12,1,-0.2588190451025208,-0.9659258262890683,-0.7818314824680299,0.6234898018587334
2023-12-10 14:00:00,102.25240237971826,13.025101102081695,72.27731350550089,14,6,12,1,-0.4999999999999997,-0.8660254037844388,-0.7818314824680299,0.6234898018587334
2023-12-10 15:00:00,98.17854518972499,12.065853210546258,67.77328227519615,15,6,12,1,-0.7071067811865471,-0.7071067811865479,-0.7818314824680299,0.6234898018587334
2023-12-10 16:00:00,94.10786913735947,13.4190446070318,75.80266336569976,16,6,12,1,-0.8660254037844384,-0.5000000000000004,-0.7818314824680299,0.6234898018587334
2023-12-10 17:00:00,94.98984648189496,11.153869848080506,78.075288429004,17,6,12,1,-0.9659258262890683,-0.25881904510252063,-0.7818314824680299,0.6234898018587334
2023-12-10 18:00:00,88.42463344493284,10.007385575854252,73.86318409296027,18,6,12,1,-1.0,-1.8369701987210297e-16,-0.7818314824680299,0.6234898018587334
2023-12-10 19:00:00,72.45678466414378,11.391508025316524,70.56841715907602,19,6,12,1,-0.9659258262890684,0.2588190451025203,-0.7818314824680299,0.6234898018587334
2023-12-10 20:00:00,72.78959708323714,12.512413423503713,78.4645125314022,20,6,12,1,-0.8660254037844386,0.5000000000000001,-0.7818314824680299,0.6234898018587334
2023-12-10 21:00:00,81.29675113118928,12.796164815768282,73.93144757268931,21,6,12,1,-0.7071067811865477,0.7071067811865474,-0.7818314824680299,0.6234898018587334
2023-12-10 22:00:00,82.50801133788812,13.541450134980746,74.15739810151233,22,6,12,1,-0.5000000000000004,0.8660254037844384,-0.7818314824680299,0.6234898018587334
2023-12-10 23:00:00,88.12738442375404,11.180887382555142,66.62003567438212,23,6,12,1,-0.25881904510252157,0.9659258262890681,-0.7818314824680299,0.6234898018587334
2023-12-11 00:00:00,105.69810691054856,10.886002078798374,65.16731537323078,0,0,12,0,0.0,1.0,0.0,1.0
2023-12-11 01:00:00,115.69693805275406,17.572943992399882,68.80920911499945,1,0,12,0,0.25881904510252074,0.9659258262890683,0.0,1.0
2023-12-11 02:00:00,116.3922215671494,17.28305717336806,69.20245448830191,2,0,12,0,0.49999999999999994,0.8660254037844387,0.0,1.0
2023-12-11 03:00:00,124.99588449510543,17.42083200388215,61.4894043339299,3,0,12,0,0.7071067811865475,0.7071067811865476,0.0,1.0
2023-12-11 04:00:00,139.6362620001205,19.13034216086685,63.61820067262903,4,0,12,0,0.8660254037844386,0.5000000000000001,0.0,1.0
2023-12-11 05:00:00,152.25558685840323,21.379439212714008,58.56253624917839,5,0,12,0,0.9659258262890683,0.25881904510252074,0.0,1.0
2023-12-11 06:00:00,139.41164431535267,20.74506775282848,61.01507729380702,6,0,12,0,1.0,6.123233995736766e-17,0.0,1.0
2023-12-11 07:00:00,139.86049019621197,19.931805168418077,62.55313300891321,7,0,12,0,0.9659258262890683,-0.25881904510252063,0.0,1.0
2023-12-11 08:00:00,140.60702970794924,16.758784169947653,65.39002305796245,8,0,12,0,0.8660254037844387,-0.4999999999999998,0.0,1.0
2023-12-11 09:00:00,143.39153334316055,16.31801192435024,58.55979210081449,9,0,12,0,0.7071067811865476,-0.7071067811865475,0.0,1.0
2023-12-11 10:00:00,132.5614843845957,13.045163982007304,70.0809553382802,10,0,12,0,0.49999999999999994,-0.8660254037844387,0.0,1.0
2023-12-11 11:00:00,123.70626728087136,16.610317395296327,67.05519827350463,11,0,12,0,0.258819045102521,-0.9659258262890682,0.0,1.0
2023-12-11 12:00:00,131.58251028563956,16.287711800250612,73.00292201401786,12,0,12,0,1.2246467991473532e-16,-1.0,0.0,1.0
2023-12-11 13:00:00,119.67893621414065,15.37476189293605,72.76876612738161,13,0,12,0,-0.2588190451025208,-0.9659258262890683,0.0,1.0
2023-12-11 14:00:00,109.2911585885971,13.63791671097403,74.67666072579011,14,0,12,0,-0.4999999999999997,-0.8660254037844388,0.0,1.0
2023-12-11 15:00:00,106.93585459293082,11.565243591971706,79.42328928731821,15,0,12,0,-0.7071067811865471,-0.7071067811865479,0.0,1.0
2023-12-11 16:00:00,112.07676623546708,10.314253196055896,71.9710683996569,16,0,12,0,-0.8660254037844384,-0.5000000000000004,0.0,1.0
2023-12-11 17:00:00,98.38720907304996,9.523020504766444,75.32164493788534,17,0,12,0,-0.9659258262890683,-0.25881904510252063,0.0,1.0
2023-12-11 18:00:00,104.46791407351819,10.379633730311065,72.14763523360962,18,0,12,0,-1.0,-1.8369701987210297e-16,0.0,1.0
2023-12-11 19:00:00,84.01395529781897,9.294328318057916,74.60868689694523,19,0,12,0,-0.9659258262890684,0.2588190451025203,0.0,1.0
2023-12-11 20:00:00,91.77418167509653,13.79460048643399,76.4761961227996,20,0,12,0,-0.8660254037844386,0.5000000000000001,0.0,1.0
2023-12-11 21:00:00,80.14617577691965,9.84278654971427,76.74440931298636,21,0,12,0,-0.7071067811865477,0.7071067811865474,0.0,1.0
2023-12-11 22:00:00,97.33377388605071,12.329191088725027,70.97298088495317,22,0,12,0,-0.5000000000000004,0.8660254037844384,0.0,1.0
2023-12-11 23:00:00,99.73868020869537,10.685167203502466,67.05831494545595,23,0,12,0,-0.25881904510252157,0.9659258262890681,0.0,1.0
2023-12-12 00:00:00,96.36979852138327,15.232135675023446,69.4247343487298,0,1,12,0,0.0,1.0,0.7818314824680298,0.6234898018587336
2023-12-12 01:00:00,121.64226732469287,15.819003998850736,65.09539813575016,1,1,12,0,0.25881904510252074,0.9659258262890683,0.7818314824680298,0.6234898018587336
2023-12-12 02:00:00,114.41010081593667,16.25211785261704,64.47117506635082,2,1,12,0,0.49999999999999994,0.8660254037844387,0.7818314824680298,0.6234898018587336
2023-12-12 03:00:00,123.89781484366681,16.21655560877746,66.97737370997486,3,1,12,0,0.7071067811865475,0.7071067811865476,0.7818314824680298,0.6234898018587336
2023-12-12 04:00:00,137.85057229915753,18.255097751595528,65.46555283013913,4,1,12,0,0.8660254037844386,0.5000000000000001,0.7818314824680298,0.6234898018587336
2023-12-12 05:00:00,129.37400739755736,17.834315353211267,65.91186831289734,5,1,12,0,0.9659258262890683,0.25881904510252074,0.7818314824680298,0.6234898018587336
2023-12-12 06:00:00,129.4914103627067,18.582001549026344,62.19316029445737,6,1,12,0,1.0,6.123233995736766e-17,0.7818314824680298,0.6234898018587336
2023-12-12 07:00:00,140.20465342781478,21.58715169110961,66.43618256596065,7,1,12,0,0.9659258262890683,-0.25881904510252063,0.7818314824680298,0.6234898018587336
2023-12-12 08:00:00,156.80325442066228,18.509670822052957,64.05171009783257,8,1,12,0,0.8660254037844387,-0.4999999999999998,0.7818314824680298,0.6234898018587336
2023-12-12 09:00:00,141.81126831834612,18.41503131978359,64.10970930693186,9,1,12,0,0.7071067811865476,-0.7071067811865475,0.7818314824680298,0.6234898018587336
2023-12-12 10:00:00,128.9610948665183,16.090606219555607,62.908408531909274,10,1,12,0,0.49999999999999994,-0.8660254037844387,0.7818314824680298,0.6234898018587336
2023-12-12 11:00:00,141.4668996347157,14.64592629897429,61.38209619196045,11,1,12,0,0.258819045102521,-0.9659258262890682,0.7818314824680298,0.6234898018587336
2023-12-12 12:00:00,134.5256118661784,14.752866812903378,64.51303314255745,12,1,12,0,1.2246467991473532e-16,-1.0,0.7818314824680298,0.6234898018587336
2023-12-12 13:00:00,129.65560632662698,17.507916209944604,71.40411729882621,13,1,12,0,-0.2588190451025208,-0.9659258262890683,0.7818314824680298,0.6234898018587336
2023-12-12 14:00:00,106.72031732999822,12.35616184073541,69.48225656147352,14,1,12,0,-0.4999999999999997,-0.8660254037844388,0.7818314824680298,0.6234898018587336
2023-12-12 15:00:00,116.66591562610172,12.501032963377394,68.5116667021806,15,1,12,0,-0.7071067811865471,-0.7071067811865479,0.7818314824680298,0.6234898018587336
2023-12-12 16:00:00,109.24292871029736,10.080603995302786,73.1428426800888,16,1,12,0,-0.8660254037844384,-0.5000000000000004,0.7818314824680298,0.6234898018587336
2023-12-12 17:00:00,105.58957630157765,6.790692020317451,75.83971136381794,17,1,12,0,-0.9659258262890683,-0.25881904510252063,0.7818314824680298,0.6234898018587336
2023-12-12 18:00:00,97.89966119984497,9.602556385178865,76.45002459978689,18,1,12,0,-1.0,-1.8369701987210297e-16,0.7818314824680298,0.6234898018587336
2023-12-12 19:00:00,92.59596249750814,14.494664368950716,74.91376073947698,19,1,12,0,-0.9659258262890684,0.2588190451025203,0.7818314824680298,0.6234898018587336
2023-12-12 20:00:00,78.52428883735173,12.216287210025744,74.21838505606998,20,1,12,0,-0.8660254037844386,0.5000000000000001,0.7818314824680298,0.6234898018587336
2023-12-12 21:00:00,101.97350644778157,14.420262559910334,71.83222840377158,21,1,12,0,-0.7071067811865477,0.7071067811865474,0.7818314824680298,0.6234898018587336
2023-12-12 22:00:00,99.29403838509783,12.265720030678384,74.10653360865767,22,1,12,0,-0.5000000000000004,0.8660254037844384,0.7818314824680298,0.6234898018587336
2023-12-12 23:00:00,98.40334681636813,10.21678054703127,70.22728683146477,23,1,12,0,-0.25881904510252157,0.9659258262890681,0.7818314824680298,0.6234898018587336
2023-12-13 00:00:00,112.8425413370616,13.287724248243439,69.05666669786966,0,2,12,0,0.0,1.0,0.9749279121818236,-0.22252093395631434
2023-12-13 01:00:00,111.80358894680317,16.58160107541344,70.84628513278953,1,2,12,0,0.25881904510252074,0.9659258262890683,0.9749279121818236,-0.22252093395631434
2023-12-13 02:00:00,120.68791661251518,17.30720854484178,68.66136392309922,2,2,12,0,0.49999999999999994,0.8660254037844387,0.9749279121818236,-0.22252093395631434
2023-12-13 03:00:00,127.15356708268096,17.763579183315954,64.48842721480175,3,2,12,0,0.7071067811865475,0.7071067811865476,0.9749279121818236,-0.22252093395631434
2023-12-13 04:00:00,136.32421330657743,17.619515849920383,63.10834153676584,4,2,12,0,0.8660254037844386,0.5000000000000001,0.9749279121818236,-0.22252093395631434
2023-12-13 05:00:00,143.157315749475,20.224064588798246,62.48559439344408,5,2,12,0,0.9659258262890683,0.25881904510252074,0.9749279121818236,-0.22252093395631434
2023-12-13 06:00:00,138.9247969461956,18.198767742435663,57.221864230165174,6,2,12,0,1.0,6.123233995736766e-17,0.9749279121818236,-0.22252093395631434
2023-12-13 07:00:00,134.49754163901187,19.276216363837428,66.78079780235878,7,2,12,0,0.9659258262890683,-0.25881904510252063,0.9749279121818236,-0.22252093395631434
2023-12-13 08:00:00,154.49463899153807,18.707881616123768,62.03508932245573,8,2,12,0,0.8660254037844387,-0.4999999999999998,0.9749279121818236,-0.22252093395631434
2023-12-13 09:00:00,141.6748800815524,17.226461213139977,67.60687571659173,9,2,12,0,0.7071067811865476,-0.7071067811865475,0.9749279121818236,-0.22252093395631434
2023-12-13 10:00:00,144.94875430191072,15.628843676877759,66.41042852319691,10,2,12,0,0.49999999999999994,-0.8660254037844387,0.9749279121818236,-0.22252093395631434
2023-12-13 11:00:00,128.66650956746756,15.34506880376275,71.90775052216063,11,2,12,0,0.258819045102521,-0.9659258262890682,0.9749279121818236,-0.22252093395631434
2023-12-13 12:00:00,134.66132990541132,17.761220427483728,70.87411853521452,12,2,12,0,1.2246467991473532e-16,-1.0,0.9749279121818236,-0.22252093395631434
2023-12-13 13:00:00,120.1518643242566,15.584183367926292,73.57494725727945,13,2,12,0,-0.2588190451025208,-0.9659258262890683,0.9749279121818236,-0.22252093395631434
2023-12-13 14:00:00,124.23482644805509,14.481370850360076,70.50943033303267,14,2,12,0,-0.4999999999999997,-0.8660254037844388,0.9749279121818236,-0.22252093395631434
2023-12-13 15:00:00,109.88206761646713,10.942665068528695,69.6720765840836,15,2,12,0,-0.7071067811865471,-0.7071067811865479,0.9749279121818236,-0.22252093395631434
2023-12-13 16:00:00,112.27285274748768,9.33015222884902,74.92439407404457,16,2,12,0,-0.8660254037844384,-0.5000000000000004,0.9749279121818236,-0.22252093395631434
2023-12-13 17:00:00,109.72916452902037,12.731825771918764,69.32966366509288,17,2,12,0,-0.9659258262890683,-0.25881904510252063,0.9749279121818236,-0.22252093395631434
2023-12-13 18:00:00,111.03457016604828,12.307938644112022,73.88180483217269,18,2,12,0,-1.0,-1.8369701987210297e-16,0.9749279121818236,-0.22252093395631434
2023-12-13 19:00:00,84.96516715343374,11.292957913304662,71.5129201421122,19,2,12,0,-0.9659258262890684,0.2588190451025203,0.9749279121818236,-0.22252093395631434
2023-12-13 20:00:00,87.02214503259495,10.93087630692416,71.96283848567954,20,2,12,0,-0.8660254037844386,0.5000000000000001,0.9749279121818236,-0.22252093395631434
2023-12-13 21:00:00,86.65301040547693,9.92644364733837,75.31538287481362,21,2,12,0,-0.7071067811865477,0.7071067811865474,0.9749279121818236,-0.22252093395631434
2023-12-13 22:00:00,100.60188088323201,14.251888420004859,73.87556301962933,22,2,12,0,-0.5000000000000004,0.8660254037844384,0.9749279121818236,-0.22252093395631434
2023-12-13 23:00:00,103.34408056767083,15.694714245475884,70.35269771545357,23,2,12,0,-0.25881904510252157,0.9659258262890681,0.9749279121818236,-0.22252093395631434
2023-12-14 00:00:00,105.1894363294094,14.09653702845711,70.32230348062318,0,3,12,0,0.0,1.0,0.43388373911755823,-0.900968867902419
2023-12-14 01:00:00,116.3233290266841,15.006552450494551,66.18729588809725,1,3,12,0,0.25881904510252074,0.9659258262890683,0.43388373911755823,-0.900968867902419
2023-12-14 02:00:00,124.3173770101887,18.976768558707107,73.64226158073062,2,3,12,0,0.49999999999999994,0.8660254037844387,0.43388373911755823,-0.900968867902419
2023-12-14 03:00:00,125.82161440814232,16.98080610159987,66.022149569546,3,3,12,0,0.7071067811865475,0.7071067811865476,0.43388373911755823,-0.900968867902419
2023-12-14 04:00:00,137.61449081636673,21.24786759811623,62.395159090589544,4,3,12,0,0.8660254037844386,0.5000000000000001,0.43388373911755823,-0.900968867902419
2023-12-14 05:00:00,126.37285239888267,18.815301339551613,66.19282274538992,5,3,12,0,0.9659258262890683,0.25881904510252074,0.43388373911755823,-0.900968867902419
2023-12-14 06:00:00,134.92277286450027,18.53533311089393,67.08283611841014,6,3,12,0,1.0,6.123233995736766e-17,0.43388373911755823,-0.900968867902419
2023-12-14 07:00:00,140.63265212234737,19.046540978170274,61.24406613044876,7,3,12,0,0.9659258262890683,-0.25881904510252063,0.43388373911755823,-0.900968867902419
2023-12-14 08:00:00,156.83617552368773,17.99932968478563,59.91044470346431,8,3,12,0,0.8660254037844387,-0.4999999999999998,0.43388373911755823,-0.900968867902419
2023-12-14 09:00:00,152.73113439819232,19.632921375461617,61.458275483835145,9,3,12,0,0.7071067811865476,-0.7071067811865475,0.43388373911755823,-0.900968867902419
2023-12-14 10:00:00,142.06866294614906,18.44389088055698,64.35240965400072,10,3,12,0,0.49999999999999994,-0.8660254037844387,0.43388373911755823,-0.900968867902419
2023-12-14 11:00:00,136.86694478680147,17.782611290730234,67.64655757031085,11,3,12,0,0.258819045102521,-0.9659258262890682,0.43388373911755823,-0.900968867902419
2023-12-14 12:00:00,132.98462588276305,15.391955282234997,64.47488759348495,12,3,12,0,1.2246467991473532e-16,-1.0,0.43388373911755823,-0.900968867902419
2023-12-14 13:00:00,121.59105099937456,13.395367743321275,69.66045136193853,13,3,12,0,-0.2588190451025208,-0.9659258262890683,0.43388373911755823,-0.900968867902419
2023-12-14 14:00:00,112.2774190460331,13.101579660052305,71.73846551327458,14,3,12,0,-0.4999999999999997,-0.8660254037844388,0.43388373911755823,-0.900968867902419
2023-12-14 15:00:00,100.72604734201539,11.648203359092303,74.57949826958928,15,3,12,0,-0.7071067811865471,-0.7071067811865479,0.43388373911755823,-0.900968867902419
2023-12-14 16:00:00,107.23156329884185,13.850968825830588,76.39377707426752,16,3,12,0,-0.8660254037844384,-0.5000000000000004,0.43388373911755823,-0.900968867902419
2023-12-14 17:00:00,105.16274339317287,12.754882951735532,76.36246323203915,17,3,12,0,-0.9659258262890683,-0.25881904510252063,0.43388373911755823,-0.900968867902419
2023-12-14 18:00:00,101.61385994405951,10.977891070908088,80.73879769381287,18,3,12,0,-1.0,-1.8369701987210297e-16,0.43388373911755823,-0.900968867902419
2023-12-14 19:00:00,79.55522947109796,9.861759930880723,78.44020291916593,19,3,12,0,-0.9659258262890684,0.2588190451025203,0.43388373911755823,-0.900968867902419
2023-12-14 20:00:00,91.46537454641569,13.962333588361876,75.22431636197646,20,3,12,0,-0.8660254037844386,0.5000000000000001,0.43388373911755823,-0.900968867902419
2023-12-14 21:00:00,95.43027046071133,12.491774749764163,70.69345559370315,21,3,12,0,-0.7071067811865477,0.7071067811865474,0.43388373911755823,-0.900968867902419
2023-12-14 22:00:00,106.63309284091254,12.9199244808988,70.33578548054075,22,3,12,0,-0.5000000000000004,0.8660254037844384,0.43388373911755823,-0.900968867902419
2023-12-14 23:00:00,110.1888794964427,16.404378570362255,66.62919550258746,23,3,12,0,-0.25881904510252157,0.9659258262890681,0.43388373911755823,-0.900968867902419
2023-12-15 00:00:00,101.7161819310514,14.515495204591845,69.89467057735546,0,4,12,0,0.0,1.0,-0.433883739117558,-0.9009688679024191
2023-12-15 01:00:00,112.78318062836321,15.837304253074727,68.87580839542605,1,4,12,0,0.25881904510252074,0.9659258262890683,-0.433883739117558,-0.9009688679024191
2023-12-15 02:00:00,130.56398679002464,16.9342800020953,69.11337457544676,2,4,12,0,0.49999999999999994,0.8660254037844387,-0.433883739117558,-0.9009688679024191
2023-12-15 03:00:00,131.94526414125386,16.13399179194238,65.99395035935379,3,4,12,0,0.7071067811865475,0.7071067811865476,-0.433883739117558,-0.9009688679024191
2023-12-15 04:00:00,136.71345126982845,19.218123087935624,67.40045011466133,4,4,12,0,0.8660254037844386,0.5000000000000001,-0.433883739117558,-0.9009688679024191
2023-12-15 05:00:00,134.93110402235183,18.000604612797545,66.86257828981574,5,4,12,0,0.9659258262890683,0.25881904510252074,-0.433883739117558,-0.9009688679024191
2023-12-15 06:00:00,140.1777578916368,18.424335826192262,60.350348074649276,6,4,12,0,1.0,6.123233995736766e-17,-0.433883739117558,-0.9009688679024191
2023-12-15 07:00:00,133.26029474801794,18.087468510712725,62.08489122302785,7,4,12,0,0.9659258262890683,-0.25881904510252063,-0.433883739117558,-0.9009688679024191
2023-12-15 08:00:00,153.89597783625695,17.863914734840787,64.20536835526448,8,4,12,0,0.8660254037844387,-0.4999999999999998,-0.433883739117558,-0.9009688679024191
2023-12-15 09:00:00,150.61911404433093,16.850473853381416,63.07377143384443,9,4,12,0,0.7071067811865476,-0.7071067811865475,-0.433883739117558,-0.9009688679024191
2023-12-15 10:00:00,147.35380740693188,17.651239691088904,65.70466623797194,10,4,12,0,0.49999999999999994,-0.8660254037844387,-0.433883739117558,-0.9009688679024191
2023-12-15 11:00:00,131.93231711915885,16.08230496634046,68.78549762890133,11,4,12,0,0.258819045102521,-0.9659258262890682,-0.433883739117558,-0.9009688679024191
2023-12-15 12:00:00,128.12373938222694,15.35243063197112,69.0654071898722,12,4,12,0,1.2246467991473532e-16,-1.0,-0.433883739117558,-0.9009688679024191
2023-12-15 13:00:00,126.36562015047075,17.775824358942334,70.98847837793623,13,4,12,0,-0.2588190451025208,-0.9659258262890683,-0.433883739117558,-0.9009688679024191
2023-12-15 14:00:00,123.02702661730076,13.047076653010153,69.60671960004949,14,4,12,0,-0.4999999999999997,-0.8660254037844388,-0.433883739117558,-0.9009688679024191
2023-12-15 15:00:00,113.89800600175602,13.359412733267309,75.19660316105791,15,4,12,0,-0.7071067811865471,-0.7071067811865479,-0.433883739117558,-0.9009688679024191
2023-12-15 16:00:00,110.7943600681089,12.894441208525162,75.93057366120006,16,4,12,0,-0.8660254037844384,-0.5000000000000004,-0.433883739117558,-0.9009688679024191
2023-12-15 17:00:00,109.1187733477742,11.322430182956264,72.94269003512474,17,4,12,0,-0.9659258262890683,-0.25881904510252063,-0.433883739117558,-0.9009688679024191
2023-12-15 18:00:00,100.23694193930771,11.691117121976504,71.5549539301552,18,4,12,0,-1.0,-1.8369701987210297e-16,-0.433883739117558,-0.9009688679024191
2023-12-15 19:00:00,89.10144974028746,11.447762404896311,78.92092531639264,19,4,12,0,-0.9659258262890684,0.2588190451025203,-0.433883739117558,-0.9009688679024191
2023-12-15 20:00:00,84.09129030459052,12.120154403088412,79.87531473156324,20,4,12,0,-0.8660254037844386,0.5000000000000001,-0.433883739117558,-0.9009688679024191
2023-12-15 21:00:00,89.02598224510048,11.57221611589055,74.38140568886762,21,4,12,0,-0.7071067811865477,0.7071067811865474,-0.433883739117558,-0.9009688679024191
2023-12-15 22:00:00,93.65286366105941,12.53910146028921,71.34958134502189,22,4,12,0,-0.5000000000000004,0.8660254037844384,-0.433883739117558,-0.9009688679024191
2023-12-15 23:00:00,103.23165341714905,14.270525624173475,74.12638447058049,23,4,12,0,-0.25881904510252157,0.9659258262890681,-0.433883739117558,-0.9009688679024191
2023-12-16 00:00:00,95.02820901349713,12.48861158306163,70.91376731421856,0,5,12,1,0.0,1.0,-0.9749279121818236,-0.2225209339563146
2023-12-16 01:00:00,106.03890854974028,18.725852413896188,67.31768158332551,1,5,12,1,0.25881904510252074,0.9659258262890683,-0.9749279121818236,-0.2225209339563146
2023-12-16 02:00:00,109.89925464814863,20.687754075836814,69.40694077942753,2,5,12,1,0.49999999999999994,0.8660254037844387,-0.9749279121818236,-0.2225209339563146
2023-12-16 03:00:00,120.57827450326323,18.53041956347138,62.831177013659726,3,5,12,1,0.7071067811865475,0.7071067811865476,-0.9749279121818236,-0.2225209339563146
2023-12-16 04:00:00,130.8625660112762,19.90877242985238,62.23414963160573,4,5,12,1,0.8660254037844386,0.5000000000000001,-0.9749279121818236,-0.2225209339563146
2023-12-16 05:00:00,132.18400915624883,20.931756859070138,64.79805751663315,5,5,12,1,0.9659258262890683,0.25881904510252074,-0.9749279121818236,-0.2225209339563146
2023-12-16 06:00:00,128.05109451412864,17.459462439470716,63.845441442859446,6,5,12,1,1.0,6.123233995736766e-17,-0.9749279121818236,-0.2225209339563146
2023-12-16 07:00:00,126.6798770599106,20.70258727192103,65.61899931379156,7,5,12,1,0.9659258262890683,-0.25881904510252063,-0.9749279121818236,-0.2225209339563146
2023-12-16 08:00:00,136.72093562659964,18.270908972324534,67.88655754525806,8,5,12,1,0.8660254037844387,-0.4999999999999998,-0.9749279121818236,-0.2225209339563146
2023-12-16 09:00:00,146.61566969955982,21.710980518309576,60.60272921728141,9,5,12,1,0.7071067811865476,-0.7071067811865475,-0.9749279121818236,-0.2225209339563146
2023-12-16 10:00:00,136.04463857068376,17.164077693840078,66.61957254089434,10,5,12,1,0.49999999999999994,-0.8660254037844387,-0.9749279121818236,-0.2225209339563146
2023-12-16 11:00:00,133.78049060607285,17.844016564005692,73.65304416777573,11,5,12,1,0.258819045102521,-0.9659258262890682,-0.9749279121818236,-0.2225209339563146
2023-12-16 12:00:00,118.29240085800681,15.17884765329792,67.71305613321651,12,5,12,1,1.2246467991473532e-16,-1.0,-0.9749279121818236,-0.2225209339563146
2023-12-16 13:00:00,119.72472956115716,17.706230002923707,68.91138822376665,13,5,12,1,-0.2588190451025208,-0.9659258262890683,-0.9749279121818236,-0.2225209339563146
2023-12-16 14:00:00,110.15700406764596,12.677941723279764,65.77975523581934,14,5,12,1,-0.4999999999999997,-0.8660254037844388,-0.9749279121818236,-0.2225209339563146
2023-12-16 15:00:00,104.02086656644998,14.365673105083015,74.05060308704647,15,5,12,1,-0.7071067811865471,-0.7071067811865479,-0.9749279121818236,-0.2225209339563146
2023-12-16 16:00:00,96.0425257526287,12.922382257378285,76.44069506985302,16,5,12,1,-0.8660254037844384,-0.5000000000000004,-0.9749279121818236,-0.2225209339563146
2023-12-16 17:00:00,95.1701574809833,12.189228686178087,77.03393483159455,17,5,12,1,-0.9659258262890683,-0.25881904510252063,-0.9749279121818236,-0.2225209339563146
2023-12-16 18:00:00,93.39491075391416,11.789978150405279,72.39156344393388,18,5,12,1,-1.0,-1.8369701987210297e-16,-0.9749279121818236,-0.2225209339563146
2023-12-16 19:00:00,79.23010347982871,10.58224496713655,75.27213112369591,19,5,12,1,-0.9659258262890684,0.2588190451025203,-0.9749279121818236,-0.2225209339563146
2023-12-16 20:00:00,79.60525249820004,8.103280968049251,75.36350802097184,20,5,12,1,-0.8660254037844386,0.5000000000000001,-0.9749279121818236,-0.2225209339563146
2023-12-16 21:00:00,85.55826325635857,14.22962808678435,73.90168092468465,21,5,12,1,-0.7071067811865477,0.7071067811865474,-0.9749279121818236,-0.2225209339563146
2023-12-16 22:00:00,98.12168768731757,12.71320838332169,69.21830370393667,22,5,12,1,-0.5000000000000004,0.8660254037844384,-0.9749279121818236,-0.2225209339563146
2023-12-16 23:00:00,97.96117835376872,16.165591083951078,71.28755404993626,23,5,12,1,-0.25881904510252157,0.9659258262890681,-0.9749279121818236,-0.2225209339563146
2023-12-17 00:00:00,101.45594632671273,16.140818991813997,67.12280653553994,0,6,12,1,0.0,1.0,-0.7818314824680299,0.6234898018587334
2023-12-17 01:00:00,119.21862217120749,18.448933691880764,62.39786402400623,1,6,12,1,0.25881904510252074,0.9659258262890683,-0.7818314824680299,0.6234898018587334
2023-12-17 02:00:00,111.5125444960321,18.81611112010471,68.61042016218106,2,6,12,1,0.49999999999999994,0.8660254037844387,-0.7818314824680299,0.6234898018587334
2023-12-17 03:00:00,116.13689056072812,14.74465669396789,65.74396768034691,3,6,12,1,0.7071067811865475,0.7071067811865476,-0.7818314824680299,0.6234898018587334
2023-12-17 04:00:00,126.25500632009988,19.99971737945025,66.14603413547077,4,6,12,1,0.8660254037844386,0.5000000000000001,-0.7818314824680299,0.6234898018587334
2023-12-17 05:00:00,124.7800224151411,18.961462416675047,62.16758194960641,5,6,12,1,0.9659258262890683,0.25881904510252074,-0.7818314824680299,0.6234898018587334
2023-12-17 06:00:00,127.32002798266143,21.360789120842764,65.44612672293637,6,6,12,1,1.0,6.123233995736766e-17,-0.7818314824680299,0.6234898018587334
2023-12-17 07:00:00,122.29708391372975,20.363786887801975,66.83733032546793,7,6,12,1,0.9659258262890683,-0.25881904510252063,-0.7818314824680299,0.6234898018587334
2023-12-17 08:00:00,146.21760816799332,19.981827512026666,69.63231507880933,8,6,12,1,0.8660254037844387,-0.4999999999999998,-0.7818314824680299,0.6234898018587334
2023-12-17 09:00:00,135.13914042985988,18.03333527112432,67.76542563095306,9,6,12,1,0.7071067811865476,-0.7071067811865475,-0.7818314824680299,0.6234898018587334
2023-12-17 10:00:00,131.5370610978344,16.244363051778812,67.72086972024287,10,6,12,1,0.49999999999999994,-0.8660254037844387,-0.7818314824680299,0.6234898018587334
2023-12-17 11:00:00,128.39179826831256,15.999218081894796,63.87393516619789,11,6,12,1,0.258819045102521,-0.9659258262890682,-0.7818314824680299,0.6234898018587334
2023-12-17 12:00:00,114.67602835693775,12.913433947644078,69.24692509052802,12,6,12,1,1.2246467991473532e-16,-1.0,-0.7818314824680299,0.6234898018587334
2023-12-17 13:00:00,116.66253266799312,13.69248055771045,66.85143073174586,13,6,12,1,-0.2588190451025208,-0.9659258262890683,-0.7818314824680299,0.6234898018587334
2023-12-17 14:00:00,107.93563616510684,11.417033690631355,70.1098731690412,14,6,12,1,-0.4999999999999997,-0.8660254037844388,-0.7818314824680299,0.6234898018587334
2023-12-17 15:00:00,95.93131598836757,10.628234009557596,79.6743164413646,15,6,12,1,-0.7071067811865471,-0.7071067811865479,-0.7818314824680299,0.6234898018587334
2023-12-17 16:00:00,100.0796275386835,12.323888995642061,71.69355266719658,16,6,12,1,-0.8660254037844384,-0.5000000000000004,-0.7818314824680299,0.6234898018587334
2023-12-17 17:00:00,96.6385969884051,12.55064244404017,68.33427792270281,17,6,12,1,-0.9659258262890683,-0.25881904510252063,-0.7818314824680299,0.6234898018587334
2023-12-17 18:00:00,90.9026080775683,11.565582119677677,78.00599936152271,18,6,12,1,-1.0,-1.8369701987210297e-16,-0.7818314824680299,0.6234898018587334
2023-12-17 19:00:00,76.3927253503937,11.001383288776623,73.34285453091591,19,6,12,1,-0.9659258262890684,0.2588190451025203,-0.7818314824680299,0.6234898018587334
2023-12-17 20:00:00,76.64840027335623,10.728058481444359,77.06667568421058,20,6,12,1,-0.8660254037844386,0.5000000000000001,-0.7818314824680299,0.6234898018587334
2023-12-17 21:00:00,77.16218829181545,12.309055726647243,70.29875138028406,21,6,12,1,-0.7071067811865477,0.7071067811865474,-0.7818314824680299,0.6234898018587334
2023-12-17 22:00:00,91.39514961246466,12.379937778098881,71.28875958001676,22,6,12,1,-0.5000000000000004,0.8660254037844384,-0.7818314824680299,0.6234898018587334
2023-12-17 23:00:00,95.226061017683,14.483750046348447,74.70705948171634,23,6,12,1,-0.25881904510252157,0.9659258262890681,-0.7818314824680299,0.6234898018587334
2023-12-18 00:00:00,108.25917791015112,13.498487208839974,65.65990727892297,0,0,12,0,0.0,1.0,0.0,1.0
2023-12-18 01:00:00,117.36990976573694,17.868037417677005,67.56525576771016,1,0,12,0,0.25881904510252074,0.9659258262890683,0.0,1.0
2023-12-18 02:00:00,120.15206418102915,16.930238186844793,67.49988113234636,2,0,12,0,0.49999999999999994,0.8660254037844387,0.0,1.0
2023-12-18 03:00:00,126.69326755131651,19.17359734512803,63.22562200359713,3,0,12,0,0.7071067811865475,0.7071067811865476,0.0,1.0
2023-12-18 04:00:00,135.34587421519547,20.575719478542872,65.15572618472575,4,0,12,0,0.8660254037844386,0.5000000000000001,0.0,1.0
2023-12-18 05:00:00,137.47576875084334,20.136294498011107,63.87735610873546,5,0,12,0,0.9659258262890683,0.25881904510252074,0.0,1.0
2023-12-18 06:00:00,144.2332950942453,20.979475054355454,65.22959639863653,6,0,12,0,1.0,6.123233995736766e-17,0.0,1.0
2023-12-18 07:00:00,130.63257393417078,16.5445292808335,69.35699873999883,7,0,12,0,0.9659258262890683,-0.25881904510252063,0.0,1.0
2023-12-18 08:00:00,153.16506305252727,18.505601489540254,72.45544845012385,8,0,12,0,0.8660254037844387,-0.4999999999999998,0.0,1.0
2023-12-18 09:00:00,152.01559415806162,20.26382699488815,66.77331464297292,9,0,12,0,0.7071067811865476,-0.7071067811865475,0.0,1.0
2023-12-18 10:00:00,141.0200841009355,18.544629177432665,66.29478538973976,10,0,12,0,0.49999999999999994,-0.8660254037844387,0.0,1.0
2023-12-18 11:00:00,151.02582338183223,19.58875594869561,69.39581018203121,11,0,12,0,0.258819045102521,-0.9659258262890682,0.0,1.0
2023-12-18 12:00:00,135.00840391446846,18.337355589908857,68.92924124918554,12,0,12,0,1.2246467991473532e-16,-1.0,0.0,1.0
2023-12-18 13:00:00,120.78646486243791,15.194896891224204,66.41673493080397,13,0,12,0,-0.2588190451025208,-0.9659258262890683,0.0,1.0
2023-12-18 14:00:00,119.19278792230013,13.402816941631123,72.48619656423303,14,0,12,0,-0.4999999999999997,-0.8660254037844388,0.0,1.0
2023-12-18 15:00:00,100.87791977945457,11.51469967561166,77.1149598466314,15,0,12,0,-0.7071067811865471,-0.7071067811865479,0.0,1.0
2023-12-18 16:00:00,110.35912463046074,11.602970406517708,70.42787901574674,16,0,12,0,-0.8660254037844384,-0.5000000000000004,0.0,1.0
2023-12-18 17:00:00,105.21657619954213,11.30471120206801,72.46775329150027,17,0,12,0,-0.9659258262890683,-0.25881904510252063,0.0,1.0
2023-12-18 18:00:00,108.10084175058513,10.89091108138576,73.88011245078624,18,0,12,0,-1.0,-1.8369701987210297e-16,0.0,1.0
2023-12-18 19:00:00,90.26450635353476,10.539574943190487,76.53855451182775,19,0,12,0,-0.9659258262890684,0.2588190451025203,0.0,1.0
2023-12-18 20:00:00,86.54384844359245,12.919048136103646,81.95311820761492,20,0,12,0,-0.8660254037844386,0.5000000000000001,0.0,1.0
2023-12-18 21:00:00,99.61802449857898,15.497317262425492,71.44066019017379,21,0,12,0,-0.7071067811865477,0.7071067811865474,0.0,1.0
2023-12-18 22:00:00,106.81196934676944,15.180670022303719,72.89961347642368,22,0,12,0,-0.5000000000000004,0.8660254037844384,0.0,1.0
2023-12-18 23:00:00,101.84025477022108,14.26187860214276,71.1962182502419,23,0,12,0,-0.25881904510252157,0.9659258262890681,0.0,1.0
2023-12-19 00:00:00,117.53662270776988,17.46999827271487,68.77736349902659,0,1,12,0,0.0,1.0,0.7818314824680298,0.6234898018587336
2023-12-19 01:00:00,124.08557580589951,17.504207481982217,67.98507878863748,1,1,12,0,0.25881904510252074,0.9659258262890683,0.7818314824680298,0.6234898018587336
2023-12-19 02:00:00,123.14958680185063,17.887898474908543,65.28688946845377,2,1,12,0,0.49999999999999994,0.8660254037844387,0.7818314824680298,0.6234898018587336
2023-12-19 03:00:00,124.86666832232824,18.62269803758889,73.66739317160622,3,1,12,0,0.7071067811865475,0.7071067811865476,0.7818314824680298,0.6234898018587336
2023-12-19 04:00:00,134.19117280530864,19.113146409469167,66.73397439006845,4,1,12,0,0.8660254037844386,0.5000000000000001,0.7818314824680298,0.6234898018587336
2023-12-19 05:00:00,147.4536260061848,20.789257490575984,62.517113830023625,5,1,12,0,0.9659258262890683,0.25881904510252074,0.7818314824680298,0.6234898018587336
2023-12-19 06:00:00,131.20229710278556,20.15846012472844,67.23184698003585,6,1,12,0,1.0,6.123233995736766e-17,0.7818314824680298,0.6234898018587336
2023-12-19 07:00:00,134.83937086349945,18.720024110104596,64.65562241551194,7,1,12,0,0.9659258262890683,-0.25881904510252063,0.7818314824680298,0.6234898018587336
2023-12-19 08:00:00,158.2562892805032,18.247778452801036,64.65879105322601,8,1,12,0,0.8660254037844387,-0.4999999999999998,0.7818314824680298,0.6234898018587336
2023-12-19 09:00:00,155.85734291863565,19.2362380979825,64.89241396120136,9,1,12,0,0.7071067811865476,-0.7071067811865475,0.7818314824680298,0.6234898018587336
2023-12-19 10:00:00,144.87592339869508,18.591931824838717,65.93100019280348,10,1,12,0,0.49999999999999994,-0.8660254037844387,0.7818314824680298,0.6234898018587336
2023-12-19 11:00:00,139.45123123416155,16.514532215248718,64.46827488511654,11,1,12,0,0.258819045102521,-0.9659258262890682,0.7818314824680298,0.6234898018587336
2023-12-19 12:00:00,134.06557170295173,14.250946567194442,64.66011536109428,12,1,12,0,1.2246467991473532e-16,-1.0,0.7818314824680298,0.6234898018587336
2023-12-19 13:00:00,130.7583733679312,16.79012649653142,72.34623488780659,13,1,12,0,-0.2588190451025208,-0.9659258262890683,0.7818314824680298,0.6234898018587336
2023-12-19 14:00:00,129.57852996213373,15.50686191560446,72.1048544072202,14,1,12,0,-0.4999999999999997,-0.8660254037844388,0.7818314824680298,0.6234898018587336
2023-12-19 15:00:00,112.57686047234544,10.139463125107373,76.55603713575441,15,1,12,0,-0.7071067811865471,-0.7071067811865479,0.7818314824680298,0.6234898018587336
2023-12-19 16:00:00,108.66639754021847,14.494227771146349,72.20754698354898,16,1,12,0,-0.8660254037844384,-0.5000000000000004,0.7818314824680298,0.6234898018587336
2023-12-19 17:00:00,101.04618995145078,11.771788000158013,72.18282552084128,17,1,12,0,-0.9659258262890683,-0.25881904510252063,0.7818314824680298,0.6234898018587336
2023-12-19 18:00:00,103.2080312347639,12.233935621354522,78.00963828758955,18,1,12,0,-1.0,-1.8369701987210297e-16,0.7818314824680298,0.6234898018587336
2023-12-19 19:00:00,83.95372723614129,13.792586286236475,74.59064082976565,19,1,12,0,-0.9659258262890684,0.2588190451025203,0.7818314824680298,0.6234898018587336
2023-12-19 20:00:00,101.6898174478399,14.963661566119633,77.44445503826672,20,1,12,0,-0.8660254037844386,0.5000000000000001,0.7818314824680298,0.6234898018587336
2023-12-19 21:00:00,91.2814391448608,14.624825804135913,74.02412602764618,21,1,12,0,-0.7071067811865477,0.7071067811865474,0.7818314824680298,0.6234898018587336
2023-12-19 22:00:00,96.99358605218018,14.310500749739644,78.31366987511316,22,1,12,0,-0.5000000000000004,0.8660254037844384,0.7818314824680298,0.6234898018587336
2023-12-19 23:00:00,97.62303187535831,12.850217791449223,73.50123918259747,23,1,12,0,-0.25881904510252157,0.9659258262890681,0.7818314824680298,0.6234898018587336
2023-12-20 00:00:00,99.99582379280325,13.078385165590452,70.96112735774163,0,2,12,0,0.0,1.0,0.9749279121818236,-0.22252093395631434
2023-12-20 01:00:00,127.93247146121253,18.4702474905144,70.57874887922699,1,2,12,0,0.25881904510252074,0.9659258262890683,0.9749279121818236,-0.22252093395631434
2023-12-20 02:00:00,128.47590170205444,20.130778420184274,65.91319028043314,2,2,12,0,0.49999999999999994,0.8660254037844387,0.9749279121818236,-0.22252093395631434
2023-12-20 03:00:00,142.43341190337065,17.724192735056675,60.560500335908124,3,2,12,0,0.7071067811865475,0.7071067811865476,0.9749279121818236,-0.22252093395631434
2023-12-20 04:00:00,141.8758941050947,19.17716456959722,65.61851592154517,4,2,12,0,0.8660254037844386,0.5000000000000001,0.9749279121818236,-0.22252093395631434
2023-12-20 05:00:00,133.6859945331477,19.145537374145654,69.7610967946714,5,2,12,0,0.9659258262890683,0.25881904510252074,0.9749279121818236,-0.22252093395631434
2023-12-20 06:00:00,131.62616912381137,19.241882791334056,56.86055707030692,6,2,12,0,1.0,6.123233995736766e-17,0.9749279121818236,-0.22252093395631434
2023-12-20 07:00:00,139.3030807935608,21.593877982561782,65.34376400638054,7,2,12,0,0.9659258262890683,-0.25881904510252063,0.9749279121818236,-0.22252093395631434
2023-12-20 08:00:00,169.282619161905,19.90939421583578,59.930162944474404,8,2,12,0,0.8660254037844387,-0.4999999999999998,0.9749279121818236,-0.22252093395631434
2023-12-20 09:00:00,151.99243219192564,18.60239255922025,65.4193297379043,9,2,12,0,0.7071067811865476,-0.7071067811865475,0.9749279121818236,-0.22252093395631434
2023-12-20 10:00:00,151.83795969041284,22.10401293233312,66.97026230468002,10,2,12,0,0.49999999999999994,-0.8660254037844387,0.9749279121818236,-0.22252093395631434
2023-12-20 11:00:00,130.67610193838317,15.001377733466303,70.41953093329408,11,2,12,0,0.258819045102521,-0.9659258262890682,0.9749279121818236,-0.22252093395631434
2023-12-20 12:00:00,138.26279302691145,16.93959952381124,70.36237292569211,12,2,12,0,1.2246467991473532e-16,-1.0,0.9749279121818236,-0.22252093395631434
2023-12-20 13:00:00,122.5079378070492,13.508989293399186,75.40535432327668,13,2,12,0,-0.2588190451025208,-0.9659258262890683,0.9749279121818236,-0.22252093395631434
2023-12-20 14:00:00,118.91482182871863,13.8815775935762,76.23108518136713,14,2,12,0,-0.4999999999999997,-0.8660254037844388,0.9749279121818236,-0.22252093395631434
2023-12-20 15:00:00,121.28264469393874,13.512263353515381,73.38450243288005,15,2,12,0,-0.7071067811865471,-0.7071067811865479,0.9749279121818236,-0.22252093395631434
2023-12-20 16:00:00,116.66888328337173,13.920524865882445,78.211215155917,16,2,12,0,-0.8660254037844384,-0.5000000000000004,0.9749279121818236,-0.22252093395631434
2023-12-20 17:00:00,110.30707886251362,11.862256753669755,74.58909668803723,17,2,12,0,-0.9659258262890683,-0.25881904510252063,0.9749279121818236,-0.22252093395631434
2023-12-20 18:00:00,99.33618015014831,11.567310754872297,74.27731138411745,18,2,12,0,-1.0,-1.8369701987210297e-16,0.9749279121818236,-0.22252093395631434
2023-12-20 19:00:00,86.56322957265473,11.835401949691024,71.91428901253472,19,2,12,0,-0.9659258262890684,0.2588190451025203,0.9749279121818236,-0.22252093395631434
2023-12-20 20:00:00,84.09741059704055,11.033702256978042,78.86392830544307,20,2,12,0,-0.8660254037844386,0.5000000000000001,0.9749279121818236,-0.22252093395631434
2023-12-20 21:00:00,98.78026362147098,14.237770479958899,73.07444913710006,21,2,12,0,-0.7071067811865477,0.7071067811865474,0.9749279121818236,-0.22252093395631434
2023-12-20 22:00:00,114.49913165442183,14.53973445774042,65.46737139446107,22,2,12,0,-0.5000000000000004,0.8660254037844384,0.9749279121818236,-0.22252093395631434
2023-12-20 23:00:00,118.44887340514958,15.735209728130048,72.91099644751603,23,2,12,0,-0.25881904510252157,0.9659258262890681,0.9749279121818236,-0.22252093395631434
2023-12-21 00:00:00,117.65141606278817,16.1827540543856,68.47625114300062,0,3,12,0,0.0,1.0,0.43388373911755823,-0.900968867902419
2023-12-21 01:00:00,124.37105807333919,17.033027798760166,67.32954559140808,1,3,12,0,0.25881904510252074,0.9659258262890683,0.43388373911755823,-0.900968867902419
2023-12-21 02:00:00,123.92561477608308,20.050469065531498,66.07625208071433,2,3,12,0,0.49999999999999994,0.8660254037844387,0.43388373911755823,-0.900968867902419
2023-12-21 03:00:00,134.3330876949722,20.648175388166933,64.52600353617285,3,3,12,0,0.7071067811865475,0.7071067811865476,0.43388373911755823,-0.900968867902419
2023-12-21 04:00:00,133.29036787567102,21.87337105259956,72.76545285722446,4,3,12,0,0.8660254037844386,0.5000000000000001,0.43388373911755823,-0.900968867902419
2023-12-21 05:00:00,134.337105156576,20.709663390585302,68.97086380274467,5,3,12,0,0.9659258262890683,0.25881904510252074,0.43388373911755823,-0.900968867902419
2023-12-21 06:00:00,145.8051654498873,22.31606470016835,65.8758178591463,6,3,12,0,1.0,6.123233995736766e-17,0.43388373911755823,-0.900968867902419
2023-12-21 07:00:00,135.57629461335125,19.526647903760875,64.70672122469348,7,3,12,0,0.9659258262890683,-0.25881904510252063,0.43388373911755823,-0.900968867902419
2023-12-21 08:00:00,143.0539471848182,19.44989249411098,67.96843285054022,8,3,12,0,0.8660254037844387,-0.4999999999999998,0.43388373911755823,-0.900968867902419
2023-12-21 09:00:00,158.30952349475498,20.908146813454355,66.26664092041172,9,3,12,0,0.7071067811865476,-0.7071067811865475,0.43388373911755823,-0.900968867902419
2023-12-21 10:00:00,152.86265988915375,19.552200865575582,69.22590073986561,10,3,12,0,0.49999999999999994,-0.8660254037844387,0.43388373911755823,-0.900968867902419
2023-12-21 11:00:00,139.4410034076923,16.88666912822296,69.90005302606151,11,3,12,0,0.258819045102521,-0.9659258262890682,0.43388373911755823,-0.900968867902419
2023-12-21 12:00:00,129.2560674008273,14.717681204155657,70.16333647673723,12,3,12,0,1.2246467991473532e-16,-1.0,0.43388373911755823,-0.900968867902419
2023-12-21 13:00:00,120.01695847762986,14.94584606728643,74.15215316492713,13,3,12,0,-0.2588190451025208,-0.9659258262890683,0.43388373911755823,-0.900968867902419
2023-12-21 14:00:00,115.32794157639692,13.259765896269672,71.51777808705454,14,3,12,0,-0.4999999999999997,-0.8660254037844388,0.43388373911755823,-0.900968867902419
2023-12-21 15:00:00,125.65534023260723,16.045396657172045,74.19630220190881,15,3,12,0,-0.7071067811865471,-0.7071067811865479,0.43388373911755823,-0.900968867902419
2023-12-21 16:00:00,111.6733844610296,13.963027908327096,72.0361419952189,16,3,12,0,-0.8660254037844384,-0.5000000000000004,0.43388373911755823,-0.900968867902419
2023-12-21 17:00:00,118.4042092238202,11.2744813869488,72.98193986464098,17,3,12,0,-0.9659258262890683,-0.25881904510252063,0.43388373911755823,-0.900968867902419
2023-12-21 18:00:00,114.43232656192963,10.719582117187704,68.19084948428902,18,3,12,0,-1.0,-1.8369701987210297e-16,0.43388373911755823,-0.900968867902419
2023-12-21 19:00:00,89.42691435343579,11.255895342352115,76.9435597210571,19,3,12,0,-0.9659258262890684,0.2588190451025203,0.43388373911755823,-0.900968867902419
2023-12-21 20:00:00,103.94954311010942,11.984729085347968,77.16901378013982,20,3,12,0,-0.8660254037844386,0.5000000000000001,0.43388373911755823,-0.900968867902419
2023-12-21 21:00:00,101.24070774828559,13.20859084274324,77.27720113153971,21,3,12,0,-0.7071067811865477,0.7071067811865474,0.43388373911755823,-0.900968867902419
2023-12-21 22:00:00,105.51869692957172,15.95888829450655,69.47102191163319,22,3,12,0,-0.5000000000000004,0.8660254037844384,0.43388373911755823,-0.900968867902419
2023-12-21 23:00:00,99.92311088575978,13.80201704074563,72.65094264038133,23,3,12,0,-0.25881904510252157,0.9659258262890681,0.43388373911755823,-0.900968867902419
2023-12-22 00:00:00,120.18763041385215,19.891217660627014,69.81820736192985,0,4,12,0,0.0,1.0,-0.433883739117558,-0.9009688679024191
2023-12-22 01:00:00,117.77385103780611,16.07723761852429,70.48017054380128,1,4,12,0,0.25881904510252074,0.9659258262890683,-0.433883739117558,-0.9009688679024191
2023-12-22 02:00:00,121.74622104453412,16.343340196715292,64.86607872825749,2,4,12,0,0.49999999999999994,0.8660254037844387,-0.433883739117558,-0.9009688679024191
2023-12-22 03:00:00,133.39496388771454,21.817796156088583,64.56881485455467,3,4,12,0,0.7071067811865475,0.7071067811865476,-0.433883739117558,-0.9009688679024191
2023-12-22 04:00:00,145.3440085777373,21.902896808250375,59.96368797892278,4,4,12,0,0.8660254037844386,0.5000000000000001,-0.433883739117558,-0.9009688679024191
2023-12-22 05:00:00,145.33427647450955,20.047091901879035,61.87402459205346,5,4,12,0,0.9659258262890683,0.25881904510252074,-0.433883739117558,-0.9009688679024191
2023-12-22 06:00:00,151.3508563791642,21.02891026604398,63.82963466977479,6,4,12,0,1.0,6.123233995736766e-17,-0.433883739117558,-0.9009688679024191
2023-12-22 07:00:00,141.35123505220784,20.930468777166485,64.54716235550949,7,4,12,0,0.9659258262890683,-0.25881904510252063,-0.433883739117558,-0.9009688679024191
2023-12-22 08:00:00,162.2416982642219,20.126082051610283,59.56653905898793,8,4,12,0,0.8660254037844387,-0.4999999999999998,-0.433883739117558,-0.9009688679024191
2023-12-22 09:00:00,139.7699650826412,17.34061961039767,64.04334690242034,9,4,12,0,0.7071067811865476,-0.7071067811865475,-0.433883739117558,-0.9009688679024191
2023-12-22 10:00:00,143.512074104632,14.73396101935781,67.30128668968489,10,4,12,0,0.49999999999999994,-0.8660254037844387,-0.433883739117558,-0.9009688679024191
2023-12-22 11:00:00,130.51722958761007,16.225098700282146,72.49155594712578,11,4,12,0,0.258819045102521,-0.9659258262890682,-0.433883739117558,-0.9009688679024191
2023-12-22 12:00:00,142.2022150393314,19.18114341041361,67.28530210168834,12,4,12,0,1.2246467991473532e-16,-1.0,-0.433883739117558,-0.9009688679024191
2023-12-22 13:00:00,131.6490770662155,18.20475586703709,72.8434463058137,13,4,12,0,-0.2588190451025208,-0.9659258262890683,-0.433883739117558,-0.9009688679024191
2023-12-22 14:00:00,120.4363939408464,14.064156346618727,71.13564468078134,14,4,12,0,-0.4999999999999997,-0.8660254037844388,-0.433883739117558,-0.9009688679024191
2023-12-22 15:00:00,106.81562770060393,12.191538334825495,72.7256514334056,15,4,12,0,-0.7071067811865471,-0.7071067811865479,-0.433883739117558,-0.9009688679024191
2023-12-22 16:00:00,110.74454506125086,13.409992007813507,72.38377869759847,16,4,12,0,-0.8660254037844384,-0.5000000000000004,-0.433883739117558,-0.9009688679024191
2023-12-22 17:00:00,107.99806442843334,13.251680281401455,72.48287512291435,17,4,12,0,-0.9659258262890683,-0.25881904510252063,-0.433883739117558,-0.9009688679024191
2023-12-22 18:00:00,108.37736542268965,13.357991072298276,74.39596111117243,18,4,12,0,-1.0,-1.8369701987210297e-16,-0.433883739117558,-0.9009688679024191
2023-12-22 19:00:00,88.26352712005814,8.802665463944518,78.75992833074827,19,4,12,0,-0.9659258262890684,0.2588190451025203,-0.433883739117558,-0.9009688679024191
2023-12-22 20:00:00,102.55231736068447,17.72944445395718,72.75158275196611,20,4,12,0,-0.8660254037844386,0.5000000000000001,-0.433883739117558,-0.9009688679024191
2023-12-22 21:00:00,99.4643961861586,15.327196670676447,71.33076896372518,21,4,12,0,-0.7071067811865477,0.7071067811865474,-0.433883739117558,-0.9009688679024191
2023-12-22 22:00:00,105.48857269639427,14.160116237747689,73.44772331737485,22,4,12,0,-0.5000000000000004,0.8660254037844384,-0.433883739117558,-0.9009688679024191
2023-12-22 23:00:00,108.83475987110418,14.343919167705824,71.38889429649116,23,4,12,0,-0.25881904510252157,0.9659258262890681,-0.433883739117558,-0.9009688679024191
2023-12-23 00:00:00,119.55488639515174,18.108170819986753,69.65325423716939,0,5,12,1,0.0,1.0,-0.9749279121818236,-0.2225209339563146
2023-12-23 01:00:00,118.98933987867521,18.405580381829242,69.06703552807004,1,5,12,1,0.25881904510252074,0.9659258262890683,-0.9749279121818236,-0.2225209339563146
2023-12-23 02:00:00,111.1922219896646,18.765433510919113,63.82925375532152,2,5,12,1,0.49999999999999994,0.8660254037844387,-0.9749279121818236,-0.2225209339563146
2023-12-23 03:00:00,131.22602672808532,20.143141354074757,62.91863946961743,3,5,12,1,0.7071067811865475,0.7071067811865476,-0.9749279121818236,-0.2225209339563146
2023-12-23 04:00:00,129.6148771566771,19.922234487668177,67.62058609713206,4,5,12,1,0.8660254037844386,0.5000000000000001,-0.9749279121818236,-0.2225209339563146
2023-12-23 05:00:00,140.50355225740444,21.093708982599576,63.624640320816994,5,5,12,1,0.9659258262890683,0.25881904510252074,-0.9749279121818236,-0.2225209339563146
2023-12-23 06:00:00,131.66089127363145,21.716756555297604,65.64731066851292,6,5,12,1,1.0,6.123233995736766e-17,-0.9749279121818236,-0.2225209339563146
2023-12-23 07:00:00,135.0551805254917,21.005890895146663,67.73455661809774,7,5,12,1,0.9659258262890683,-0.25881904510252063,-0.9749279121818236,-0.2225209339563146
2023-12-23 08:00:00,144.014303700225,20.52769674148798,67.19906355860728,8,5,12,1,0.8660254037844387,-0.4999999999999998,-0.9749279121818236,-0.2225209339563146
2023-12-23 09:00:00,150.36329410000306,21.54492960343031,61.50598254920813,9,5,12,1,0.7071067811865476,-0.7071067811865475,-0.9749279121818236,-0.2225209339563146
2023-12-23 10:00:00,127.64004477077023,16.231551599739664,66.50849037532372,10,5,12,1,0.49999999999999994,-0.8660254037844387,-0.9749279121818236,-0.2225209339563146
2023-12-23 11:00:00,120.15931688775487,16.465665041439784,71.42756695090556,11,5,12,1,0.258819045102521,-0.9659258262890682,-0.9749279121818236,-0.2225209339563146
2023-12-23 12:00:00,128.13960326036863,16.66705330783888,71.42622347712471,12,5,12,1,1.2246467991473532e-16,-1.0,-0.9749279121818236,-0.2225209339563146
2023-12-23 13:00:00,115.74116254108844,14.497134724063402,71.96272478276694,13,5,12,1,-0.2588190451025208,-0.9659258262890683,-0.9749279121818236,-0.2225209339563146
2023-12-23 14:00:00,107.4754429054991,14.033163471501437,67.93933633194104,14,5,12,1,-0.4999999999999997,-0.8660254037844388,-0.9749279121818236,-0.2225209339563146
2023-12-23 15:00:00,115.69005188693939,15.730397828456226,72.25107040322449,15,5,12,1,-0.7071067811865471,-0.7071067811865479,-0.9749279121818236,-0.2225209339563146
2023-12-23 16:00:00,88.60548751853392,12.939654202793006,75.26212089182953,16,5,12,1,-0.8660254037844384,-0.5000000000000004,-0.9749279121818236,-0.2225209339563146
2023-12-23 17:00:00,93.61940886506399,10.019692432140113,71.37584468348926,17,5,12,1,-0.9659258262890683,-0.25881904510252063,-0.9749279121818236,-0.2225209339563146
2023-12-23 18:00:00,88.51805588452345,11.992199684865929,78.2388938907648,18,5,12,1,-1.0,-1.8369701987210297e-16,-0.9749279121818236,-0.2225209339563146
2023-12-23 19:00:00,88.48864264918784,12.850678734911881,75.30072458464741,19,5,12,1,-0.9659258262890684,0.2588190451025203,-0.9749279121818236,-0.2225209339563146
2023-12-23 20:00:00,86.14163960051437,13.222644962414083,69.11518486212098,20,5,12,1,-0.8660254037844386,0.5000000000000001,-0.9749279121818236,-0.2225209339563146
2023-12-23 21:00:00,91.63681892624913,14.632841316140777,72.40079423654088,21,5,12,1,-0.7071067811865477,0.7071067811865474,-0.9749279121818236,-0.2225209339563146
2023-12-23 22:00:00,97.2452177854341,15.338795141000556,71.99900891628354,22,5,12,1,-0.5000000000000004,0.8660254037844384,-0.9749279121818236,-0.2225209339563146
2023-12-23 23:00:00,103.81558997713907,15.383696950668282,71.02127994037538,23,5,12,1,-0.25881904510252157,0.9659258262890681,-0.9749279121818236,-0.2225209339563146
2023-12-24 00:00:00,104.65787022778935,15.008359913638323,74.15009434306437,0,6,12,1,0.0,1.0,-0.7818314824680299,0.6234898018587334
2023-12-24 01:00:00,115.36671202265443,17.17148685396021,70.07369765229105,1,6,12,1,0.25881904510252074,0.9659258262890683,-0.7818314824680299,0.6234898018587334
2023-12-24 02:00:00,119.0921332217048,17.863754716073775,62.79486200297696,2,6,12,1,0.49999999999999994,0.8660254037844387,-0.7818314824680299,0.6234898018587334
2023-12-24 03:00:00,131.08995972169055,19.19869097172328,61.18006524503325,3,6,12,1,0.7071067811865475,0.7071067811865476,-0.7818314824680299,0.6234898018587334
2023-12-24 04:00:00,128.1336358391908,21.298773969031057,63.89462891143557,4,6,12,1,0.8660254037844386,0.5000000000000001,-0.7818314824680299,0.6234898018587334
2023-12-24 05:00:00,130.39259677355798,21.267776980508376,64.47430671380499,5,6,12,1,0.9659258262890683,0.25881904510252074,-0.7818314824680299,0.6234898018587334
2023-12-24 06:00:00,125.21496978196969,22.033928121619002,66.86838430429445,6,6,12,1,1.0,6.123233995736766e-17,-0.7818314824680299,0.6234898018587334
2023-12-24 07:00:00,135.6515543177089,20.085498050758556,69.28535582236903,7,6,12,1,0.9659258262890683,-0.25881904510252063,-0.7818314824680299,0.6234898018587334
2023-12-24 08:00:00,143.27956952103258,22.524562318571327,70.04774596656941,8,6,12,1,0.8660254037844387,-0.4999999999999998,-0.7818314824680299,0.6234898018587334
2023-12-24 09:00:00,152.9237471497447,20.635604444647743,64.32154004573347,9,6,12,1,0.7071067811865476,-0.7071067811865475,-0.7818314824680299,0.6234898018587334
2023-12-24 10:00:00,139.26091658984743,18.966271573769408,69.69488488132167,10,6,12,1,0.49999999999999994,-0.8660254037844387,-0.7818314824680299,0.6234898018587334
2023-12-24 11:00:00,133.80873287310985,18.73821560798351,69.61520266302173,11,6,12,1,0.258819045102521,-0.9659258262890682,-0.7818314824680299,0.6234898018587334
2023-12-24 12:00:00,127.20921281840026,15.784278929059926,66.61887124079782,12,6,12,1,1.2246467991473532e-16,-1.0,-0.7818314824680299,0.6234898018587334
2023-12-24 13:00:00,110.87648987440019,12.599512046655757,65.78046062105123,13,6,12,1,-0.2588190451025208,-0.9659258262890683,-0.7818314824680299,0.6234898018587334
2023-12-24 14:00:00,118.776046123251,13.887874997401807,73.32355531566496,14,6,12,1,-0.4999999999999997,-0.8660254037844388,-0.7818314824680299,0.6234898018587334
2023-12-24 15:00:00,110.53072930220202,15.090677862123538,69.648364513155,15,6,12,1,-0.7071067811865471,-0.7071067811865479,-0.7818314824680299,0.6234898018587334
2023-12-24 16:00:00,110.33864977092759,13.454141995402164,72.53300490235439,16,6,12,1,-0.8660254037844384,-0.5000000000000004,-0.7818314824680299,0.6234898018587334
2023-12-24 17:00:00,99.12180638295587,12.72896453683339,73.6322874249376,17,6,12,1,-0.9659258262890683,-0.25881904510252063,-0.7818314824680299,0.6234898018587334
2023-12-24 18:00:00,90.1696429154782,11.52615944483988,76.54748483412389,18,6,12,1,-1.0,-1.8369701987210297e-16,-0.7818314824680299,0.6234898018587334
2023-12-24 19:00:00,84.83326624249364,10.000477506975395,79.52864940780037,19,6,12,1,-0.9659258262890684,0.2588190451025203,-0.7818314824680299,0.6234898018587334
2023-12-24 20:00:00,86.33340206986568,15.471086367090905,75.1256136344921,20,6,12,1,-0.8660254037844386,0.5000000000000001,-0.7818314824680299,0.6234898018587334
2023-12-24 21:00:00,92.00433155760263,13.65765031354287,72.51722398377777,21,6,12,1,-0.7071067811865477,0.7071067811865474,-0.7818314824680299,0.6234898018587334
2023-12-24 22:00:00,81.89693040906857,14.153612578160685,66.68583004687437,22,6,12,1,-0.5000000000000004,0.8660254037844384,-0.7818314824680299,0.6234898018587334
2023-12-24 23:00:00,97.5205959491538,14.755173969958578,72.81926575647941,23,6,12,1,-0.25881904510252157,0.9659258262890681,-0.7818314824680299,0.6234898018587334
2023-12-25 00:00:00,124.36506630616365,18.85076674196559,70.0057468373354,0,0,12,0,0.0,1.0,0.0,1.0
2023-12-25 01:00:00,128.55691235808408,19.326285424504803,66.71808728677841,1,0,12,0,0.25881904510252074,0.9659258262890683,0.0,1.0
2023-12-25 02:00:00,125.07513445060079,17.518123829209216,70.41833759229183,2,0,12,0,0.49999999999999994,0.8660254037844387,0.0,1.0
2023-12-25 03:00:00,140.0470918683888,21.54422459783714,62.10500978152888,3,0,12,0,0.7071067811865475,0.7071067811865476,0.0,1.0
2023-12-25 04:00:00,144.8168281323946,20.2154790122815,62.66926611338926,4,0,12,0,0.8660254037844386,0.5000000000000001,0.0,1.0
2023-12-25 05:00:00,134.39478905234796,19.916873048701078,63.38942395643935,5,0,12,0,0.9659258262890683,0.25881904510252074,0.0,1.0
2023-12-25 06:00:00,142.01230785380525,20.52856444532932,62.233512017124895,6,0,12,0,1.0,6.123233995736766e-17,0.0,1.0
2023-12-25 07:00:00,146.111820339973,19.657740454909575,65.77677059928996,7,0,12,0,0.9659258262890683,-0.25881904510252063,0.0,1.0
2023-12-25 08:00:00,145.83157744326326,18.451768986540213,66.11565136743866,8,0,12,0,0.8660254037844387,-0.4999999999999998,0.0,1.0
2023-12-25 09:00:00,153.62766126387848,20.961606598534722,68.83033168830596,9,0,12,0,0.7071067811865476,-0.7071067811865475,0.0,1.0
2023-12-25 10:00:00,141.57113363203703,18.637925736978442,68.42702340980901,10,0,12,0,0.49999999999999994,-0.8660254037844387,0.0,1.0
2023-12-25 11:00:00,146.01470964947805,18.930073506403634,68.02102713345266,11,0,12,0,0.258819045102521,-0.9659258262890682,0.0,1.0
2023-12-25 12:00:00,137.6161978895099,17.399803022219963,68.9006086474707,12,0,12,0,1.2246467991473532e-16,-1.0,0.0,1.0
2023-12-25 13:00:00,125.52244583678635,16.756518512145423,72.8388095364289,13,0,12,0,-0.2588190451025208,-0.9659258262890683,0.0,1.0
2023-12-25 14:00:00,118.05351145047753,11.900002817415016,72.34914398602709,14,0,12,0,-0.4999999999999997,-0.8660254037844388,0.0,1.0
2023-12-25 15:00:00,115.97517395025935,12.840415526743932,74.30438469084264,15,0,12,0,-0.7071067811865471,-0.7071067811865479,0.0,1.0
2023-12-25 16:00:00,111.85587690388031,14.358928543490665,76.64526458596853,16,0,12,0,-0.8660254037844384,-0.5000000000000004,0.0,1.0
2023-12-25 17:00:00,105.7139463982551,11.19303367916542,76.13128483054514,17,0,12,0,-0.9659258262890683,-0.25881904510252063,0.0,1.0
2023-12-25 18:00:00,108.08839919121861,13.528580651243992,76.84584780150237,18,0,12,0,-1.0,-1.8369701987210297e-16,0.0,1.0
2023-12-25 19:00:00,79.537202613082,11.019222850341508,73.34285219077408,19,0,12,0,-0.9659258262890684,0.2588190451025203,0.0,1.0
2023-12-25 20:00:00,98.2489287046339,13.529547385629932,79.16533155504143,20,0,12,0,-0.8660254037844386,0.5000000000000001,0.0,1.0
2023-12-25 21:00:00,112.55636670188495,16.555541491683538,70.84268433143669,21,0,12,0,-0.7071067811865477,0.7071067811865474,0.0,1.0
2023-12-25 22:00:00,97.88676937299066,16.13088319852308,74.23765549402513,22,0,12,0,-0.5000000000000004,0.8660254037844384,0.0,1.0
2023-12-25 23:00:00,112.93865887349305,13.157595423954458,70.01545452338463,23,0,12,0,-0.25881904510252157,0.9659258262890681,0.0,1.0
2023-12-26 00:00:00,120.98581195861784,18.41290911909981,73.19151075534722,0,1,12,0,0.0,1.0,0.7818314824680298,0.6234898018587336
2023-12-26 01:00:00,123.12284739042072,20.908985533129993,71.04278088837358,1,1,12,0,0.25881904510252074,0.9659258262890683,0.7818314824680298,0.6234898018587336
2023-12-26 02:00:00,138.03783419486516,23.335876027868142,66.93832318569129,2,1,12,0,0.49999999999999994,0.8660254037844387,0.7818314824680298,0.6234898018587336
2023-12-26 03:00:00,131.35540785996918,20.68139274357476,70.36599312075,3,1,12,0,0.7071067811865475,0.7071067811865476,0.7818314824680298,0.6234898018587336
2023-12-26 04:00:00,141.39793655546828,18.557823741935255,64.18612254239612,4,1,12,0,0.8660254037844386,0.5000000000000001,0.7818314824680298,0.6234898018587336
2023-12-26 05:00:00,137.9139524115973,21.656072284818453,66.79399333424463,5,1,12,0,0.9659258262890683,0.25881904510252074,0.7818314824680298,0.6234898018587336
2023-12-26 06:00:00,160.1792802026759,23.53440241013773,61.76578010534612,6,1,12,0,1.0,6.123233995736766e-17,0.7818314824680298,0.6234898018587336
2023-12-26 07:00:00,147.3806814409837,20.723423048156352,65.36383908907737,7,1,12,0,0.9659258262890683,-0.25881904510252063,0.7818314824680298,0.6234898018587336
2023-12-26 08:00:00,157.05915417205682,22.169117012087124,61.95093922845012,8,1,12,0,0.8660254037844387,-0.4999999999999998,0.7818314824680298,0.6234898018587336
2023-12-26 09:00:00,160.29207165425214,18.709374639055195,65.76024572700867,9,1,12,0,0.7071067811865476,-0.7071067811865475,0.7818314824680298,0.6234898018587336
2023-12-26 10:00:00,154.11170885368014,19.69888189231581,66.79023616279969,10,1,12,0,0.49999999999999994,-0.8660254037844387,0.7818314824680298,0.6234898018587336
2023-12-26 11:00:00,133.80117505518615,14.441258920280426,71.02723476543687,11,1,12,0,0.258819045102521,-0.9659258262890682,0.7818314824680298,0.6234898018587336
2023-12-26 12:00:00,138.58634738346984,15.714848939870457,67.93222280273787,12,1,12,0,1.2246467991473532e-16,-1.0,0.7818314824680298,0.6234898018587336
2023-12-26 13:00:00,129.26031529235058,16.095894861292667,80.7174379076672,13,1,12,0,-0.2588190451025208,-0.9659258262890683,0.7818314824680298,0.6234898018587336
2023-12-26 14:00:00,121.76933814945961,14.595316916760883,68.79821234038265,14,1,12,0,-0.4999999999999997,-0.8660254037844388,0.7818314824680298,0.6234898018587336
2023-12-26 15:00:00,118.93841463305849,12.360998646465728,74.8859608155594,15,1,12,0,-0.7071067811865471,-0.7071067811865479,0.7818314824680298,0.6234898018587336
2023-12-26 16:00:00,110.77926006888308,12.926766100360346,76.00399713244364,16,1,12,0,-0.8660254037844384,-0.5000000000000004,0.7818314824680298,0.6234898018587336
2023-12-26 17:00:00,116.40969111990894,13.771131280171257,77.35430919555537,17,1,12,0,-0.9659258262890683,-0.25881904510252063,0.7818314824680298,0.6234898018587336
2023-12-26 18:00:00,111.50864101610395,13.011010631960206,74.39829472029713,18,1,12,0,-1.0,-1.8369701987210297e-16,0.7818314824680298,0.6234898018587336
2023-12-26 19:00:00,88.86922106087157,13.368055062275563,76.4653390434963,19,1,12,0,-0.9659258262890684,0.2588190451025203,0.7818314824680298,0.6234898018587336
2023-12-26 20:00:00,102.93812953959534,14.774203602116389,73.4472803407205,20,1,12,0,-0.8660254037844386,0.5000000000000001,0.7818314824680298,0.6234898018587336
2023-12-26 21:00:00,94.4464719190736,13.797180836779473,79.80653410997203,21,1,12,0,-0.7071067811865477,0.7071067811865474,0.7818314824680298,0.6234898018587336
2023-12-26 22:00:00,111.69832288327612,17.179118837203404,71.03915001142606,22,1,12,0,-0.5000000000000004,0.8660254037844384,0.7818314824680298,0.6234898018587336
2023-12-26 23:00:00,111.47783725109916,14.621169233063329,71.05332448145862,23,1,12,0,-0.25881904510252157,0.9659258262890681,0.7818314824680298,0.6234898018587336
2023-12-27 00:00:00,133.23556686676838,20.203979561566072,67.9744535772886,0,2,12,0,0.0,1.0,0.9749279121818236,-0.22252093395631434
2023-12-27 01:00:00,128.1563790011946,20.01680985812827,66.01074583786354,1,2,12,0,0.25881904510252074,0.9659258262890683,0.9749279121818236,-0.22252093395631434
2023-12-27 02:00:00,129.06722479446057,18.777979061208462,62.76119484260647,2,2,12,0,0.49999999999999994,0.8660254037844387,0.9749279121818236,-0.22252093395631434
2023-12-27 03:00:00,143.21425274233317,19.706424800376364,67.73801395103362,3,2,12,0,0.7071067811865475,0.7071067811865476,0.9749279121818236,-0.22252093395631434
2023-12-27 04:00:00,142.84045223565704,21.086180734532153,62.749847534263616,4,2,12,0,0.8660254037844386,0.5000000000000001,0.9749279121818236,-0.22252093395631434
2023-12-27 05:00:00,143.95711108947356,22.073685431941033,61.7774491940547,5,2,12,0,0.9659258262890683,0.25881904510252074,0.9749279121818236,-0.22252093395631434
2023-12-27 06:00:00,151.065126534547,22.95379814482698,61.07494745255332,6,2,12,0,1.0,6.123233995736766e-17,0.9749279121818236,-0.22252093395631434
2023-12-27 07:00:00,137.45506871422432,19.164792165110445,65.0820508478372,7,2,12,0,0.9659258262890683,-0.25881904510252063,0.9749279121818236,-0.22252093395631434
2023-12-27 08:00:00,159.0931698512973,21.43224128020642,64.83332568433315,8,2,12,0,0.8660254037844387,-0.4999999999999998,0.9749279121818236,-0.22252093395631434
2023-12-27 09:00:00,162.00855370806622,16.965631478028914,65.80058870220908,9,2,12,0,0.7071067811865476,-0.7071067811865475,0.9749279121818236,-0.22252093395631434
2023-12-27 10:00:00,145.9255124070015,19.04602500322357,64.68037313161075,10,2,12,0,0.49999999999999994,-0.8660254037844387,0.9749279121818236,-0.22252093395631434
2023-12-27 11:00:00,140.09256609511624,20.528120668068063,69.7172386529879,11,2,12,0,0.258819045102521,-0.9659258262890682,0.9749279121818236,-0.22252093395631434
2023-12-27 12:00:00,140.68013032651038,15.185562183649047,67.97740839575782,12,2,12,0,1.2246467991473532e-16,-1.0,0.9749279121818236,-0.22252093395631434
2023-12-27 13:00:00,124.2980228906186,13.877842872519217,71.72791250042611,13,2,12,0,-0.2588190451025208,-0.9659258262890683,0.9749279121818236,-0.22252093395631434
2023-12-27 14:00:00,127.27670486222983,15.643168381298759,72.54525478795242,14,2,12,0,-0.4999999999999997,-0.8660254037844388,0.9749279121818236,-0.22252093395631434
2023-12-27 15:00:00,129.76595625271787,16.56469235348951,69.14164092631535,15,2,12,0,-0.7071067811865471,-0.7071067811865479,0.9749279121818236,-0.22252093395631434
2023-12-27 16:00:00,104.10305244187717,14.335967293467023,81.24695906147224,16,2,12,0,-0.8660254037844384,-0.5000000000000004,0.9749279121818236,-0.22252093395631434
2023-12-27 17:00:00,112.29928546461726,10.591345581498194,77.48437259693328,17,2,12,0,-0.9659258262890683,-0.25881904510252063,0.9749279121818236,-0.22252093395631434
2023-12-27 18:00:00,104.27232274008149,10.787283112407383,76.50507283668361,18,2,12,0,-1.0,-1.8369701987210297e-16,0.9749279121818236,-0.22252093395631434
2023-12-27 19:00:00,104.02354649538842,13.594892076214649,76.77411721847977,19,2,12,0,-0.9659258262890684,0.2588190451025203,0.9749279121818236,-0.22252093395631434
2023-12-27 20:00:00,86.34027893888276,12.07901048789539,81.31759747062654,20,2,12,0,-0.8660254037844386,0.5000000000000001,0.9749279121818236,-0.22252093395631434
2023-12-27 21:00:00,107.55314375696429,14.688578048089086,77.61769457664927,21,2,12,0,-0.7071067811865477,0.7071067811865474,0.9749279121818236,-0.22252093395631434
2023-12-27 22:00:00,115.26483986387656,15.6059684018772,74.01074662037716,22,2,12,0,-0.5000000000000004,0.8660254037844384,0.9749279121818236,-0.22252093395631434
2023-12-27 23:00:00,110.10985206414215,15.542063285580141,69.39244330335298,23,2,12,0,-0.25881904510252157,0.9659258262890681,0.9749279121818236,-0.22252093395631434
2023-12-28 00:00:00,125.10708987184765,20.20593476869068,68.32837839295514,0,3,12,0,0.0,1.0,0.43388373911755823,-0.900968867902419
2023-12-28 01:00:00,129.77628492505448,19.40478031557898,63.017318841156886,1,3,12,0,0.25881904510252074,0.9659258262890683,0.43388373911755823,-0.900968867902419
2023-12-28 02:00:00,144.20975905898177,21.301189645958722,65.87515503375121,2,3,12,0,0.49999999999999994,0.8660254037844387,0.43388373911755823,-0.900968867902419
2023-12-28 03:00:00,140.04414798120197,21.693103089921077,67.72287666863365,3,3,12,0,0.7071067811865475,0.7071067811865476,0.43388373911755823,-0.900968867902419
2023-12-28 04:00:00,142.814882491691,20.72279459998041,66.68473651643804,4,3,12,0,0.8660254037844386,0.5000000000000001,0.43388373911755823,-0.900968867902419
2023-12-28 05:00:00,141.85607598810526,21.05583575591471,66.03288527368457,5,3,12,0,0.9659258262890683,0.25881904510252074,0.43388373911755823,-0.900968867902419
2023-12-28 06:00:00,147.5355740975777,21.037373272524302,62.433909998301715,6,3,12,0,1.0,6.123233995736766e-17,0.43388373911755823,-0.900968867902419
2023-12-28 07:00:00,147.8720223097575,22.369160011674097,65.83757803373969,7,3,12,0,0.9659258262890683,-0.25881904510252063,0.43388373911755823,-0.900968867902419
2023-12-28 08:00:00,153.5984062196072,19.972357176847417,67.25640194098575,8,3,12,0,0.8660254037844387,-0.4999999999999998,0.43388373911755823,-0.900968867902419
2023-12-28 09:00:00,173.70190944412485,22.8997798655655,59.05650033973796,9,3,12,0,0.7071067811865476,-0.7071067811865475,0.43388373911755823,-0.900968867902419
2023-12-28 10:00:00,147.003386434889,18.36499937225887,67.89326964008148,10,3,12,0,0.49999999999999994,-0.8660254037844387,0.43388373911755823,-0.900968867902419
2023-12-28 11:00:00,146.63317224397153,18.840792116623085,74.67024026314289,11,3,12,0,0.258819045102521,-0.9659258262890682,0.43388373911755823,-0.900968867902419
2023-12-28 12:00:00,131.6585237795804,17.140182109698536,69.10560866423006,12,3,12,0,1.2246467991473532e-16,-1.0,0.43388373911755823,-0.900968867902419
2023-12-28 13:00:00,138.24790101548945,15.772337175777585,63.967457592335414,13,3,12,0,-0.2588190451025208,-0.9659258262890683,0.43388373911755823,-0.900968867902419
2023-12-28 14:00:00,138.4739148198736,18.74232360646288,70.5420256884042,14,3,12,0,-0.4999999999999997,-0.8660254037844388,0.43388373911755823,-0.900968867902419
2023-12-28 15:00:00,123.62085710882364,13.996794690902576,68.77902505803704,15,3,12,0,-0.7071067811865471,-0.7071067811865479,0.43388373911755823,-0.900968867902419
2023-12-28 16:00:00,121.92463506426941,13.562619941141064,73.27307506265363,16,3,12,0,-0.8660254037844384,-0.5000000000000004,0.43388373911755823,-0.900968867902419
2023-12-28 17:00:00,110.52839867750102,12.62389962492735,72.10335925860579,17,3,12,0,-0.9659258262890683,-0.25881904510252063,0.43388373911755823,-0.900968867902419
2023-12-28 18:00:00,113.69964877885793,13.545364251300843,78.7725685865897,18,3,12,0,-1.0,-1.8369701987210297e-16,0.43388373911755823,-0.900968867902419
2023-12-28 19:00:00,86.26055499949021,13.468140471597142,78.1111016168718,19,3,12,0,-0.9659258262890684,0.2588190451025203,0.43388373911755823,-0.900968867902419
2023-12-28 20:00:00,95.00732327941851,12.340822016573247,76.20511716996924,20,3,12,0,-0.8660254037844386,0.5000000000000001,0.43388373911755823,-0.900968867902419
2023-12-28 21:00:00,94.69532840846989,14.018821406499782,77.90133709133276,21,3,12,0,-0.7071067811865477,0.7071067811865474,0.43388373911755823,-0.900968867902419
2023-12-28 22:00:00,109.70708321183045,16.398333141943397,71.28386324133731,22,3,12,0,-0.5000000000000004,0.8660254037844384,0.43388373911755823,-0.900968867902419
2023-12-28 23:00:00,123.06408092851856,17.989007421490303,71.75356814467824,23,3,12,0,-0.25881904510252157,0.9659258262890681,0.43388373911755823,-0.900968867902419
2023-12-29 00:00:00,125.40168424605893,17.691784803220763,76.57434647858064,0,4,12,0,0.0,1.0,-0.433883739117558,-0.9009688679024191
2023-12-29 01:00:00,119.81892745257217,18.77955225016244,70.19404044817927,1,4,12,0,0.25881904510252074,0.9659258262890683,-0.433883739117558,-0.9009688679024191
2023-12-29 02:00:00,137.3425496416372,19.11429127612463,68.7394992328466,2,4,12,0,0.49999999999999994,0.8660254037844387,-0.433883739117558,-0.9009688679024191
2023-12-29 03:00:00,145.35837002552165,19.73054845558191,63.445840196342715,3,4,12,0,0.7071067811865475,0.7071067811865476,-0.433883739117558,-0.9009688679024191
2023-12-29 04:00:00,142.17020530542166,19.74052595408684,63.54523592078231,4,4,12,0,0.8660254037844386,0.5000000000000001,-0.433883739117558,-0.9009688679024191
2023-12-29 05:00:00,149.09400049637455,19.18451300757039,61.18668625650296,5,4,12,0,0.9659258262890683,0.25881904510252074,-0.433883739117558,-0.9009688679024191
2023-12-29 06:00:00,138.69154457337956,20.602113872612737,69.03384885095214,6,4,12,0,1.0,6.123233995736766e-17,-0.433883739117558,-0.9009688679024191
2023-12-29 07:00:00,147.74714343776645,22.875566489939587,59.5209241090712,7,4,12,0,0.9659258262890683,-0.25881904510252063,-0.433883739117558,-0.9009688679024191
2023-12-29 08:00:00,155.2149004489906,20.48326008486453,67.53737550417537,8,4,12,0,0.8660254037844387,-0.4999999999999998,-0.433883739117558,-0.9009688679024191
2023-12-29 09:00:00,158.1506961017778,19.965182982977673,67.49183382951514,9,4,12,0,0.7071067811865476,-0.7071067811865475,-0.433883739117558,-0.9009688679024191
2023-12-29 10:00:00,152.75218805236653,19.10755608420057,62.18102054451151,10,4,12,0,0.49999999999999994,-0.8660254037844387,-0.433883739117558,-0.9009688679024191
2023-12-29 11:00:00,143.22828090930795,20.558121562931728,71.86541867821627,11,4,12,0,0.258819045102521,-0.9659258262890682,-0.433883739117558,-0.9009688679024191
2023-12-29 12:00:00,133.27432071990336,16.263210027975536,69.21501416589115,12,4,12,0,1.2246467991473532e-16,-1.0,-0.433883739117558,-0.9009688679024191
2023-12-29 13:00:00,135.44507575058952,17.03608771094745,67.58136284273081,13,4,12,0,-0.2588190451025208,-0.9659258262890683,-0.433883739117558,-0.9009688679024191
2023-12-29 14:00:00,121.09685683659167,15.553084683417298,74.0845580539502,14,4,12,0,-0.4999999999999997,-0.8660254037844388,-0.433883739117558,-0.9009688679024191
2023-12-29 15:00:00,125.99086441131693,14.929246996668509,71.7663008067487,15,4,12,0,-0.7071067811865471,-0.7071067811865479,-0.433883739117558,-0.9009688679024191
2023-12-29 16:00:00,124.01092253011878,14.558207879309466,74.57245653562791,16,4,12,0,-0.8660254037844384,-0.5000000000000004,-0.433883739117558,-0.9009688679024191
2023-12-29 17:00:00,120.3952268399282,13.877827989018375,74.26941575850495,17,4,12,0,-0.9659258262890683,-0.25881904510252063,-0.433883739117558,-0.9009688679024191
2023-12-29 18:00:00,131.9920862316804,14.845316713748922,73.35374822096142,18,4,12,0,-1.0,-1.8369701987210297e-16,-0.433883739117558,-0.9009688679024191
2023-12-29 19:00:00,100.36260387903269,13.748194586671875,72.2214565780718,19,4,12,0,-0.9659258262890684,0.2588190451025203,-0.433883739117558,-0.9009688679024191
2023-12-29 20:00:00,110.78350474658698,16.808246858773337,77.57776716366425,20,4,12,0,-0.8660254037844386,0.5000000000000001,-0.433883739117558,-0.9009688679024191
2023-12-29 21:00:00,103.2359735995984,14.89407666747662,75.20838006112449,21,4,12,0,-0.7071067811865477,0.7071067811865474,-0.433883739117558,-0.9009688679024191
2023-12-29 22:00:00,101.27786655957222,13.100583559872137,73.77309719071555,22,4,12,0,-0.5000000000000004,0.8660254037844384,-0.433883739117558,-0.9009688679024191
2023-12-29 23:00:00,117.14222823731103,17.577973240578054,70.45134367438034,23,4,12,0,-0.25881904510252157,0.9659258262890681,-0.433883739117558,-0.9009688679024191
2023-12-30 00:00:00,113.15260804197547,18.41601164633132,70.15166716697608,0,5,12,1,0.0,1.0,-0.9749279121818236,-0.2225209339563146
2023-12-30 01:00:00,118.6174033914014,18.911960166494616,66.23670210313954,1,5,12,1,0.25881904510252074,0.9659258262890683,-0.9749279121818236,-0.2225209339563146
2023-12-30 02:00:00,119.09917179536629,19.43850946500993,64.73787174812938,2,5,12,1,0.49999999999999994,0.8660254037844387,-0.9749279121818236,-0.2225209339563146
2023-12-30 03:00:00,115.11240621935299,17.48436496349816,70.88585450046622,3,5,12,1,0.7071067811865475,0.7071067811865476,-0.9749279121818236,-0.2225209339563146
2023-12-30 04:00:00,131.6446456560664,18.371701960180886,67.45525229542626,4,5,12,1,0.8660254037844386,0.5000000000000001,-0.9749279121818236,-0.2225209339563146
2023-12-30 05:00:00,145.51360931100984,24.162848574344142,62.51786553681833,5,5,12,1,0.9659258262890683,0.25881904510252074,-0.9749279121818236,-0.2225209339563146
2023-12-30 06:00:00,146.4137186241977,20.949612533792564,59.509287347315514,6,5,12,1,1.0,6.123233995736766e-17,-0.9749279121818236,-0.2225209339563146
2023-12-30 07:00:00,139.48707978570232,23.140000384926232,59.09896412852756,7,5,12,1,0.9659258262890683,-0.25881904510252063,-0.9749279121818236,-0.2225209339563146
2023-12-30 08:00:00,145.4621001306255,18.887418143718705,62.89909821317754,8,5,12,1,0.8660254037844387,-0.4999999999999998,-0.9749279121818236,-0.2225209339563146
2023-12-30 09:00:00,138.39133032964259,19.08600612013544,66.0782499599951,9,5,12,1,0.7071067811865476,-0.7071067811865475,-0.9749279121818236,-0.2225209339563146
2023-12-30 10:00:00,149.09638774432935,20.84582785876422,67.35288209231302,10,5,12,1,0.49999999999999994,-0.8660254037844387,-0.9749279121818236,-0.2225209339563146
2023-12-30 11:00:00,130.99807425479764,18.70939106530378,68.88982203027493,11,5,12,1,0.258819045102521,-0.9659258262890682,-0.9749279121818236,-0.2225209339563146
2023-12-30 12:00:00,130.2720701231909,18.634367196425714,71.00044372993213,12,5,12,1,1.2246467991473532e-16,-1.0,-0.9749279121818236,-0.2225209339563146
2023-12-30 13:00:00,126.36966103997449,16.77214140913685,68.43560689031965,13,5,12,1,-0.2588190451025208,-0.9659258262890683,-0.9749279121818236,-0.2225209339563146
2023-12-30 14:00:00,105.772406841525,15.516358492431735,77.52103211197375,14,5,12,1,-0.4999999999999997,-0.8660254037844388,-0.9749279121818236,-0.2225209339563146
2023-12-30 15:00:00,113.97835663438738,13.979373571433122,73.64825913319599,15,5,12,1,-0.7071067811865471,-0.7071067811865479,-0.9749279121818236,-0.2225209339563146
2023-12-30 16:00:00,108.78843707158836,12.572760839408891,76.07845820243655,16,5,12,1,-0.8660254037844384,-0.5000000000000004,-0.9749279121818236,-0.2225209339563146
2023-12-30 17:00:00,111.71704443308077,16.068215067884122,73.82472096742251,17,5,12,1,-0.9659258262890683,-0.25881904510252063,-0.9749279121818236,-0.2225209339563146
2023-12-30 18:00:00,107.76773705578246,16.178830097636467,76.9322454833127,18,5,12,1,-1.0,-1.8369701987210297e-16,-0.9749279121818236,-0.2225209339563146
2023-12-30 19:00:00,80.09402680273243,12.406108701169096,82.02425054912713,19,5,12,1,-0.9659258262890684,0.2588190451025203,-0.9749279121818236,-0.2225209339563146
2023-12-30 20:00:00,95.10698163606945,12.70764617029347,72.22592465555005,20,5,12,1,-0.8660254037844386,0.5000000000000001,-0.9749279121818236,-0.2225209339563146
2023-12-30 21:00:00,94.76007472781937,14.477779600062316,70.89363558654395,21,5,12,1,-0.7071067811865477,0.7071067811865474,-0.9749279121818236,-0.2225209339563146
2023-12-30 22:00:00,101.12108987311684,16.338518960736373,70.40417164282688,22,5,12,1,-0.5000000000000004,0.8660254037844384,-0.9749279121818236,-0.2225209339563146
2023-12-30 23:00:00,101.4216564877318,16.519862946096556,70.55122838573196,23,5,12,1,-0.25881904510252157,0.9659258262890681,-0.9749279121818236,-0.2225209339563146
2023-12-31 00:00:00,100.36657824089457,18.74928009787159,68.43579692066719,0,6,12,1,0.0,1.0,-0.7818314824680299,0.6234898018587334
2023-12-31 01:00:00,125.73659383277372,18.961402758993042,65.32510350683715,1,6,12,1,0.25881904510252074,0.9659258262890683,-0.7818314824680299,0.6234898018587334
2023-12-31 02:00:00,124.34823862256603,19.828053287826158,66.85101305688018,2,6,12,1,0.49999999999999994,0.8660254037844387,-0.7818314824680299,0.6234898018587334
2023-12-31 03:00:00,129.50942686091463,24.448045229901002,70.44078187852011,3,6,12,1,0.7071067811865475,0.7071067811865476,-0.7818314824680299,0.6234898018587334
2023-12-31 04:00:00,143.14820063205988,20.6762967377448,64.35439115080456,4,6,12,1,0.8660254037844386,0.5000000000000001,-0.7818314824680299,0.6234898018587334
2023-12-31 05:00:00,143.38581456869284,24.323623644393102,63.91512791717713,5,6,12,1,0.9659258262890683,0.25881904510252074,-0.7818314824680299,0.6234898018587334
2023-12-31 06:00:00,139.6761977976779,24.170294601521302,65.0288285207514,6,6,12,1,1.0,6.123233995736766e-17,-0.7818314824680299,0.6234898018587334
2023-12-31 07:00:00,141.70315843110558,22.619843565033253,66.14743936466006,7,6,12,1,0.9659258262890683,-0.25881904510252063,-0.7818314824680299,0.6234898018587334
2023-12-31 08:00:00,145.90227644700568,18.574903860463472,68.92353149909206,8,6,12,1,0.8660254037844387,-0.4999999999999998,-0.7818314824680299,0.6234898018587334
2023-12-31 09:00:00,149.41812379609888,20.87501336029064,66.47748347570749,9,6,12,1,0.7071067811865476,-0.7071067811865475,-0.7818314824680299,0.6234898018587334
2023-12-31 10:00:00,138.29452778814553,19.22795786390669,66.9920307435048,10,6,12,1,0.49999999999999994,-0.8660254037844387,-0.7818314824680299,0.6234898018587334
2023-12-31 11:00:00,142.04591698929164,19.0654122175708,65.47248801026277,11,6,12,1,0.258819045102521,-0.9659258262890682,-0.7818314824680299,0.6234898018587334
2023-12-31 12:00:00,130.54002101440494,16.405549811418183,72.2198838813018,12,6,12,1,1.2246467991473532e-16,-1.0,-0.7818314824680299,0.6234898018587334
2023-12-31 13:00:00,124.33690865915793,18.099110743165003,69.01936505248709,13,6,12,1,-0.2588190451025208,-0.9659258262890683,-0.7818314824680299,0.6234898018587334
2023-12-31 14:00:00,112.50864255679708,17.477477540666605,70.3735025823994,14,6,12,1,-0.4999999999999997,-0.8660254037844388,-0.7818314824680299,0.6234898018587334
2023-12-31 15:00:00,120.11812154491787,16.926609328354232,74.82204331357839,15,6,12,1,-0.7071067811865471,-0.7071067811865479,-0.7818314824680299,0.6234898018587334
2023-12-31 16:00:00,107.65449564469148,13.962630310285453,79.82072756853505,16,6,12,1,-0.8660254037844384,-0.5000000000000004,-0.7818314824680299,0.6234898018587334
2023-12-31 17:00:00,105.74217017637562,12.547159041773574,77.9749259326116,17,6,12,1,-0.9659258262890683,-0.25881904510252063,-0.7818314824680299,0.6234898018587334
2023-12-31 18:00:00,106.30076265315499,14.527522124706184,75.8874011902782,18,6,12,1,-1.0,-1.8369701987210297e-16,-0.7818314824680299,0.6234898018587334
2023-12-31 19:00:00,99.24388456718341,16.770408178066845,72.85078579546678,19,6,12,1,-0.9659258262890684,0.2588190451025203,-0.7818314824680299,0.6234898018587334
2023-12-31 20:00:00,84.3697713840705,14.639982836782554,79.7624922359024,20,6,12,1,-0.8660254037844386,0.5000000000000001,-0.7818314824680299,0.6234898018587334
2023-12-31 21:00:00,94.63879301235912,15.850018504421966,74.072901230036,21,6,12,1,-0.7071067811865477,0.7071067811865474,-0.7818314824680299,0.6234898018587334
2023-12-31 22:00:00,94.01818720452826,15.64761483117701,72.12938138470352,22,6,12,1,-0.5000000000000004,0.8660254037844384,-0.7818314824680299,0.6234898018587334
2023-12-31 23:00:00,108.83096234216839,16.209518510746275,73.21841510877474,23,6,12,1,-0.25881904510252157,0.9659258262890681,-0.7818314824680299,0.6234898018587334
