signal_id,label,anomaly_type,sample_000,sample_001,sample_002,sample_003,sample_004,sample_005,sample_006,sample_007,sample_008,sample_009,sample_010,sample_011,sample_012,sample_013,sample_014,sample_015,sample_016,sample_017,sample_018,sample_019,sample_020,sample_021,sample_022,sample_023,sample_024,sample_025,sample_026,sample_027,sample_028,sample_029,sample_030,sample_031,sample_032,sample_033,sample_034,sample_035,sample_036,sample_037,sample_038,sample_039,sample_040,sample_041,sample_042,sample_043,sample_044,sample_045,sample_046,sample_047,sample_048,sample_049,sample_050,sample_051,sample_052,sample_053,sample_054,sample_055,sample_056,sample_057,sample_058,sample_059,sample_060,sample_061,sample_062,sample_063,sample_064,sample_065,sample_066,sample_067,sample_068,sample_069,sample_070,sample_071,sample_072,sample_073,sample_074,sample_075,sample_076,sample_077,sample_078,sample_079,sample_080,sample_081,sample_082,sample_083,sample_084,sample_085,sample_086,sample_087,sample_088,sample_089,sample_090,sample_091,sample_092,sample_093,sample_094,sample_095,sample_096,sample_097,sample_098,sample_099,sample_100,sample_101,sample_102,sample_103,sample_104,sample_105,sample_106,sample_107,sample_108,sample_109,sample_110,sample_111,sample_112,sample_113,sample_114,sample_115,sample_116,sample_117,sample_118,sample_119,sample_120,sample_121,sample_122,sample_123,sample_124,sample_125,sample_126,sample_127,sample_128,sample_129,sample_130,sample_131,sample_132,sample_133,sample_134,sample_135,sample_136,sample_137,sample_138,sample_139
ECG_0000,0,normal,0.009141804,0.0024154074,0.08803396,0.122311726,0.059355408,0.0966238,0.15044034,0.14060634,0.1454998,0.10899882,0.1428925,0.116142154,0.066858895,0.06823148,0.017370999,-0.052029915,-0.041195776,-0.10141076,-0.059258386,-0.09125556,-0.08977457,-0.08928032,-0.0075410977,-0.016311808,0.013893074,0.057948746,0.12682942,0.16201265,0.19903591,0.22869347,0.30137855,0.23793158,0.23935115,0.22690037,0.2590672,0.25722596,0.19705975,0.14760682,0.11649072,0.12614988,0.092329666,0.048834797,-0.024575932,-0.03313308,-0.06906448,-0.09413501,-0.097153425,-0.13266893,-0.12785089,-0.14738837,-0.13419586,-0.10972335,-0.15039594,-0.08535109,-0.046251062,0.013361747,0.12407603,0.32972103,0.47722486,0.81167054,1.0387127,1.3504881,1.5300239,1.5512375,1.4048129,1.143969,0.8040474,0.51714814,0.3326019,0.14357574,0.008263716,-0.05301984,-0.089468755,-0.07594765,-0.10570786,-0.09976593,-0.1352477,-0.11089844,-0.08139329,-0.08557363,-0.031063126,-0.02650553,0.025796676,0.072170205,0.096488744,0.19564281,0.21366726,0.2710874,0.32271385,0.35249114,0.38199964,0.3734342,0.36910382,0.3759453,0.31582367,0.30353448,0.28132185,0.26011503,0.26765144,0.1924527,0.17232797,0.18850349,0.1080424,0.1147334,0.044180766,0.051996075,0.022324607,0.03993512,0.08074982,0.014497913,0.09435737,0.10634553,0.1006524,0.09415364,0.15699026,0.15300784,0.18544437,0.18318506,0.22844645,0.16453347,0.12582181,0.14061756,0.11521343,0.11850007,0.068956785,0.01937388,0.017538864,-0.09520182,-0.108487494,-0.1420039,-0.14477411,-0.1863124,-0.13038556,-0.15284003,-0.17952764,-0.14816476,-0.08456452,-0.040294528,0.026340676,0.08745043
ECG_0001,0,normal,0.012432574,0.003928787,0.0015590386,0.10212613,0.09349823,0.12322847,0.12824221,0.1458699,0.17798324,0.1393016,0.111751504,0.061738785,0.014637487,0.019825004,0.0017322428,0.026786758,-0.048350066,-0.043162096,-0.100590765,-0.1253061,-0.1131822,-0.090609215,0.019636754,-0.036317524,0.051897585,0.041424938,0.13880733,0.16259786,0.1819548,0.21454597,0.21748549,0.26350617,0.24106893,0.21454537,0.2022497,0.22853445,0.24785091,0.17761126,0.137666,0.115206875,0.10921209,0.039121643,-0.016938457,-0.006909256,-0.059702363,-0.05462299,-0.11779925,-0.17611086,-0.18926308,-0.0998879,-0.09115948,-0.13404758,-0.11817689,-0.031917624,-0.065351255,0.0056862724,0.1516301,0.27303463,0.50304615,0.7777189,1.0993261,1.4027591,1.527859,1.5529689,1.321971,1.1187071,0.7892122,0.49445426,0.28051805,0.13929117,0.07401138,-0.058813006,-0.060966242,-0.10538755,-0.11981083,-0.09039775,-0.10628666,-0.07553269,-0.104796164,-0.097171515,-0.05148215,0.00062715233,0.041985493,0.051090695,0.13507862,0.18788049,0.30327353,0.32701793,0.28269416,0.3304737,0.31813484,0.35866755,0.3912709,0.41451246,0.3445712,0.32732347,0.25658417,0.28515247,0.22378579,0.20373388,0.15736702,0.14669877,0.065998465,0.048596576,0.1360667,0.019536525,0.017921701,0.105213515,0.14269258,0.031170527,0.07027719,0.10946013,0.17033783,0.10792966,0.14746805,0.19221273,0.19150707,0.17124481,0.1763784,0.13046725,0.14938152,0.12724768,0.11557862,0.061064627,0.058049604,0.039049223,-0.021697342,-0.048986237,-0.087700285,-0.11420409,-0.15472656,-0.13551699,-0.1523587,-0.08337831,-0.088202804,-0.106121995,-0.11686166,-0.098810665,0.0021730387,0.007917032
ECG_0002,0,normal,0.014404594,-0.01872265,0.09334358,0.10772739,0.084573545,0.121543445,0.15451664,0.15166762,0.1372387,0.13148549,0.108951226,0.09738527,0.10902274,-0.04258551,-0.0037597886,-0.020955767,-0.04337848,-0.08380172,-0.13831355,-0.07991792,-0.032408193,-0.114868276,-0.018302498,-0.021531679,0.024903178,0.036925796,0.10082646,0.19005068,0.20413359,0.2677382,0.2724515,0.26329663,0.30703646,0.26448333,0.26542747,0.21445967,0.20247455,0.1518888,0.17091268,0.07128298,0.09350255,0.026820635,0.030526772,-0.017571848,-0.017945671,-0.078772426,-0.1704575,-0.14138539,-0.18337852,-0.16496414,-0.0975326,-0.109535985,-0.12764919,-0.10617247,-0.03115642,-0.0039687217,0.112196095,0.29423308,0.53785914,0.800885,1.0204602,1.3696656,1.5273024,1.5460675,1.4319625,1.0582715,0.79677606,0.5487459,0.2594148,0.19359334,0.057585005,0.006376297,-0.0790135,-0.06644956,-0.07792649,-0.11349415,-0.1153981,-0.10754434,-0.12606135,-0.0807191,-0.04934206,0.0048540644,0.06668302,0.051866256,0.12861367,0.22547731,0.20544167,0.2460451,0.31436065,0.36442676,0.36238086,0.4162576,0.4075066,0.40359142,0.38306722,0.41677746,0.31484798,0.22992676,0.30378583,0.20588608,0.18690926,0.18881316,0.07066253,0.055058517,0.024150958,0.034335114,0.06401437,0.06583175,0.063828796,0.023934549,0.0120215565,0.10084407,0.10432361,0.15131696,0.17588499,0.17303985,0.20126808,0.18940583,0.19629504,0.15057394,0.1511384,0.14114258,0.13322937,0.06591221,0.05953847,0.00069258444,-0.029886488,-0.03465336,-0.14908676,-0.15310079,-0.17754538,-0.2150203,-0.16978803,-0.12369034,-0.14394997,-0.111763686,-0.061293412,-0.02560774,-0.03563539,0.04064213
ECG_0003,0,normal,0.0027640914,0.008492984,0.047688417,0.04967869,0.09124245,0.12494869,0.17071266,0.20171672,0.10453838,0.14637496,0.08529423,0.10704931,0.060945377,-0.020512933,0.03119463,-0.04440116,-0.06827531,-0.10473686,-0.1052404,-0.076921076,-0.08990603,-0.058992572,-0.033359684,0.027943926,0.016459323,0.024207016,0.14287682,0.14110468,0.2200917,0.22727016,0.23319499,0.2605873,0.3132488,0.31362295,0.24266927,0.22816253,0.23276538,0.14744169,0.15121727,0.1058562,0.07944929,0.0075391033,-0.052297667,-0.10228742,-0.10608658,-0.11445592,-0.13209203,-0.08125986,-0.11503849,-0.17827848,-0.1324382,-0.14087434,-0.11521219,-0.07020118,-0.01356475,0.022350328,0.16424584,0.25061464,0.50338995,0.86055243,1.0958912,1.4035311,1.527887,1.551074,1.3817726,1.1150564,0.79112464,0.5439277,0.28131652,0.16928242,0.07909291,-0.00802528,-0.07047265,-0.07724351,-0.11924083,-0.09241407,-0.1773723,-0.12572286,-0.15988536,-0.12114506,-0.0038505164,0.020207798,0.015103884,0.038547236,0.04342807,0.16472878,0.30036178,0.28375912,0.2915043,0.3530476,0.31520936,0.36746907,0.38478708,0.37575382,0.3901679,0.35728723,0.34105262,0.26938125,0.28259268,0.2684852,0.15456836,0.12289577,0.15880385,0.086867616,0.11430394,0.044883132,0.09447664,0.054050688,0.06328744,0.11325907,0.07047155,0.0709798,0.105019964,0.15110539,0.10785361,0.18801674,0.16230094,0.21696387,0.108565286,0.14811715,0.10593269,0.11045241,0.11604351,0.07234764,0.036302123,0.0038922022,-0.020258576,-0.08979501,-0.068089455,-0.094326645,-0.12152868,-0.12831582,-0.14054756,-0.085121155,-0.13801628,-0.12690988,-0.11657576,-0.09640621,-0.0708954,-0.026629364
ECG_0004,0,normal,-0.00212012,0.043643784,0.06705469,0.071128726,0.144892,0.15787157,0.14181566,0.13050613,0.16245666,0.14022934,0.073066734,0.090768985,0.07273905,0.0074233986,0.009041022,-0.06989581,-0.012172718,-0.03520578,-0.093187414,-0.07885416,-0.15652636,-0.103542864,-0.053030707,-0.043839913,0.048174802,0.12843165,0.075561695,0.12592544,0.19371739,0.26410234,0.2004579,0.2575951,0.3093574,0.20176077,0.20215575,0.21064861,0.18486053,0.19718955,0.14847495,0.053383227,0.085494354,0.015214001,0.033622775,-0.058925543,-0.09166352,-0.08446172,-0.100408494,-0.12593381,-0.19878621,-0.1332747,-0.1738987,-0.12160372,-0.1493933,-0.062371287,-0.05633785,-0.0059509566,0.1537449,0.29212213,0.4847805,0.82615757,1.0759794,1.3614979,1.5332087,1.5150608,1.3976103,1.1041651,0.80215997,0.5718979,0.27564505,0.07693146,0.09486242,0.057458617,-0.07404327,-0.14896761,-0.11929515,-0.12906718,-0.12812784,-0.14905627,-0.08277416,-0.060558014,-0.08959855,0.014328151,0.09826884,0.08878115,0.12224418,0.17677355,0.24620703,0.21879244,0.31322318,0.32738128,0.41747284,0.37116358,0.4318394,0.34522462,0.3840615,0.35652986,0.2949314,0.2953543,0.2920338,0.20990331,0.13291396,0.14899977,0.09165762,0.08233771,0.06974167,0.006989635,0.002355519,0.06456812,0.039859008,-0.0106248045,0.104869984,0.107384555,0.09706065,0.09803047,0.17990062,0.17937313,0.24994215,0.19513515,0.19202419,0.1667063,0.18103,0.15399185,0.14616528,0.062084753,0.030841226,-0.005705347,-0.0026361714,-0.014587697,-0.10306016,-0.12694983,-0.1236575,-0.15238467,-0.12087848,-0.21372667,-0.1602046,-0.14116988,-0.16358061,-0.09434748,-0.061015934,-0.005998585
ECG_0005,0,normal,0.033389267,0.02626311,0.034596015,0.09238615,0.14936167,0.10641042,0.11928787,0.16685009,0.13935775,0.15401468,0.116101146,0.113858305,0.033825632,0.0340517,-0.0029749812,-0.06272787,-0.09916264,-0.05207181,-0.09614047,-0.12042619,-0.087114066,-0.03501187,-0.11263947,-0.056575082,-0.0009436844,0.11234812,0.119337745,0.17406885,0.1524491,0.18218276,0.25056353,0.25187224,0.2711806,0.24568342,0.24893214,0.22810037,0.2238112,0.19702177,0.092629,0.039214034,0.1000844,0.06817192,-0.035229333,-0.09589298,-0.06959401,-0.07277052,-0.06936845,-0.12388787,-0.1593698,-0.17620966,-0.14252591,-0.13763994,-0.13713332,-0.014298282,0.021415168,0.06660955,0.10470479,0.3105234,0.5223886,0.79589856,1.1266888,1.3795958,1.5473418,1.552758,1.3936999,1.0666603,0.8170178,0.5143329,0.2684674,0.19976936,0.09840416,0.021755395,-0.054228783,-0.05034372,-0.10961904,-0.11439657,-0.15523426,-0.103744894,-0.098349415,-0.1153728,-0.046302296,-0.009039639,0.09061512,0.11044874,0.1327073,0.18849726,0.2290757,0.26462516,0.27581865,0.33456364,0.33965516,0.3388793,0.39713943,0.39007476,0.3128425,0.34326732,0.3508739,0.32180914,0.2864333,0.22078446,0.15832148,0.117015675,0.12906846,0.10398634,0.11080923,0.09115859,0.04685841,0.012779935,0.045967374,0.07283446,0.07526216,0.081876636,0.12606344,0.122416645,0.13598439,0.1782362,0.1664043,0.18985263,0.18858922,0.13753127,0.1420895,0.1783726,0.073751144,0.014224809,-0.011951905,0.009541047,-0.025432704,-0.06306726,-0.052869253,-0.19439165,-0.1212018,-0.09816868,-0.18327351,-0.15756755,-0.15799022,-0.14452778,-0.1037578,-0.022613766,0.02156035,-0.010043622
ECG_0006,0,normal,0.057152096,0.034682225,0.11813116,0.09129583,0.1218182,0.14665343,0.24197073,0.1756322,0.12478589,0.16366008,0.10565557,0.07811589,0.09213602,0.03534681,0.011702997,-0.025831584,-0.042160805,-0.059895307,-0.14372091,-0.069760606,-0.11368928,-0.11212141,-0.045969676,-0.009156493,0.005937724,0.09344371,0.070594884,0.13884102,0.1691077,0.21437122,0.24549505,0.21988723,0.2764469,0.25320363,0.18382944,0.16459906,0.2001086,0.16618249,0.13812256,0.10579261,0.07679884,0.060969654,-0.037943788,-0.07525706,-0.10536477,-0.09202817,-0.085947864,-0.15231697,-0.2232693,-0.20053552,-0.16786055,-0.14539386,-0.11893293,-0.07460352,-0.041492272,0.06400827,0.11204978,0.25900325,0.5175661,0.73655295,1.1008897,1.3636112,1.5207181,1.5812991,1.36481,1.1819776,0.8077462,0.49270818,0.30896023,0.11702751,0.023981629,-0.007110223,-0.045217723,-0.109527506,-0.080358475,-0.08575526,-0.07934108,-0.09977223,-0.059258133,-0.13271719,-0.05430358,-0.03265791,0.04026507,0.06647886,0.1273792,0.2374989,0.22265773,0.28312635,0.30132338,0.3413666,0.3622186,0.3898385,0.416762,0.42775866,0.37573233,0.36463428,0.2864769,0.28739613,0.2838669,0.24559613,0.19002114,0.17611846,0.13345332,0.12861712,0.08087007,0.047488254,0.060900506,-0.03781172,0.067027144,-0.043134857,0.029620757,0.11276652,0.13280277,0.10266251,0.13346331,0.21000884,0.16394319,0.2498171,0.18033549,0.18395522,0.20503296,0.13917011,0.07854321,0.07443262,0.042835128,-0.0322745,-0.034035183,-0.08180469,-0.061564215,-0.11316826,-0.14156368,-0.14819728,-0.14274643,-0.12766893,-0.16539483,-0.14894502,-0.06082956,-0.07780843,-0.07606652,0.013348936
ECG_0007,0,normal,0.0139013855,-0.012306527,0.07240488,0.11616228,0.12911806,0.15464863,0.10447705,0.16002482,0.13692524,0.12010643,0.14262722,0.13718663,0.11870908,0.07385848,5.3693882e-05,-0.015669534,-0.029253615,-0.06900895,-0.08168897,-0.06504519,-0.08600718,-0.09073104,-0.05665153,0.0073413886,0.026832707,0.07871905,0.13096252,0.1398041,0.20934138,0.22713412,0.20008473,0.29339316,0.23969609,0.2016607,0.20923652,0.19272545,0.20204338,0.16459599,0.1311202,0.12522314,0.08022831,0.042021602,0.0076842126,-0.021613877,-0.13580365,-0.111628816,-0.18870258,-0.138295,-0.14835729,-0.11804977,-0.10724042,-0.12257875,-0.121692106,-0.061206117,-0.04797741,0.032486305,0.1619144,0.26813966,0.52737015,0.80294424,1.0605551,1.3897514,1.5460984,1.5367085,1.3606064,1.0943924,0.79837924,0.5472965,0.2781939,0.16244024,0.009281639,-0.02514328,-0.058595754,-0.017508568,-0.1513001,-0.07632005,-0.11793485,-0.10331948,-0.09661056,-0.06295143,-0.049376935,0.036973756,0.022994157,0.11758938,0.11303292,0.17922609,0.19559045,0.2843633,0.35164523,0.3367745,0.35613152,0.34295025,0.37492397,0.330553,0.3390574,0.35375145,0.36057323,0.37430876,0.23806067,0.26267606,0.19098543,0.1449892,0.13170815,0.09446543,0.07550117,0.045909207,0.00888198,0.0037973558,0.07513791,0.058016524,0.06344199,0.09946863,0.14232486,0.1429463,0.13514473,0.2056814,0.22583966,0.1973662,0.209603,0.20897293,0.19042972,0.15366226,0.12656394,0.09331426,0.01098332,0.029689442,-0.06703464,-0.083376914,-0.050187994,-0.08900002,-0.08845787,-0.15316205,-0.18400756,-0.15338647,-0.13234252,-0.11532773,-0.059959523,-0.07627644,-0.023000216,-0.02962426
ECG_0008,0,normal,0.01350981,0.03370819,0.043026026,0.087019905,0.11236119,0.12758453,0.19974536,0.14714023,0.13868694,0.071666606,0.08968433,0.0849162,0.044302396,0.07586547,-0.001602414,0.012402188,-0.05040716,-0.071527444,-0.08827579,-0.089643896,-0.03266485,-0.13844076,-0.10426371,-0.027971048,0.027178746,0.08921588,0.12505275,0.13952196,0.21722524,0.2466747,0.24265087,0.27900374,0.2628978,0.23446906,0.26152232,0.2266752,0.20051837,0.21700013,0.06769899,0.06410156,0.03441993,0.021642348,-0.012248887,-0.085317686,-0.102119796,-0.12652092,-0.049573567,-0.08532453,-0.16057079,-0.16032325,-0.17734557,-0.18590592,-0.11018768,-0.105696514,-0.0346854,-0.015478093,0.10947107,0.28933161,0.5141861,0.79514635,1.0495842,1.3861752,1.501135,1.5526365,1.383157,1.078877,0.8050232,0.54197955,0.32525158,0.14508523,0.09248767,0.011204101,-0.06958481,-0.068358816,-0.051966827,-0.06166595,-0.15927012,-0.14345063,-0.055613432,-0.10804167,-0.084442616,-0.021233575,0.049295094,0.08055044,0.11284702,0.16080727,0.2063792,0.2443273,0.37674043,0.34802052,0.38864088,0.36171645,0.37622407,0.35693023,0.28689247,0.3056076,0.2666843,0.22253892,0.21979745,0.25936574,0.18233976,0.18824355,0.1310598,0.1160847,0.045162387,0.07387773,0.072686695,0.032806695,0.07232678,0.08330316,0.06483808,0.06553041,0.08295304,0.14013055,0.16463667,0.14511684,0.17926165,0.19964561,0.19893882,0.21827054,0.19483615,0.10520055,0.15912111,0.061795145,0.075249635,0.010707347,-0.038724706,-0.11376984,-0.09444188,-0.16098812,-0.10406084,-0.09950804,-0.17334743,-0.13711423,-0.1571652,-0.13655193,-0.0707351,-0.066594474,0.018628191,-0.01443242
ECG_0009,0,normal,0.029980382,0.036537334,0.089393765,0.08068006,0.1163997,0.13222422,0.1215234,0.16995606,0.1655113,0.15239678,0.16261952,0.13628875,0.053629633,0.045605812,-0.015362301,-0.025550481,-0.07025079,-0.024042172,-0.07470095,-0.09629866,-0.048420142,-0.1339709,-0.10464042,0.012199237,0.028556962,0.07602614,0.07106826,0.15035231,0.24675922,0.24049483,0.24222033,0.23695241,0.24288124,0.18743761,0.24831705,0.2487213,0.1532096,0.152969,0.10650122,0.07767155,0.07163649,-0.029991897,0.013817472,-0.017482266,-0.08009814,-0.17511693,-0.15318885,-0.10238974,-0.23155813,-0.15984145,-0.17826948,-0.10452489,-0.12693469,-0.06364233,-0.01517607,0.08761486,0.12624204,0.29615414,0.45864812,0.81833464,1.0663836,1.343712,1.5244739,1.4867642,1.3903393,1.1491926,0.82329714,0.48335174,0.30314836,0.17157574,-0.009805358,-0.051264204,-0.03558888,-0.08275961,-0.097621486,-0.06469564,-0.108373545,-0.09591799,-0.01883863,-0.082707375,-0.06870287,0.0061861407,0.049858022,0.06782088,0.10139202,0.250329,0.23755462,0.24874403,0.33576936,0.33582085,0.35445166,0.39325693,0.3430463,0.38891566,0.42383236,0.36093318,0.30971646,0.27481928,0.24334802,0.21199818,0.17233865,0.17701599,0.066734046,0.118467934,0.0607987,0.069467634,0.017015632,0.089965045,0.09290962,0.09510524,0.035882015,0.124087095,0.13062255,0.08937724,0.15409745,0.17982864,0.19514635,0.18784733,0.18913004,0.21592247,0.19330776,0.049227644,0.09909037,0.07278491,-0.008659507,0.01149324,0.011102511,-0.092135966,-0.07920292,-0.14168133,-0.15323718,-0.100690015,-0.16571683,-0.13230698,-0.19154,-0.06182786,-0.07589036,-0.07091332,-0.016294854,-0.04226003
ECG_0010,0,normal,0.035476215,0.023895387,0.059398342,0.07934512,0.10046692,0.1565293,0.15428232,0.16964607,0.14573999,0.14998613,0.10394509,0.15970035,0.017840063,0.072242364,0.044382945,-0.051815905,0.014619907,-0.042779572,-0.056477726,-0.08891712,-0.09074549,-0.0751347,-0.032501422,0.030359665,0.032182336,0.041169442,0.13559295,0.17868386,0.20629372,0.2381338,0.22900128,0.22225435,0.22867262,0.20224965,0.2476963,0.22085334,0.18727855,0.084142946,0.10380563,0.14025731,0.050093263,0.043357916,-0.046331204,0.003063247,-0.07688589,-0.09199446,-0.053522896,-0.09388359,-0.15741527,-0.16721235,-0.1526358,-0.113365054,-0.109837994,-0.08761828,0.011875555,0.029101785,0.20131797,0.28759506,0.55675936,0.7933418,1.1180876,1.3387963,1.4995286,1.547442,1.4131328,1.1213763,0.77591735,0.49021092,0.26404855,0.09628621,0.049818866,0.014730095,-0.06228766,-0.15867491,-0.11570345,-0.12536445,-0.059550162,-0.15936877,-0.11188132,-0.025117654,-0.031267032,0.010251641,0.040125825,0.09352064,0.15569222,0.15674905,0.25409108,0.2295225,0.3181425,0.34445742,0.3435493,0.3757082,0.36312658,0.3461858,0.3558353,0.3138282,0.33068678,0.25552988,0.27701753,0.18417269,0.166684,0.13078853,0.15848471,0.102516636,0.06583728,0.07312079,-0.012390501,0.048812103,0.115466,0.07028792,0.08336206,0.115657315,0.14534505,0.07761138,0.10435658,0.17520134,0.1570178,0.22189026,0.17093787,0.11367821,0.118486315,0.05274901,0.10158976,0.072072916,0.03116957,0.04103412,0.009595372,-0.06465058,-0.15333577,-0.09568817,-0.11641901,-0.13573007,-0.1199957,-0.18111819,-0.0751408,-0.14648022,-0.07149325,-0.11605875,-0.06146919,0.045525614
ECG_0011,0,normal,-0.007826704,0.058812607,0.07262909,0.09094604,0.15880197,0.12858942,0.09318297,0.12599641,0.16253959,0.1464554,0.0694988,0.07107812,0.047426336,0.023450155,-0.037931688,-0.045102272,-0.07411662,-0.049498286,-0.061338257,-0.0941321,-0.09598989,-0.06465471,-0.06871459,-0.046080884,-0.0014637274,0.049468357,0.07595593,0.15591112,0.2085454,0.1681559,0.23788299,0.24352595,0.2649637,0.2509254,0.19697985,0.18548512,0.20136088,0.20367494,0.07479954,0.11700389,0.10572071,0.027949391,0.011895434,-0.06118999,-0.076146044,-0.14932308,-0.19362658,-0.11109382,-0.17776814,-0.16308157,-0.18446273,-0.1709611,-0.1118964,-0.09764827,-0.020800753,0.046104234,0.1419558,0.2920308,0.5505328,0.7505944,1.0875509,1.3945153,1.5630776,1.4909978,1.3741056,1.1609123,0.8297515,0.53687656,0.3003321,0.13780084,0.055180877,-0.026592446,-0.06316254,-0.08850451,-0.13032278,-0.10451661,-0.035002787,-0.16896424,-0.09044062,-0.099098936,-0.027444307,-0.005251027,0.059543934,0.118887536,0.13813657,0.2149952,0.15742038,0.31842616,0.31954333,0.3714305,0.32544184,0.35146567,0.3861809,0.3778257,0.37493578,0.3794833,0.26804623,0.319247,0.25590667,0.21350361,0.13953939,0.1646181,0.04630708,0.11205976,0.027426122,0.05976294,0.047250204,0.085192256,0.050180916,0.045493368,0.06612658,0.13739994,0.1345658,0.12596647,0.14773299,0.1218773,0.19011831,0.12973502,0.20294699,0.17557278,0.22813529,0.10223523,0.10553367,0.13167307,0.07964514,-0.012218613,-0.0196412,-0.05947895,-0.080836274,-0.13516703,-0.13575943,-0.1929534,-0.14538638,-0.13267273,-0.14222604,-0.16614892,-0.064313985,-0.054502573,-0.055341702,-0.0083834585
ECG_0012,0,normal,-0.04501979,0.0028526268,0.049386088,0.13094741,0.098701365,0.1548956,0.13045563,0.15753205,0.14176196,0.16078183,0.10046621,0.04563255,0.023419505,0.018457917,-0.03412608,-0.0139447795,-0.06623135,-0.0014060859,-0.13774334,-0.08364879,-0.11806729,-0.08365447,-0.039974753,-0.081437066,0.033847693,0.12559998,0.09725699,0.15884356,0.21740158,0.21085024,0.21970032,0.18185192,0.27394816,0.2479185,0.21020731,0.2271547,0.18296777,0.15695873,0.15941389,0.066480614,0.1014515,-0.0093904175,-0.024491683,0.017590469,-0.038744412,-0.09776755,-0.15151219,-0.15525496,-0.14602004,-0.14829004,-0.14559558,-0.12958698,-0.113112524,-0.11902031,-0.047635205,0.059966803,0.091280274,0.27918613,0.47860718,0.7859627,1.0775399,1.4048564,1.5403389,1.4942967,1.403613,1.0969291,0.79719925,0.5404332,0.2921102,0.17610054,0.023299003,-0.037589617,-0.08157631,-0.107831635,-0.07700489,-0.1016166,-0.07113181,-0.047625307,-0.1310825,-0.07418066,-0.08005239,-0.029975928,0.017785816,0.051907692,0.10080732,0.1767051,0.19124778,0.2959764,0.28075886,0.42338225,0.34849656,0.37854928,0.34294254,0.4295196,0.40002874,0.35585535,0.28059876,0.29635245,0.22201528,0.26348773,0.20794868,0.15238981,0.045639046,0.06310546,0.09282213,0.094545715,0.084100366,0.0023457217,0.06458714,0.09678298,0.031574592,0.09897633,0.12669216,0.12851244,0.09926152,0.15912166,0.16864492,0.17808732,0.16348895,0.15842377,0.15533555,0.14851293,0.099480726,0.06543498,0.046674073,-0.04895973,-0.012049169,-0.05955582,-0.088104144,-0.08538459,-0.19166428,-0.20422684,-0.14122598,-0.14638686,-0.13029815,-0.1315612,-0.074039325,-0.037459157,-0.01904178,-0.007790299
ECG_0013,0,normal,-0.06323039,0.056692015,0.102172285,0.113431536,0.09149719,0.15590303,0.17242101,0.19685811,0.11972053,0.1277965,0.13892871,0.0945307,0.03135815,0.04685273,0.020705568,-0.023612253,-0.04567075,-0.08040546,-0.04126353,-0.11677855,-0.10184832,-0.06852287,-0.017848717,-0.056597117,-0.012565994,0.0073808962,0.11184099,0.117500156,0.17511743,0.23561019,0.21788284,0.2570625,0.2457383,0.27147698,0.2548417,0.2025988,0.19541863,0.20412381,0.15302646,0.06472323,0.08970059,1.848616e-06,0.03776475,-0.009374952,-0.06386849,-0.095978685,-0.12956725,-0.11902108,-0.15934165,-0.14234865,-0.11671142,-0.1455162,-0.12516706,-0.11159191,-0.06407406,-0.022323776,0.15422517,0.33914024,0.54595965,0.7338397,1.1109445,1.4031978,1.511437,1.5366942,1.3232393,1.1281707,0.78260237,0.5370077,0.26002654,0.16560061,0.07726969,-0.04251662,-0.09599286,-0.15554316,-0.11797304,-0.1379283,-0.1689607,-0.10206407,-0.113660105,-0.108565316,-0.061403554,0.025491385,0.0547764,0.079721555,0.15093708,0.14620629,0.22872043,0.27513227,0.29419637,0.35215893,0.3386251,0.39168337,0.39835852,0.29082203,0.4021529,0.25551888,0.30252138,0.32079288,0.24613962,0.17563148,0.15086074,0.18033381,0.06108518,0.12647767,0.07053623,0.022387343,0.03333182,0.019589381,0.08152733,0.08829036,0.029749826,0.0871057,0.092581324,0.17634067,0.1143234,0.21701948,0.17746525,0.14767146,0.16007486,0.14766556,0.11828818,0.1380841,0.07177606,0.012313455,0.032513157,-0.04541794,-0.04892505,-0.08681202,-0.11543143,-0.054177728,-0.13138747,-0.1376507,-0.20273204,-0.16579224,-0.12894438,-0.14843325,-0.066728055,-0.10151922,-0.042152233,-0.017546995
ECG_0014,0,normal,0.0049299113,0.014400229,0.057393618,0.08701088,0.09585483,0.150242,0.15375677,0.1474352,0.13309008,0.15848646,0.10943552,0.08360748,0.068018675,0.085311845,-0.036864966,-0.0031554329,-0.10905343,-0.066126086,-0.03835941,-0.07509773,-0.079109944,-0.08566592,-0.04328592,-0.019237807,0.0031636106,0.059816483,0.11681157,0.12803282,0.16246548,0.17496154,0.24885088,0.26648372,0.26166824,0.28026867,0.24322386,0.23511714,0.2095933,0.17006531,0.1253005,0.17305666,0.056473512,0.012563836,0.008409654,-0.032542285,-0.1147088,-0.06701532,-0.12612213,-0.17270473,-0.11255477,-0.13064547,-0.18080571,-0.075346515,-0.086917356,-0.07606684,0.0155666815,0.037307017,0.1314878,0.2650638,0.52065533,0.7969203,1.0896393,1.336835,1.5290393,1.5315568,1.343472,1.0760143,0.83146375,0.452962,0.31302494,0.13497238,0.0857817,-0.033825267,-0.04210066,-0.10276989,-0.10656819,-0.098375395,-0.13630679,-0.085757986,-0.12997194,-0.06745545,-0.017087191,0.013153373,0.094181634,0.06071916,0.090989456,0.15120359,0.2475626,0.28565028,0.31135917,0.30540648,0.38504413,0.33964762,0.41657126,0.46405998,0.37743726,0.3644411,0.30621704,0.23572603,0.23757663,0.18683021,0.14026271,0.20119745,0.12691619,0.103998564,0.062918626,0.05297307,0.07976179,0.049135998,0.07146139,0.060437396,0.07106007,0.05700604,0.059144422,0.12968852,0.15652128,0.1303087,0.17742984,0.18414207,0.11571285,0.14426039,0.16874465,0.14685106,0.07400328,0.08247788,0.07457567,0.031979937,-0.029218797,-0.073578216,-0.108175285,-0.10017203,-0.1272267,-0.1261297,-0.14548388,-0.12161043,-0.13256568,-0.09415673,-0.067845255,-0.08957412,-0.08780557,0.04633934
ECG_0015,0,normal,0.0077000535,-0.017819647,0.044105843,0.117251016,0.10949616,0.120327346,0.18863158,0.11867501,0.122059226,0.14093173,0.1282242,0.10769869,0.09221511,0.0403716,0.018027237,-0.034027416,-0.05037735,-0.06941826,-0.079158954,-0.06658159,-0.06757433,-0.06752592,-0.068491116,-0.009645785,0.025902376,0.0743082,0.1770559,0.13533615,0.1993226,0.2478227,0.24006918,0.32025936,0.24337725,0.26103622,0.21662366,0.21281105,0.2079462,0.19820063,0.15079801,0.14440553,0.067183085,0.022575112,0.07650891,-0.028270788,-0.0941495,-0.12152358,-0.15157668,-0.11127971,-0.15914962,-0.14559487,-0.14477472,-0.10671723,-0.1320836,-0.10802812,-0.025410963,0.05055686,0.14230627,0.26058918,0.52352434,0.76030636,1.0735527,1.332216,1.5641761,1.5526534,1.401626,1.157585,0.8988886,0.47974187,0.28471133,0.13082962,0.021009717,-0.05134872,-0.07087478,-0.12736058,-0.09992936,-0.118929535,-0.107999265,-0.100422785,-0.08207079,-0.087495506,0.01886792,0.00038518212,-0.01918625,0.053551067,0.080148846,0.18155368,0.22409517,0.25665984,0.36861923,0.35556468,0.38382104,0.34845656,0.35182843,0.379441,0.37163392,0.2912585,0.31559363,0.2904546,0.24920374,0.19521536,0.16748679,0.14422087,0.12145432,0.11075168,0.10461498,0.04932877,0.03714058,0.06323578,0.07386592,0.053291515,0.10503647,0.12860103,0.15722749,0.190885,0.12883389,0.16930956,0.17880242,0.17958729,0.16091521,0.12714727,0.15930712,0.11218862,0.11119333,0.053903136,0.0109137,0.015696699,-0.021832578,-0.04216047,-0.023719035,-0.105887935,-0.11852737,-0.17733866,-0.18804732,-0.09868847,-0.16310784,-0.14901571,-0.09514291,-0.0681441,-0.060636446,-0.009114642
ECG_0016,0,normal,0.036881562,0.009435122,0.023710253,0.1223726,0.13265537,0.11707363,0.09914011,0.12775491,0.14436269,0.1695603,0.08541309,0.0902728,0.085132316,-0.03702378,0.034359306,-0.061724655,-0.042298436,-0.06524379,-0.053074304,-0.07323006,-0.15554741,-0.09239581,-0.040071186,-0.017525319,0.041071232,0.092193745,0.12911369,0.14462109,0.13126382,0.2021044,0.24962017,0.21741061,0.27365667,0.27856535,0.24439384,0.13144341,0.16213553,0.2293972,0.124829024,0.047107793,0.10708947,0.032940835,0.028537573,-0.031789158,-0.058808282,-0.089805394,-0.10237164,-0.071053885,-0.119088106,-0.19682592,-0.1294696,-0.09441758,-0.07060025,-0.0885591,0.0028084505,0.060360353,0.20950583,0.26237273,0.48797777,0.77343863,1.0744922,1.333834,1.4422611,1.5206097,1.3945569,1.105372,0.8725706,0.53141993,0.3455935,0.15715748,0.071326524,-0.010643976,-0.020821648,-0.08918429,-0.09509701,-0.1094905,-0.13107869,-0.103505164,-0.03312941,-0.08440515,-0.032182436,0.031085618,0.07089589,0.08397383,0.060862273,0.19653472,0.16116509,0.31481072,0.31337568,0.36908543,0.33497477,0.32981354,0.3896254,0.37732872,0.3516975,0.3494877,0.4040259,0.31506822,0.28714317,0.24493517,0.22805671,0.14382449,0.057087477,0.08695035,0.09654137,0.02906519,0.04553429,0.029353019,0.10060145,0.088801235,0.10087088,0.1178615,0.117359415,0.14346206,0.11927084,0.10329935,0.18296652,0.19224921,0.21667103,0.2188542,0.20362669,0.105298586,0.09804557,0.09213447,0.11986059,0.053070724,0.007221692,-0.071172565,-0.11579093,-0.09053939,-0.16609965,-0.1521649,-0.15288343,-0.09838599,-0.14604437,-0.19087487,-0.0788366,-0.08640898,-0.03228232,-0.0025665862
ECG_0017,0,normal,-0.0082108285,0.057325147,0.01953448,0.07858436,0.1384076,0.11726665,0.09834091,0.17015028,0.17969666,0.13324028,0.05768518,0.11398749,0.015081339,0.04367822,-0.023278195,-0.061046317,-0.0655156,-0.07814321,-0.10493814,-0.07209669,-0.09761078,-0.039446708,-0.035782143,-0.032602638,0.00076471234,0.019087862,0.11958213,0.1404117,0.11548807,0.19969739,0.2100981,0.29739437,0.20363507,0.20807302,0.27388692,0.2640597,0.17812869,0.15384893,0.15971223,0.036819097,0.014196233,0.024118165,0.041886076,-0.05316982,-0.069536954,-0.06668199,-0.060089745,-0.15668225,-0.1487234,-0.094754085,-0.18853544,-0.097834565,-0.13723074,-0.07268678,-0.039418455,0.0037877348,0.10283724,0.29316524,0.533066,0.7787301,1.0913023,1.3776698,1.4959928,1.5558416,1.4080565,1.1982775,0.803226,0.5172762,0.32993162,0.173888,0.03048169,-0.031116102,-0.04565126,-0.11569,-0.12229665,-0.1177927,-0.09255197,-0.1337926,-0.15543252,-0.13379116,-0.082548775,-0.04604278,0.03204997,0.047955934,0.11128128,0.15781106,0.21453409,0.31038773,0.32814988,0.33957908,0.3482073,0.3633918,0.39163515,0.3958619,0.3392152,0.34804228,0.26005426,0.29638386,0.2785227,0.211215,0.23816866,0.12308949,0.12525353,0.09153319,0.06918037,0.054729536,0.05403842,0.07554487,0.09687266,0.06625002,0.10578414,0.07816046,0.14145556,0.11467563,0.18754618,0.23521183,0.17480157,0.11675319,0.1639509,0.20867038,0.17311904,0.1427067,0.13887358,0.09225804,0.08043521,0.036250457,0.01929079,-0.048775047,-0.062137164,-0.12342043,-0.15112364,-0.09380879,-0.14295395,-0.122026935,-0.13169125,-0.13529286,-0.093640454,-0.022358503,-0.016904049,-0.05130964
ECG_0018,0,normal,-0.006457042,0.08708374,0.05910652,0.040080424,0.17467794,0.15616097,0.14450473,0.1389511,0.17847438,0.118330635,0.15095824,0.10907426,0.07221843,0.038779687,-0.0019033218,0.005118064,-0.07821859,-0.12130204,-0.06717869,-0.07082064,-0.06982146,-0.056620583,-0.053833548,0.0119485585,0.025376165,0.053899344,0.1015034,0.21166852,0.13460465,0.23076248,0.1867558,0.24687703,0.2417096,0.1887627,0.25225896,0.21195567,0.13750198,0.19799855,0.18427534,0.15133582,0.080800734,0.033921912,0.035234056,0.0103735905,-0.038557995,-0.12894179,-0.11725594,-0.12619132,-0.20250681,-0.13533492,-0.074679695,-0.109463915,-0.06247888,-0.07027351,-0.034336433,0.043966226,0.1078555,0.25595954,0.54118896,0.82379246,1.0594656,1.3895746,1.5225326,1.543845,1.3972827,1.1499991,0.8169907,0.57332355,0.31614503,0.1680404,0.021536427,0.045738548,-0.047790438,-0.06947255,-0.1582262,-0.14516155,-0.08529361,-0.1070479,-0.15757439,-0.04514454,-0.061079867,0.035691757,0.03405322,0.08976354,0.16773257,0.15410885,0.19796392,0.26481766,0.33310664,0.29916888,0.31199706,0.4011004,0.3637134,0.36657006,0.3107394,0.3265785,0.3207758,0.31794378,0.23252131,0.26933834,0.16313617,0.1290339,0.16485104,0.09895174,0.055628553,0.05350521,0.09141748,0.0940922,0.031036776,0.065044515,0.08402936,0.06962626,0.11680634,0.13769506,0.18903266,0.20511536,0.1685878,0.1761109,0.20032185,0.15415847,0.17418593,0.1326021,0.07953157,0.04901934,0.08731521,0.0039751036,0.0228504,-0.07494802,-0.08055879,-0.042426318,-0.16480142,-0.20194626,-0.11084239,-0.17097762,-0.13602464,-0.13527493,-0.08592506,-0.09395441,-0.03895945,0.013529015
ECG_0019,0,normal,-0.030248975,0.01261241,0.055098943,0.051230323,0.10520963,0.13925308,0.13461865,0.14195232,0.14540678,0.11491783,0.13724242,0.13588774,0.050946563,0.04897019,-0.0038427953,-0.015286519,-0.0052849147,-0.057384495,-0.13881433,-0.076137915,-0.047242787,-0.07550032,-0.014348294,-0.03237939,-0.017823266,0.07274782,0.058165837,0.1438562,0.2252592,0.15847595,0.19874422,0.21916306,0.25281882,0.24034205,0.28256193,0.25198725,0.21533637,0.17718042,0.15302205,0.080772616,0.09574836,-0.0008211603,0.020450668,-0.0045136423,-0.06623912,-0.10598206,-0.11128699,-0.22522235,-0.13915055,-0.15281636,-0.1443883,-0.10746603,-0.108924344,-0.10996716,-0.036381964,0.034554746,0.13577832,0.28973037,0.53438085,0.7500412,1.0944699,1.3992325,1.473103,1.5390402,1.3659148,1.1090473,0.7873649,0.52593213,0.3621003,0.111381955,0.011446005,-0.058079258,-0.010062638,-0.10473266,-0.1107498,-0.13256398,-0.15076281,-0.122709155,-0.026413688,-0.03453111,-0.07035452,0.012779471,0.011742608,0.03033131,0.16294926,0.21583642,0.2591309,0.25661662,0.3032882,0.36158815,0.37378296,0.36457965,0.3332306,0.3817531,0.398814,0.31102023,0.34016562,0.29997867,0.27816266,0.24577633,0.16283889,0.10101786,0.10272473,0.119281754,0.05592918,0.037337903,-0.003815241,0.10268554,0.08031198,0.0894144,0.11035642,0.11651471,0.11114703,0.13262245,0.14199944,0.24793483,0.19514145,0.16861548,0.19435799,0.14138806,0.20166193,0.11540722,0.12364609,0.10970377,0.055446506,0.011501848,-0.02603616,-0.061232165,-0.1065959,-0.12769112,-0.08869211,-0.14826792,-0.17301399,-0.16166228,-0.10239233,-0.09742919,-0.07716006,-0.07316396,-0.016360376,-0.019272279
ECG_0020,0,normal,-0.0077881296,0.06270906,0.09174876,0.06463749,0.09222067,0.13895026,0.19838908,0.09262666,0.15435381,0.093308836,0.09748062,0.08187555,0.052262723,0.018400364,0.0035619312,-0.042308807,-0.096132025,-0.049248192,-0.06302573,-0.06446256,-0.13045074,-0.05988489,-0.023937972,-0.042611986,0.027018106,0.065024756,0.16612466,0.20878421,0.13672324,0.29058665,0.20967235,0.27954423,0.28383335,0.22144283,0.25538588,0.22013079,0.21710809,0.17973168,0.17711535,0.10889407,0.06499582,0.065422095,0.012801237,-0.018143516,-0.09250265,-0.13205355,-0.14032795,-0.15800144,-0.12463232,-0.120136224,-0.14752336,-0.08573443,-0.065627195,-0.06845898,-0.056796636,0.079789385,0.13049978,0.28865775,0.49301165,0.7559285,1.0451397,1.3795207,1.5016394,1.6254367,1.350894,1.0824472,0.8298133,0.57689804,0.3088003,0.16648214,-0.008772118,-0.03934657,-0.09409366,-0.14771385,-0.106471226,-0.18776532,-0.16209601,-0.13177045,-0.12509957,-0.06440098,-0.03559898,0.02016621,0.059259802,0.11784672,0.13230638,0.19013765,0.24309473,0.2749623,0.29637563,0.32912192,0.33751133,0.38903725,0.3789823,0.35844162,0.34657636,0.3106359,0.35036808,0.29239097,0.2297742,0.24387349,0.16685939,0.107331626,0.14936699,0.07649502,0.059922323,0.0593946,0.085102946,0.050707232,0.019567056,0.08263384,0.066774964,0.15585119,0.1184433,0.07048431,0.16554733,0.22723055,0.2257417,0.23745812,0.14980029,0.19907871,0.1348669,0.14196798,0.07042495,0.05839077,0.02361605,0.035624407,-0.0023386492,-0.05123434,-0.12980759,-0.1235558,-0.15546331,-0.11892155,-0.11409455,-0.114481784,-0.15806004,-0.19988339,-0.1469788,-0.022789514,-0.045598898,-0.022487184
ECG_0021,0,normal,0.0492801,0.071569726,0.066253886,0.0852927,0.11392343,0.14250407,0.19460654,0.16276765,0.1677847,0.16966824,0.08142027,0.11545426,0.056040913,-0.041068614,-0.060499366,-0.05679467,-0.036321603,-0.069230296,-0.0800809,-0.031229481,-0.122301385,-0.06967543,-0.035084274,-0.033764116,0.027592711,0.020514272,0.15315732,0.1306009,0.24759594,0.2147946,0.26797074,0.24852493,0.2537961,0.23379266,0.24416155,0.23289676,0.17695042,0.16906019,0.12292219,0.17562202,0.06734012,0.07889713,-0.010479311,-0.03231929,-0.11220598,-0.11410785,-0.11698025,-0.09179668,-0.14155881,-0.10790413,-0.12364758,-0.07983996,-0.108452536,-0.0040542698,-0.04670177,0.009534228,0.096028715,0.35480353,0.5277832,0.77259856,1.1266695,1.3811654,1.5841252,1.4872158,1.3755153,1.106293,0.7552987,0.5628285,0.29875073,0.1715038,0.11732747,-0.029618533,-0.074519776,-0.08730255,-0.080363214,-0.13748188,-0.14135897,-0.083938956,-0.088801816,-0.13763508,-0.081528135,0.038389325,0.04874614,0.06075646,0.12725164,0.18143074,0.24982132,0.22996469,0.28306296,0.34728387,0.35904306,0.39354452,0.34491754,0.3890507,0.39919123,0.36155242,0.32517618,0.28715593,0.23061268,0.2174571,0.22146402,0.14595579,0.092036195,0.07784052,0.0782148,0.046953782,0.065384366,0.06579143,0.082210064,0.10902431,0.11120042,0.07118629,0.09137086,0.13526224,0.14129111,0.13474281,0.16521333,0.1682941,0.16023766,0.16224045,0.19188026,0.14121644,0.1827678,0.08283969,0.03520148,0.008791734,-0.018665463,-0.04648131,-0.026993608,-0.13956624,-0.10730843,-0.1387793,-0.19657302,-0.12305239,-0.097374745,-0.14341268,-0.09423795,-0.11719895,-0.07132544,0.031475443
ECG_0022,0,normal,-0.013992203,0.00035084135,0.072404236,0.07842241,0.103761815,0.15786897,0.11175312,0.122932665,0.15062623,0.16367243,0.15365537,0.072856545,0.09299929,0.0108899735,0.058132,-0.06026427,-0.012403936,-0.09233887,-0.025214503,-0.07201816,-0.1147092,-0.08451959,-0.020781903,0.01990341,0.024621442,0.0698525,0.13361073,0.15500328,0.14784878,0.19137962,0.24418272,0.2865885,0.3031979,0.27469942,0.24920656,0.24582122,0.18047565,0.16821459,0.116501234,0.06916981,0.08003851,0.038105566,0.016018933,-0.023714563,-0.06528573,-0.08399717,-0.124576785,-0.12699005,-0.17000262,-0.13832456,-0.12281692,-0.14875244,-0.105126314,-0.094469026,-0.047935084,-0.0012197979,0.17030355,0.31684336,0.5193228,0.8417881,1.0835215,1.4514875,1.5183154,1.5413065,1.3715428,1.1313384,0.83957756,0.5276012,0.36016423,0.15648934,0.054648865,-0.046291154,-0.049330212,-0.094883285,-0.12822783,-0.14377472,-0.042277224,-0.12355895,-0.14387056,-0.09723988,-0.04631342,0.00975226,0.053332187,0.10392077,0.113018125,0.19124685,0.20146754,0.2521233,0.28076017,0.30344352,0.39396438,0.3970471,0.41110274,0.3795162,0.38974795,0.2941092,0.34689546,0.29534602,0.2744715,0.23101777,0.1540612,0.10458545,0.097368695,0.10955545,0.092892036,0.017120933,0.021392288,0.028409041,0.04482142,0.025456,0.038663108,0.0745584,0.12106451,0.102117546,0.15135227,0.2006492,0.13941069,0.17633612,0.21113579,0.15916608,0.13931665,0.17014417,0.09942746,0.11085929,0.05677241,-0.0016175914,-0.011969507,-0.049925443,-0.058668464,-0.13065699,-0.13184364,-0.14685729,-0.12831564,-0.17692873,-0.10489415,-0.10370753,-0.13347769,-0.02919044,0.03346154,0.030089574
ECG_0023,0,normal,0.042809833,0.03617607,0.01567528,0.038771175,0.12553893,0.11792982,0.11916783,0.14821123,0.16447139,0.09100741,0.10304422,0.13810451,0.032619324,0.060507078,-0.0111962035,-0.009877327,-0.019338476,-0.05040583,-0.058337107,-0.12430559,-0.05081891,-0.094433226,-0.036431085,-0.0039285375,0.041296586,0.078621455,0.08554584,0.11055331,0.21282439,0.22134387,0.27161044,0.24878204,0.2125635,0.28029743,0.2294767,0.2336169,0.1810544,0.22214057,0.114928216,0.096509196,0.0732555,-0.00022530253,0.0053049447,0.008259397,-0.087278925,-0.088841386,-0.20577934,-0.14054467,-0.15760957,-0.17397067,-0.11042594,-0.13844931,-0.1120056,-0.08707674,-0.08964436,-0.0014315104,0.1611631,0.22157428,0.48021033,0.7706306,1.1415075,1.3835927,1.5084263,1.5727862,1.3612607,1.1504416,0.7737428,0.5632164,0.29467863,0.11845974,0.040019996,-0.010700897,-0.076727636,-0.074243866,-0.12747045,-0.101869315,-0.10916346,-0.11748233,-0.11340246,-0.07174701,-0.02825877,0.055206224,0.0648709,0.11290204,0.2250193,0.1965124,0.24228863,0.29183304,0.27802247,0.32577816,0.34685302,0.3958172,0.37657753,0.38248354,0.39906734,0.37284237,0.3161512,0.26993257,0.28971645,0.2428338,0.13548514,0.14013202,0.12369578,0.115972824,0.09949234,0.06667638,0.068382695,0.052030217,0.03532502,0.058479596,0.0818944,0.09817308,0.061909705,0.12561087,0.15651254,0.16045152,0.17105937,0.19716923,0.14802438,0.12287287,0.14608164,0.15816273,0.15924011,0.10118829,-0.00014446258,0.001696731,-0.018661192,-0.054211196,-0.07311581,-0.14171809,-0.13113153,-0.13240214,-0.12466996,-0.1703449,-0.14575817,-0.19881192,-0.1126138,-0.08117077,-0.06414878,0.005002919
ECG_0024,0,normal,-0.0016780715,-0.034161486,0.07198567,0.066245064,0.13245714,0.09723365,0.14750531,0.14159872,0.15509689,0.13833106,0.10885563,0.046720225,0.020561736,0.016897634,0.0030973228,-0.044498578,-0.03350194,-0.08102091,-0.11456228,-0.09810068,-0.077452905,-0.05910589,0.012134036,-0.031743202,0.024538549,0.08129647,0.11015745,0.1360308,0.14017622,0.2004438,0.20491806,0.19832583,0.23084806,0.2199008,0.25810143,0.24138956,0.1733618,0.16500466,0.08547788,0.09180189,0.0820015,0.057288304,-0.026002053,-0.008542271,-0.118035816,-0.1381245,-0.102006435,-0.08924316,-0.13341534,-0.15062602,-0.20872496,-0.1893354,-0.10279899,-0.08650283,-0.06531494,0.03449406,0.13578424,0.31320527,0.5072979,0.81947404,1.0894387,1.3570746,1.5570707,1.5042975,1.4679096,1.1314263,0.825934,0.5467715,0.36317673,0.17309009,-0.0016173744,0.02308289,-0.07211208,-0.08764782,-0.14835826,-0.104694426,-0.14197135,-0.112649545,-0.108683966,-0.018542852,0.014701426,-0.005252356,0.038607623,0.07241905,0.16554412,0.17116605,0.2151092,0.30007038,0.29214248,0.33796254,0.31459877,0.39751446,0.4400288,0.3999736,0.4102977,0.3215648,0.32809258,0.26173764,0.24882525,0.24278341,0.18672746,0.10714741,0.079279445,0.051173016,0.086932875,0.12007604,0.09169902,-0.0067734444,0.09817285,0.09440954,0.03496566,0.09011741,0.15134257,0.15404838,0.11555353,0.18721488,0.11433907,0.17584483,0.2145318,0.17226596,0.1415586,0.16191968,0.13785608,0.117025636,0.07013372,0.041108992,-0.0043729665,-0.05157307,-0.08660968,-0.12132441,-0.16945086,-0.17367117,-0.15790053,-0.13892978,-0.092179075,-0.118951306,-0.06386565,-0.033058856,-0.040504653,0.017875262
ECG_0025,0,normal,-0.00730555,0.07327901,0.084595725,0.058380276,0.12273221,0.18513255,0.14116819,0.16352507,0.16238019,0.10349145,0.1318318,0.050993342,0.04610925,0.06668593,0.014048408,-0.035385475,-0.03886447,-0.07444705,-0.08523454,-0.07005323,-0.10604973,-0.06764234,-0.053585384,-0.059244025,-0.00087076385,0.115558945,0.12240184,0.111341685,0.1404433,0.21240392,0.28396472,0.24452128,0.2939284,0.26187146,0.25472534,0.18328519,0.22860387,0.16276355,0.16711794,0.08220699,0.07534353,0.043100256,-0.009231641,-0.027961561,-0.08055697,-0.120167464,-0.07513179,-0.10790821,-0.17104425,-0.13236241,-0.16514982,-0.16420254,-0.07566699,-0.12688394,-0.0043342058,0.024946414,0.12598391,0.29716533,0.5206358,0.75783193,1.1107306,1.3639357,1.4874598,1.5285546,1.4249146,1.1704664,0.8360296,0.49530837,0.32158083,0.17484069,0.068305545,0.0045274063,-0.050987292,-0.09303484,-0.12823166,-0.17741856,-0.11224087,-0.11007305,-0.08343372,-0.11641955,-0.025415882,0.0549886,0.039041795,0.08177238,0.141634,0.24200375,0.19703989,0.2768088,0.28430173,0.32268506,0.36055037,0.41680846,0.43583247,0.3917811,0.35514587,0.42173004,0.30817622,0.27289835,0.20240992,0.26149982,0.21272022,0.22206081,0.07704461,0.13635306,0.07429336,0.08234221,0.0013919551,0.09414857,0.07913607,0.06515022,0.10067804,0.0762486,0.101093695,0.123632036,0.09924454,0.19474536,0.2142119,0.16148917,0.19083919,0.16374792,0.16637495,0.11641198,0.08211077,0.10928669,0.041987333,0.06933102,-0.024970924,-0.087321274,-0.05248672,-0.095282614,-0.11127363,-0.1092938,-0.16902398,-0.14999096,-0.14054695,-0.15641978,-0.101877645,-0.02534694,-0.026441107,-0.040347286
ECG_0026,0,normal,-0.046674892,0.08355821,0.06281085,0.07467248,0.10966671,0.09136996,0.18929797,0.13830203,0.18702587,0.13613969,0.15939651,0.100509234,0.090474956,0.055987034,0.022044452,-0.015813105,-0.05924382,-0.015181242,-0.11282001,-0.089628555,-0.08378212,-0.05677921,-0.057101518,-0.0022335337,0.021677632,0.021054177,0.11114671,0.11803237,0.13462237,0.21987504,0.25176564,0.26592496,0.27173355,0.19333588,0.19975732,0.28256243,0.16906191,0.19113675,0.12061703,0.109022275,0.051034417,0.0493864,-0.0005074177,-0.05354661,-0.104070224,-0.092662446,-0.15967785,-0.12655236,-0.06942375,-0.10891064,-0.12131902,-0.13123022,-0.16484386,-0.11542954,0.0063439026,0.0088354,0.111352734,0.2799033,0.4713384,0.74581915,1.0876846,1.3337888,1.5029109,1.510215,1.399147,1.1132048,0.80915195,0.54892707,0.30260146,0.14096725,0.060647815,0.001024713,-0.06629739,-0.08844424,-0.13343434,-0.14630099,-0.0993557,-0.10230637,-0.086502045,-0.06786761,-0.043380287,0.014244606,0.06474155,0.11095918,0.1293406,0.22264342,0.23460314,0.28968388,0.3167541,0.3465054,0.33996552,0.3974293,0.4671616,0.36709297,0.36857355,0.33356172,0.30636224,0.3363659,0.23546909,0.20539466,0.13604806,0.12679829,0.06747832,0.11156207,0.15618022,0.047158837,0.0008225313,0.0771061,0.03373282,0.10529793,0.07286379,0.08025899,0.11313817,0.16026868,0.14800376,0.15399086,0.17249914,0.14437383,0.19230404,0.11811233,0.1432031,0.15802085,0.11770497,0.09543406,0.04195208,0.043760132,0.0013807529,-0.0461547,-0.061468575,-0.091693915,-0.14626372,-0.18532878,-0.13682923,-0.12979068,-0.102689296,-0.14578703,-0.12116287,-0.051641315,-0.03569626,-0.056538295
ECG_0027,0,normal,0.011253537,-0.021957757,0.037162732,0.13464522,0.17263283,0.09921949,0.13672337,0.1513723,0.19944063,0.11980407,0.10220403,0.13927016,0.0536343,0.056080293,-0.04096857,-0.031388123,-0.10204621,-0.104307294,-0.060435854,-0.09125495,-0.09380187,-0.09131492,-0.05083702,-0.002642528,0.056230396,-0.010241649,0.0859073,0.15582222,0.18368804,0.22787012,0.24515533,0.24097799,0.23891284,0.2439485,0.2750501,0.20139657,0.19859397,0.17831178,0.18803568,0.09762284,0.09879624,0.06949955,-0.006523269,-0.046419486,-0.082436666,-0.10837036,-0.097669095,-0.1324465,-0.14115961,-0.18317245,-0.17189415,-0.06435859,-0.112016045,-0.09900411,0.010793092,0.04098234,0.14967495,0.28073138,0.4936396,0.7775346,1.0477167,1.3578968,1.5340223,1.5891646,1.3860562,1.0501434,0.81168956,0.61320376,0.33285362,0.1249882,0.0642675,-0.041281626,-0.10249941,-0.101313554,-0.10723484,-0.17664516,-0.1569049,-0.11534457,-0.112406194,-0.0644489,-0.08120643,0.014775661,0.001175518,0.13290437,0.080891185,0.14825702,0.24027045,0.32063958,0.31774274,0.35598093,0.3625642,0.34559682,0.36709863,0.34197953,0.3280824,0.35900033,0.2873075,0.29961905,0.21660353,0.22850856,0.16901237,0.1917251,0.12844189,0.12968142,0.049519893,0.059843503,0.021392655,0.037697956,0.047677442,0.04454178,0.044859573,0.056807943,0.04828445,0.10584498,0.17365119,0.12093765,0.1374204,0.23625645,0.16129822,0.18134551,0.17579626,0.15511508,0.0629441,0.07079265,-0.004643368,0.08205728,-0.07420648,-0.09097414,-0.12051297,-0.15910643,-0.092502,-0.07233839,-0.16371256,-0.18578605,-0.20251122,-0.12502065,-0.1034609,-0.08497721,-0.026919993,0.011889749
ECG_0028,0,normal,0.009692789,0.024131184,0.032471772,0.11406978,0.11826187,0.16233991,0.17030738,0.107440755,0.102977164,0.11192392,0.08482259,0.11546595,0.075417265,0.067389764,0.015240324,-0.019991653,-0.016266407,-0.058552463,-0.08356887,-0.045344196,-0.08077327,-0.07798265,-0.06935204,0.0094148405,0.063854426,0.06699513,0.15009761,0.09194888,0.18499033,0.21456599,0.21531929,0.32163987,0.25273263,0.23908162,0.2413667,0.1632724,0.17768215,0.20230871,0.122356795,0.08176584,0.10931781,0.0727478,0.0108990725,-0.05375144,-0.07974919,-0.124820165,-0.15313949,-0.1707093,-0.16675992,-0.18045737,-0.18978061,-0.122079924,-0.09964341,-0.024737168,-0.052190036,0.0414111,0.14171168,0.27725768,0.5255298,0.80587906,1.0990212,1.3528655,1.5144155,1.4926181,1.3592986,1.1015084,0.78079,0.5442164,0.34276146,0.122072995,0.055037547,-0.050044555,-0.07103285,-0.11157236,-0.091923766,-0.14084414,-0.09208031,-0.12302626,-0.119649105,-0.11389239,-0.037170246,0.0202088,0.04488793,0.1507873,0.17525756,0.17180781,0.21820849,0.28480348,0.28315088,0.37408385,0.37288612,0.38408253,0.40241137,0.43002173,0.37157238,0.34355664,0.36626443,0.31905895,0.24602881,0.21977265,0.18953428,0.16038103,0.07803232,0.046333395,0.045567594,0.029217048,0.03151055,0.06914743,0.050472695,0.072209366,0.04459556,0.08536419,0.13609463,0.15538394,0.13308915,0.17374249,0.24442953,0.18200156,0.15959749,0.16650125,0.15929204,0.13070424,0.107672885,0.034421038,0.015024536,0.004187691,-0.031318262,-0.07652461,-0.09460536,-0.112376176,-0.10639741,-0.14798817,-0.137467,-0.16242136,-0.11824058,-0.10642548,-0.06799543,-0.04403451,-0.015899181,-0.0029179675
ECG_0029,0,normal,0.0073484685,0.0655202,0.04595819,0.07524256,0.12332941,0.14814758,0.121881925,0.14785074,0.14318386,0.06813173,0.10992273,0.08808886,0.06006919,0.07689167,-0.033128228,-0.050989818,-0.13062418,-0.087071784,-0.097481206,-0.1050571,-0.05099838,-0.04303391,-0.041881636,-0.022794314,0.0575286,0.067920014,0.08631204,0.09956187,0.1734145,0.23840815,0.3054253,0.25197235,0.23175776,0.2157646,0.25714648,0.17041832,0.21698853,0.19734286,0.15431355,0.10004224,0.08698026,0.037668318,-0.027954357,0.015414452,-0.083115436,-0.0774231,-0.19585472,-0.10108267,-0.104155384,-0.14852072,-0.12610632,-0.11190654,-0.12596478,-0.059347283,-0.056398798,0.014265375,0.16613859,0.3141125,0.48200852,0.76061493,1.069831,1.3825138,1.4951419,1.5443522,1.4058815,1.1175213,0.844811,0.5218893,0.30044696,0.11999748,0.07704963,-0.042016834,-0.05139203,-0.093001954,-0.14156413,-0.13875358,-0.08094396,-0.10960491,-0.13043551,-0.06713339,-0.049149804,0.09697364,0.045242008,0.07220359,0.17496477,0.12580256,0.23057893,0.33054546,0.3048055,0.28709617,0.35016057,0.4200243,0.39308485,0.35317114,0.34588644,0.33015686,0.3318388,0.33017832,0.2872309,0.23329744,0.1437235,0.10968867,0.13472788,0.052243803,0.06542228,0.06728371,0.01669745,0.019378241,0.052716937,0.08142704,0.11317022,0.11742506,0.12068659,0.115149535,0.122699164,0.1535663,0.19076216,0.1926282,0.117396034,0.14814381,0.19266196,0.13761574,0.06610326,0.14839908,0.043035198,0.020197768,-0.014374481,-0.070566796,-0.11112216,-0.050556373,-0.10298364,-0.120353706,-0.13215141,-0.17627287,-0.09707755,-0.14299136,-0.08547133,-0.11462002,-0.09478702,0.009583291
ECG_0030,0,normal,-0.024272686,-0.026060097,0.08173871,0.15769722,0.15957327,0.12796965,0.14687048,0.1767248,0.17966767,0.124284066,0.11753588,0.10182684,0.081494264,0.030421948,-0.00025683802,0.01514383,-0.01597268,-0.058321964,-0.034038626,-0.10135116,-0.035539497,-0.05257697,0.053913444,-0.047450382,0.0060625514,0.08107669,0.122777164,0.2095535,0.16660269,0.24291639,0.27200302,0.27126345,0.22588854,0.29354632,0.27746758,0.24134433,0.20660861,0.17959476,0.13886309,0.12585564,0.07096609,0.007084418,-0.03606839,-0.062659,-0.06590109,-0.10150434,-0.116835974,-0.1243524,-0.16703792,-0.10544594,-0.15090078,-0.1416648,-0.09220969,-0.13085626,-0.055855915,0.061960265,0.08020764,0.31840003,0.5485339,0.77153856,1.0979533,1.3941072,1.5111377,1.559684,1.3633417,1.1058406,0.790529,0.5412981,0.3416017,0.14379148,0.00839683,-0.051502425,-0.050047204,-0.03553898,-0.09816888,-0.13208738,-0.099444605,-0.12283959,-0.111509554,-0.10504701,-0.0025129179,-0.08282399,0.060624067,0.069709994,0.12005371,0.23180309,0.20632538,0.2503105,0.3043796,0.3515106,0.34878242,0.329173,0.35583183,0.41677684,0.36868703,0.3604805,0.3131602,0.2702475,0.3059853,0.21397132,0.17037176,0.18241091,0.0970595,0.074766114,0.0724967,0.058167305,0.05861361,0.11285619,0.065628015,-0.0050240927,0.09111363,0.10034986,0.11978039,0.1449138,0.15396602,0.16731425,0.19685541,0.16626707,0.1519625,0.26242757,0.13505101,0.13824359,0.06374372,0.081218496,0.015906684,-0.00460644,0.004991717,-0.045378644,-0.07224266,-0.16734277,-0.07797296,-0.18076827,-0.10358327,-0.11552704,-0.11808347,-0.14334694,-0.08942224,-0.079565965,-0.032690063,-0.007461613
ECG_0031,0,normal,-0.061158024,0.06726845,0.06308721,0.07955077,0.10107665,0.14644298,0.11979243,0.08243835,0.15821773,0.15016323,0.11052159,0.05837131,0.06754604,-0.009521729,-0.027471198,-0.048772078,-0.026940128,-0.08352261,-0.09904789,-0.03111701,-0.07365482,-0.0586826,-0.05530836,-0.029567072,-0.038849283,0.097574964,0.12430943,0.14567435,0.18253714,0.23785317,0.19048782,0.23242758,0.22062935,0.30445883,0.2668575,0.15727602,0.15506533,0.16884114,0.12705195,0.066900626,0.1283749,0.041916363,0.009633848,-0.060858365,-0.05089683,-0.11210865,-0.13179658,-0.12104674,-0.19708823,-0.10150491,-0.13739778,-0.090233676,-0.13894387,-0.10345591,-0.06699689,0.040037014,0.1343098,0.27094045,0.47277772,0.7446243,1.0877444,1.346567,1.5045731,1.5800635,1.3810064,1.1582699,0.79851156,0.53836197,0.30519834,0.0983862,0.08938445,-0.02307583,-0.03949264,-0.11342333,-0.114925966,-0.14648606,-0.08535017,-0.10631236,-0.08914939,-0.03554771,-0.010076145,0.016312525,-0.0059635295,0.062751964,0.10224729,0.20285966,0.23286888,0.22899722,0.3026291,0.29427183,0.3604434,0.3267276,0.3976676,0.3896757,0.42368218,0.37238407,0.30831543,0.31457454,0.2137283,0.19074288,0.19366713,0.08477915,0.11761549,0.062000036,0.075228505,0.025827112,0.063552715,0.050685935,0.09755155,0.06651956,0.058265377,0.09180689,0.0781498,0.14971949,0.17252189,0.24296848,0.15980901,0.17449565,0.16312033,0.17807753,0.16797745,0.13363805,0.1412033,0.059215058,0.073488675,0.024822684,-0.02672112,-0.06898703,-0.016494915,-0.13871688,-0.12414182,-0.16751839,-0.09587147,-0.119568564,-0.15575396,-0.10231954,-0.08623907,-0.080937065,-0.010816324,0.011713716
ECG_0032,0,normal,0.006471253,0.03235734,0.07845206,0.100976415,0.11965927,0.116458714,0.19741811,0.11858102,0.15883291,0.124982916,0.16929697,0.06570392,0.042820077,0.0053197,0.0130496705,-0.06744266,-0.06661416,-0.13721526,-0.078399256,-0.10476423,-0.1288704,-0.036284152,-0.083447345,0.012232387,0.005711684,0.11655989,0.13334666,0.12080789,0.15914145,0.2339346,0.22925778,0.24504375,0.2928856,0.22885288,0.24332665,0.25199562,0.2247517,0.16802314,0.13255799,0.054467626,0.038344692,0.042090945,-0.008747107,-0.037850104,-0.04138745,-0.13631536,-0.1303817,-0.13371547,-0.1693431,-0.10647143,-0.11561185,-0.119958,-0.05285432,-0.12072781,-0.03237167,0.043518193,0.10489365,0.29389423,0.47000232,0.80333894,1.1209339,1.3687047,1.4695574,1.5046469,1.4004174,1.1208045,0.73368907,0.5683036,0.31096232,0.12474263,0.07638297,-0.03934742,-0.08253875,-0.08011189,-0.05654948,-0.07177287,-0.111638784,-0.10178307,-0.07641603,-0.11400275,-0.025441933,-0.028669955,0.046242632,0.07679831,0.14740019,0.18457675,0.13555841,0.27607936,0.32755604,0.35247305,0.3589605,0.4256536,0.39114395,0.39146703,0.39777848,0.35782567,0.29406232,0.21688232,0.24134459,0.24244542,0.17307995,0.17356199,0.12319216,0.13124992,0.063332796,0.07218765,0.06600182,0.095154166,0.004341451,0.052565277,0.10678014,0.14559035,0.12567905,0.12875426,0.17753993,0.1949537,0.16767424,0.19243872,0.21580891,0.2284279,0.17880489,0.13656346,0.10699127,0.09444634,0.040433265,0.014356963,-0.05809651,-0.020627214,-0.12350049,-0.12716998,-0.13015202,-0.085282214,-0.16212058,-0.16615383,-0.15192796,-0.067930475,-0.17834035,-0.09552047,0.04837741,0.017761016
ECG_0033,0,normal,-0.033179257,0.03235739,0.067544065,0.119478546,0.17307152,0.14734574,0.13041148,0.17370616,0.12505625,0.10359001,0.06371328,0.045854546,0.03798462,-0.0009194511,0.012742816,-0.062233195,-0.14656828,-0.10396164,-0.099767685,-0.10792127,-0.038642958,-0.08725871,-0.017789634,-0.012245401,0.025473768,0.043451343,0.10909666,0.12809645,0.19175467,0.20868134,0.20879029,0.27988085,0.26752365,0.23787166,0.24495262,0.22084212,0.17445046,0.1749264,0.1225948,0.07828408,0.021349024,0.021781947,0.012398479,-0.0609377,0.003056204,-0.074125096,-0.084166385,-0.11551951,-0.092632346,-0.1730258,-0.21969157,-0.14204577,-0.089934714,-0.07121544,-0.023875704,0.072155386,0.14379203,0.3088402,0.4750129,0.7497604,1.1376222,1.3635616,1.5064445,1.5150089,1.3640025,1.0988998,0.7760147,0.48600605,0.30101252,0.1315271,0.079749085,-0.010228923,-0.053925656,-0.11315609,-0.11361148,-0.109650455,-0.10094425,-0.11847139,-0.06778728,-0.07605356,-0.02098097,-0.021343317,-0.01768936,0.091673106,0.15412365,0.19829406,0.24041492,0.26025498,0.28408906,0.35564706,0.37483153,0.3595618,0.4150855,0.35185087,0.34893802,0.39604062,0.3470603,0.27929217,0.26427963,0.22426084,0.101304434,0.122332424,0.11720492,0.08190959,0.079602376,0.09204367,0.041179195,0.018376468,0.06528612,0.056518827,0.07664275,0.09046025,0.18573202,0.07031425,0.14317636,0.16878194,0.15502982,0.20952427,0.20479082,0.17028148,0.14840652,0.1318806,0.10546993,0.075373255,0.038263477,0.016241228,-0.003763861,-0.09644674,-0.12081487,-0.16666216,-0.107087895,-0.13750212,-0.13428207,-0.1890583,-0.081855014,-0.13596292,-0.08892377,-0.039806783,-0.06317064,-0.016355176
ECG_0034,0,normal,0.005375445,0.11933912,0.07455417,0.14228562,0.15405665,0.14672948,0.11692925,0.18188623,0.10106052,0.1826164,0.12251071,0.01330169,0.054662794,0.054032676,-0.0037649968,-0.0048009655,-0.07775903,-0.11182375,-0.087755255,-0.08881082,-0.09468023,-0.0320337,-0.06972356,-0.0022809547,0.028782008,0.021811273,0.071289234,0.15140666,0.24608994,0.23314694,0.18536007,0.15680937,0.27671003,0.24842714,0.2748258,0.19693527,0.21098456,0.19819671,0.12780125,0.093849525,0.070789926,0.04882046,-0.0050406614,-0.010878027,-0.086423114,-0.14054753,-0.063987024,-0.15751581,-0.16527157,-0.15138984,-0.14085402,-0.14026251,-0.10720429,-0.07695382,-0.026895303,-0.03819654,0.18875659,0.28045416,0.5206185,0.7412792,1.0750688,1.3403652,1.5692331,1.5160763,1.4062185,1.100656,0.80093056,0.52365214,0.34537798,0.092619285,0.0070643984,-0.07744037,-0.09451025,-0.11521047,-0.15841506,-0.14250492,-0.18287157,-0.1461943,-0.06414838,-0.0641856,-0.03914235,-0.03673111,-0.009394258,0.049447656,0.13106763,0.20707895,0.25482035,0.28963095,0.28616476,0.33983168,0.35239783,0.37035307,0.4429166,0.32547683,0.3594034,0.38330033,0.2770261,0.27072,0.23978706,0.21291837,0.13579413,0.16738522,0.13871893,0.107859194,0.046078086,0.060754526,0.023842063,0.040128212,0.120144606,0.069188386,0.045698863,0.10462352,0.077923015,0.10156506,0.12359268,0.15556332,0.20657316,0.19988143,0.19608295,0.1387464,0.14028731,0.14339933,0.089763924,0.06937345,0.05714421,-0.0017954322,-0.019578435,-0.011757076,-0.09445071,-0.07882649,-0.11629871,-0.18902908,-0.1825042,-0.17118123,-0.1610485,-0.120406084,-0.07553062,-0.02778357,-0.024315998,-0.013335832
ECG_0035,0,normal,-0.062466945,0.03573262,0.06629353,0.09958265,0.18107368,0.17290708,0.17015694,0.1212313,0.13061398,0.1317448,0.09324834,0.10782233,0.07558524,0.0017650081,0.03925022,-0.02318183,-0.10413043,-0.07418457,-0.0771757,-0.060574014,-0.09435299,-0.044014286,-0.03860308,-0.05112756,-0.015712094,0.10218955,0.14673966,0.1607366,0.23152514,0.24746713,0.25763798,0.22278468,0.30666128,0.2674026,0.22901267,0.2033087,0.2081817,0.12267974,0.16221535,0.07802497,0.081150286,0.016891558,-0.012543202,-0.06280521,-0.07740194,-0.044014283,-0.0817445,-0.12874243,-0.14897713,-0.1240897,-0.108970344,-0.15355656,-0.10900444,-0.1304197,0.0015531804,0.09447881,0.13473278,0.22112249,0.5214665,0.75549954,1.0692984,1.379332,1.532778,1.5190074,1.363988,1.1239437,0.8022252,0.49774155,0.29688573,0.15950264,0.0411912,-0.06142648,-0.03221325,-0.17302682,-0.123371586,-0.13908644,-0.11798476,-0.09880478,-0.06635805,-0.097665384,-0.027168913,-0.0007731998,-0.01465789,0.14063855,0.08920068,0.19361857,0.23944812,0.2789817,0.29345414,0.36391276,0.31522706,0.3744139,0.36488652,0.3580179,0.37930614,0.37927222,0.31070516,0.31345287,0.25715044,0.19283509,0.17593428,0.14054206,0.09783052,0.105462424,0.079228684,0.010439711,0.0012794894,0.062846646,0.031081978,0.07537876,0.10475261,0.061084878,0.07613078,0.18776833,0.1653735,0.15631539,0.15044588,0.16721627,0.14467593,0.1982165,0.1332242,0.16804533,0.09659466,0.046423938,0.031114403,-0.07005726,-0.02998328,-0.064642504,-0.064552665,-0.17079577,-0.09822383,-0.12039384,-0.11187878,-0.147755,-0.10498655,-0.16183472,-0.07257851,-0.08857321,-0.08310331,-0.03368966
ECG_0036,0,normal,0.00016622568,0.0088859545,0.07680263,0.03984766,0.05407354,0.17686081,0.17371912,0.11861471,0.14591384,0.16517535,0.12908657,0.09725509,0.097732596,0.012492868,0.004281073,-0.0267866,-0.060441162,-0.08433845,-0.08342585,-0.08872556,-0.11568153,-0.044798557,-0.073508896,-0.018222926,0.017884495,0.07925586,0.04728702,0.17777662,0.16634423,0.25236773,0.22278418,0.24865872,0.312132,0.2429934,0.27775332,0.22452815,0.21294074,0.17491028,0.16666071,0.08606614,0.040510587,0.013382882,-0.0016193299,-0.04672248,-0.05125681,-0.061553717,-0.15257144,-0.16139525,-0.19130547,-0.08850455,-0.13372937,-0.11426793,-0.14688753,-0.07579605,-0.016862443,0.024945352,0.16460148,0.35422772,0.47478792,0.75195956,1.0628662,1.4087206,1.556412,1.5295849,1.384573,1.0956724,0.84120995,0.5196216,0.29906034,0.16757856,0.040894456,-0.026070202,-0.06156793,-0.06700181,-0.06058584,-0.1029159,-0.0983307,-0.121650256,-0.12139493,-0.05667365,-0.039629158,-0.04932661,0.026846202,0.08113543,0.1170502,0.22548571,0.2421445,0.31190783,0.3161942,0.34153682,0.33394015,0.37674665,0.38219437,0.33732343,0.3502579,0.3372494,0.33340722,0.30387294,0.23821867,0.23368315,0.17821048,0.06343804,0.104189254,0.124977596,0.021735122,0.061539937,0.09838311,0.027287723,0.055605043,0.027197039,0.1301416,0.09671348,0.1198757,0.1781644,0.17467073,0.14262375,0.15904576,0.19737743,0.16166946,0.10819683,0.1549295,0.09083291,0.15710197,0.08302807,0.0167482,-0.012291225,-0.08304215,-0.092522785,-0.05880525,-0.04725304,-0.11128792,-0.1477731,-0.16239887,-0.17486823,-0.07361048,-0.12335985,-0.030501043,-0.023632739,-0.08578514,-0.019944018
ECG_0037,0,normal,-0.020071061,0.03121954,0.063711,0.18398196,0.08556963,0.14255829,0.16510035,0.15004645,0.14930925,0.10324587,0.11970513,0.10815036,0.074705996,0.05152027,0.045723956,0.0018578566,-0.050119463,-0.107797034,-0.10361206,-0.09634672,-0.07665832,-0.083202414,-0.07228933,-0.047321882,-0.022792423,0.06146423,0.06677017,0.121033564,0.17483687,0.17569132,0.24852169,0.2723307,0.23823562,0.23820272,0.25671074,0.20193695,0.17699616,0.20870647,0.16775079,0.12467859,0.09780138,-0.026778195,0.036004424,-0.028336054,-0.042241614,-0.08908082,-0.12182854,-0.14763607,-0.13720396,-0.15876818,-0.11683317,-0.1762557,-0.12292855,-0.014416254,-0.050922297,0.025367571,0.10585287,0.29494816,0.48111185,0.7770539,1.1146649,1.3395717,1.5487998,1.5583177,1.4151249,1.1243849,0.9117469,0.5626547,0.31660897,0.12303714,0.04362253,0.023768587,-0.0105991475,-0.0465126,-0.086424865,-0.1581503,-0.10781527,-0.1528967,-0.14478514,-0.06911848,-0.0290704,0.020453561,0.05160238,0.09956992,0.10282436,0.17788434,0.18253581,0.21061152,0.33051074,0.31650147,0.38821304,0.40963918,0.36322325,0.39604616,0.34660903,0.2915715,0.3247021,0.2759062,0.24245554,0.27887735,0.13789713,0.16101278,0.0888861,0.11985578,0.08114223,0.06953953,0.02247858,0.027138475,0.08335809,0.11944146,0.095733896,0.07229084,0.12864505,0.21035954,0.15789907,0.21274784,0.1562542,0.18126692,0.19898005,0.18363398,0.13353507,0.11095377,0.13826206,0.113470964,0.08926776,0.06278566,-0.02232164,-0.06887491,-0.04876522,-0.09281454,-0.16255347,-0.17602089,-0.1346822,-0.1514916,-0.13619636,-0.085521385,-0.07119882,-0.025542127,-0.09150733,0.007636492
ECG_0038,0,normal,0.020840947,-0.0121826455,0.045873556,0.06888023,0.11853741,0.1845248,0.2072828,0.125665,0.16180055,0.15135407,0.12813932,0.10477778,0.07399025,0.085041344,0.036419716,-0.058055755,-0.02838667,-0.04587308,-0.076162875,-0.055815056,-0.07858648,-0.062838405,-0.04058012,-0.072223246,0.024330957,0.048465233,0.0752667,0.19406988,0.20178016,0.21487391,0.22018503,0.25900912,0.2844615,0.22650458,0.24044298,0.2493988,0.14239815,0.17108442,0.12834641,0.1026172,0.054983187,0.036668904,0.053098176,-0.04981559,-0.06381372,-0.040853277,-0.13979675,-0.08493654,-0.14805861,-0.09595885,-0.12036342,-0.11944875,-0.10865019,-0.09448219,-0.029866137,0.059448928,0.13193695,0.2753741,0.4956763,0.8123965,1.1259537,1.3405201,1.5050837,1.5450315,1.4293021,1.1545483,0.7769536,0.5230964,0.27894452,0.14128949,0.09466661,-0.06169924,-0.11045115,-0.115719095,-0.10136131,-0.10185784,-0.10930667,-0.080384076,-0.15305357,-0.04064314,-0.054129243,0.015297078,-0.0030144718,0.08377104,0.13945206,0.21570617,0.18019168,0.27163517,0.2757344,0.3542601,0.38535458,0.41500387,0.3657519,0.40615362,0.40727076,0.29765046,0.3393732,0.31878778,0.24789642,0.18329386,0.21196152,0.11354138,0.11337978,0.091404215,0.09365544,0.039360255,0.03028776,0.053073578,0.08573228,0.13494103,0.036100224,0.10867372,0.085880846,0.16809972,0.12667003,0.14865316,0.16078596,0.18024352,0.19008902,0.18622518,0.15635371,0.09534256,0.1304471,0.07613568,0.07875549,-0.012564415,-0.07442846,-0.06055971,-0.050416365,-0.10937836,-0.13906991,-0.17112224,-0.0967071,-0.17706144,-0.15716529,-0.10059636,-0.14965056,-0.027200604,-0.014835456,0.027011488
ECG_0039,0,normal,0.016743802,0.028781226,0.033625964,0.08989252,0.08862937,0.15027384,0.17080851,0.19439788,0.15715685,0.1623274,0.10759621,0.07846008,0.07908813,0.022820055,0.011421293,-0.058086906,-0.07870713,-0.053582,-0.059011195,-0.11932747,-0.06411027,-0.0848345,-0.043722183,0.03083241,0.050967526,0.09238891,0.16812386,0.12993295,0.15707768,0.19410518,0.2294941,0.17948751,0.24849558,0.23497643,0.2641006,0.23392938,0.18245728,0.19051033,0.16292305,0.08357572,0.055241317,-0.03422073,-0.03733044,-0.062372003,-0.070340075,-0.12905715,-0.13869984,-0.17613672,-0.14308488,-0.1366443,-0.13079849,-0.12829116,-0.15291347,-0.09435956,-0.044359084,0.020429224,0.13457973,0.32763904,0.5275627,0.7529967,1.109551,1.3797437,1.5009594,1.5591167,1.3786649,1.07787,0.82816523,0.5375275,0.30003232,0.14819127,0.02496174,-0.00071730715,-0.0631887,-0.08586901,-0.09926637,-0.15511806,-0.14925861,-0.18195297,-0.08321873,-0.11265954,-0.04078929,0.0044818954,0.054758877,0.047501832,0.13040909,0.23114206,0.27917877,0.30033228,0.31841624,0.308942,0.38359675,0.37164813,0.3986186,0.35935152,0.36125574,0.3518723,0.3283912,0.3048441,0.23828237,0.17931853,0.23241639,0.22420427,0.13215294,0.05288817,0.048993442,0.07343273,0.09105874,0.013719393,0.051810585,0.072195485,0.107262015,0.08890543,0.071562454,0.1561713,0.18857026,0.16641487,0.19062129,0.16829476,0.15501991,0.2025069,0.1681516,0.14995036,0.15367699,0.046079174,0.027342662,0.013405749,-0.04328962,-0.036044832,-0.094916925,-0.1439826,-0.13110666,-0.13990165,-0.12139963,-0.13437913,-0.12156906,-0.10808864,-0.09961662,-0.086924896,-0.0248961,-0.009959188
ECG_0040,0,normal,0.05069497,0.0738804,0.0845056,0.1054488,0.1152477,0.09785548,0.14011995,0.15313563,0.15288752,0.14867623,0.14415045,0.07204378,0.04438571,0.07793994,0.026475167,-0.03797427,-0.055474635,-0.075725704,-0.08466467,-0.0755773,-0.008178918,-0.063159734,-0.024339393,-0.062270224,0.012195909,0.105377205,0.1229296,0.019375894,0.20687462,0.27331376,0.17725189,0.29570565,0.17155977,0.27945352,0.24032837,0.15285766,0.21386231,0.20733671,0.15214176,0.12417692,0.05768176,-0.023301525,0.01614528,0.0123947,-0.038677633,-0.16033195,-0.16874312,-0.16475582,-0.19600756,-0.14809005,-0.13106698,-0.1715696,-0.08336742,-0.057727832,-0.048584655,0.027352422,0.07383627,0.27490494,0.50342137,0.7876846,1.1005652,1.3678619,1.5172111,1.5422366,1.4135371,1.1173037,0.82403696,0.52543354,0.28745988,0.16500126,0.029877527,-0.007436815,-0.061037526,-0.09998051,-0.119824916,-0.13572411,-0.17180416,-0.10416778,-0.093214594,-0.05080313,-0.06071009,0.050213758,0.025296213,0.05736905,0.10255339,0.12901597,0.27372816,0.31184462,0.3263138,0.31221253,0.4163761,0.3658372,0.373732,0.4214546,0.38621104,0.41298094,0.3284645,0.2781215,0.23730406,0.16420718,0.17531498,0.18386444,0.13669534,0.09321717,0.042341262,0.06496539,0.08120968,0.06302769,0.060542624,0.042408798,0.10734011,0.0052563176,0.12996227,0.21464504,0.109575175,0.16165152,0.17822675,0.16865201,0.21148431,0.18588766,0.16109574,0.15915747,0.10911605,0.17312038,0.048443858,0.014526211,-0.07767426,-0.07584244,-0.054873616,-0.15427032,-0.19780654,-0.14404236,-0.108317755,-0.14490192,-0.14548719,-0.17345203,-0.080402315,-0.04560007,-0.08701322,0.03407053
ECG_0041,0,normal,0.022971157,0.06758441,0.08302618,0.11370527,0.13350809,0.16174336,0.09204239,0.10506184,0.12392359,0.13069554,0.12815467,0.102548845,0.09839115,0.0688691,-0.022825833,-0.019093856,-0.07769325,-0.07829169,-0.075958155,-0.19201915,-0.011891378,-0.051860172,-0.062088437,0.04614517,0.016319973,0.07248833,0.09624667,0.20060909,0.18350439,0.22025336,0.2732426,0.2676782,0.253088,0.28462526,0.31674233,0.23287912,0.20398098,0.17793033,0.18053804,0.08865616,0.061682515,-0.013583121,-0.040126678,-0.055631917,-0.074243166,-0.04762317,-0.10721651,-0.16673915,-0.17005771,-0.10817328,-0.10907114,-0.1278175,-0.11995707,-0.042012967,-0.061939698,0.044288993,0.20051007,0.29103348,0.4799315,0.79493326,1.0750986,1.3187112,1.5461725,1.5671858,1.374149,1.1088516,0.7856622,0.5265206,0.2899916,0.11898389,0.10329937,-0.005026438,-0.044713333,-0.064360484,-0.08684955,-0.13287379,-0.11425355,-0.12372555,-0.08700709,-0.066042505,-0.05624619,-0.04652671,0.0410754,0.077494256,0.07565276,0.19626349,0.25670958,0.34656328,0.29655552,0.32293385,0.32875547,0.38264802,0.3878723,0.35399795,0.36119583,0.28758788,0.34879413,0.26691204,0.25461853,0.17681627,0.16620223,0.14113891,0.11839159,0.10699991,0.11536155,0.08014053,0.0796902,0.09348924,0.072631806,0.06521631,0.111598015,0.13140374,0.13793387,0.09389655,0.12958257,0.16064699,0.20185272,0.1818891,0.21449915,0.21117122,0.19250184,0.17140551,0.07750371,0.092203505,0.025677579,-0.04080424,-0.034984358,-0.01979682,-0.07547269,-0.05367234,-0.12776291,-0.071577735,-0.14411445,-0.14549895,-0.17378515,-0.08438051,-0.10903369,-0.08484975,0.004875667,0.034781236
ECG_0042,0,normal,0.033961833,0.022749197,0.06399115,0.092299156,0.14136201,0.18229613,0.15764952,0.20934035,0.17291966,0.12754616,0.14137189,0.1439866,0.12482665,0.07002098,0.004115953,-0.032751936,-0.034976214,-0.022425048,-0.07259882,-0.07612183,-0.08268677,-0.078689165,-0.049081374,-0.0076131434,0.07828591,0.061321337,0.1124385,0.125088,0.20815286,0.2567692,0.28586406,0.25622496,0.27194905,0.24670704,0.2564284,0.23277576,0.20222612,0.17694412,0.15478283,0.09780752,0.06275714,0.08376103,0.07670576,-0.076228924,-0.11034919,-0.12941025,-0.12639494,-0.11250338,-0.1304807,-0.1442548,-0.12700139,-0.14942458,-0.114004955,-0.07636379,-0.079666376,-0.0023112234,0.09868332,0.30779603,0.51056045,0.80095404,1.0340092,1.3160276,1.5450379,1.4502907,1.420215,1.0654691,0.8398095,0.50436115,0.33832973,0.24555969,-0.021661025,0.0018400921,-0.11613007,-0.078059405,-0.116183795,-0.11658702,-0.14978072,-0.092238404,-0.14361173,-0.039044116,-0.05704389,-0.048728473,0.084536396,0.08160206,0.18959302,0.21767433,0.20380495,0.2681629,0.31192258,0.3848843,0.3751636,0.38167754,0.3758064,0.37682012,0.40558147,0.347059,0.30915293,0.27309722,0.23904526,0.17755419,0.16116159,0.19447926,0.11253234,0.11374029,-0.0021733996,0.07520854,0.04598469,0.03566291,0.060969368,0.05144277,0.017608412,0.1268809,0.12576742,0.1281171,0.12584081,0.12479688,0.18518087,0.23093273,0.18648809,0.13023128,0.16328023,0.13363901,0.13453484,0.095926434,-0.045671225,0.025025014,-0.056464605,-0.10219079,-0.09494915,-0.10187749,-0.18230185,-0.12387453,-0.12653993,-0.14476407,-0.16143216,-0.14707872,-0.06319197,-0.110775,-0.0016271361,-0.00492142
ECG_0043,0,normal,-0.0028747434,-0.017627701,0.061118927,0.11250235,0.077794164,0.15064827,0.14927548,0.13078095,0.17164402,0.06852243,0.12691097,0.14139146,0.10807627,0.046108443,-0.0057047037,-0.045325216,-0.061346076,-0.056330066,-0.10982921,-0.06703507,-0.020233884,-0.07070893,-0.08454918,-0.052018266,0.050039876,0.06672037,0.13716507,0.1350403,0.21157263,0.21101986,0.215154,0.23809406,0.2188068,0.31099433,0.23769638,0.24269223,0.1843721,0.14125368,0.13420874,0.13966787,0.05441009,0.006424208,5.3286112e-05,-0.02512724,-0.023279611,-0.09008315,-0.10397651,-0.11779854,-0.18280876,-0.1783157,-0.17538634,-0.16862637,-0.08281748,-0.06705945,-0.029755002,-0.04525341,0.19399461,0.25804463,0.5647542,0.739145,1.0648268,1.2944492,1.5360051,1.5006131,1.3512862,1.0789932,0.83782977,0.55236256,0.36122364,0.12874366,0.053098887,-0.05770128,-0.071936354,-0.10642783,-0.09604713,-0.089969836,-0.09269813,-0.140939,-0.070206955,-0.07761579,-0.05450429,-0.027903097,0.019890217,0.13589175,0.14158626,0.186272,0.21988192,0.34409195,0.34744176,0.31746334,0.35382965,0.3699614,0.38617894,0.35730004,0.3796082,0.3905105,0.281594,0.25618804,0.24116346,0.2065132,0.24362682,0.17957792,0.14705999,0.084676966,0.06359989,0.0146080395,0.074277475,0.06483775,0.09412049,0.059992634,0.07707129,0.10431483,0.14523382,0.09342891,0.17690806,0.16827774,0.14670497,0.119991325,0.17629889,0.21514551,0.20676728,0.14590058,0.1674737,0.07643621,0.07250255,-0.0048691784,-0.04179819,-0.079864204,-0.15111081,-0.07559385,-0.15232879,-0.16905499,-0.18483925,-0.15230414,-0.082498685,-0.054884024,-0.14379594,-0.07607176,-0.06459198,0.029684687
ECG_0044,0,normal,0.008598098,0.014517851,0.06769762,0.07977223,0.16631384,0.15209797,0.16669983,0.07008609,0.14400017,0.19708647,0.15629442,0.03739571,0.0554752,-0.001631342,0.054678768,-0.01892279,-0.07529217,-0.07161954,-0.16383286,-0.12230662,-0.08313539,-0.043482173,-0.10245676,-0.023110582,0.05703348,0.024969151,0.117735624,0.15302856,0.23808534,0.20886475,0.23198111,0.2757728,0.21492797,0.24468705,0.22691607,0.21918945,0.22593038,0.18943636,0.11876469,0.11073306,0.11474529,0.0075991964,-0.0002556378,-0.045892738,-0.07445521,-0.14961539,-0.0809734,-0.16260736,-0.11743614,-0.16805704,-0.1616346,-0.0922683,-0.076864734,-0.069500975,-0.009305366,0.0238715,0.13207927,0.26502407,0.5303217,0.7618198,1.1337535,1.3510596,1.5257566,1.5564126,1.3841921,1.1112313,0.8136084,0.5578332,0.28697705,0.14552777,0.046842907,0.0069163335,-0.06488055,-0.036613498,-0.11467679,-0.127611,-0.12756109,-0.15515387,-0.1312628,-0.09221324,-0.010691488,-0.0076415334,0.022148965,0.120418385,0.17889924,0.21869512,0.20215662,0.25585514,0.36270353,0.3463294,0.35400927,0.3979392,0.41202173,0.36119336,0.3730269,0.37474465,0.28619424,0.2904028,0.22222653,0.19010966,0.16677985,0.16384023,0.10906964,0.07315539,0.07373593,0.02375032,0.063689366,0.08404771,0.05316445,0.060238056,0.09252787,0.03835938,0.13458142,0.23059195,0.15114608,0.16531886,0.2007723,0.23188947,0.20964213,0.107045926,0.1734287,0.2123972,0.12728676,0.043086383,0.05235834,-0.02975287,0.010623888,-0.08821541,-0.08706764,-0.13994002,-0.14947326,-0.1004273,-0.14633638,-0.16294943,-0.16976029,-0.17384844,-0.13150835,-0.062079545,-0.004154237,-0.01677599
ECG_0045,0,normal,0.0471166,0.012089918,0.058380075,0.061707485,0.14760932,0.19861451,0.09375061,0.13970876,0.18394722,0.09118177,0.13351107,0.12945256,0.06722484,0.050922133,0.056172792,0.032201655,-0.05411732,-0.08861562,-0.1132113,-0.060448863,-0.12538196,-0.07642966,-0.041136645,-0.026765998,0.035137516,0.14544815,0.10721218,0.13798717,0.21711388,0.22295634,0.2803092,0.25506464,0.24726573,0.1978018,0.19199578,0.16828585,0.21185835,0.13194403,0.17889248,0.10753949,0.06270643,0.007224515,0.014057121,-0.06423285,-0.1021264,-0.06504517,-0.11265765,-0.14642468,-0.1289753,-0.14914778,-0.13137905,-0.15316744,-0.044569314,-0.09314955,0.014540607,0.026862018,0.15654321,0.30689952,0.53760535,0.7574035,1.121468,1.4159279,1.5173806,1.5346919,1.3677728,1.1097755,0.8658518,0.5008916,0.27859905,0.1976419,0.06527076,0.044589885,-0.07539835,-0.08707404,-0.12980095,-0.116181456,-0.17565303,-0.095106,-0.09045678,-0.07801987,-0.056477312,-0.03349037,0.05851968,0.048489638,0.14772081,0.24326718,0.27231497,0.22555876,0.2921893,0.35173872,0.35992965,0.33440658,0.39336225,0.37803632,0.42387348,0.339351,0.35604295,0.2520198,0.22481793,0.24126692,0.21618477,0.12080486,0.11945264,0.05116056,0.0667527,0.083266884,0.037776515,0.042635072,0.021646708,0.046866775,0.13406798,0.10140121,0.08840766,0.12809221,0.106903546,0.13846782,0.21927428,0.17825502,0.237115,0.1688537,0.15544738,0.15446612,0.0284359,0.083872624,0.042433854,0.053248916,0.0025801589,-0.09354968,-0.05203079,-0.12207606,-0.16021341,-0.13909872,-0.15552317,-0.100019395,-0.12518479,-0.11152762,-0.06695052,-0.032652177,-0.010053097,0.042618457
ECG_0046,0,normal,0.018260764,0.038644474,0.10269559,0.0913679,0.11888386,0.18733649,0.19526285,0.14984834,0.13239728,0.17848535,0.1405231,0.10227583,0.055221796,0.044365138,0.0026944655,-0.046181284,-0.048387032,-0.06468156,-0.096873745,-0.062643014,-0.045563728,-0.039755505,-0.05250479,0.010998722,0.02908175,0.031440374,0.13104202,0.15543328,0.26446038,0.25948697,0.25846362,0.25759915,0.25963008,0.22120287,0.18841821,0.19718003,0.19904667,0.10964534,0.124895506,0.0992037,0.06356925,0.012688459,-0.014856055,0.011618897,-0.0527007,-0.11750469,-0.12534672,-0.1402262,-0.17125696,-0.17248964,-0.11255373,-0.14125553,-0.13952217,-0.07705516,-0.02859959,-0.026653044,0.13110791,0.3109122,0.5167367,0.84951603,1.1267321,1.4040027,1.609144,1.5563954,1.3883682,1.1493808,0.79773206,0.53424925,0.2874308,0.1612544,0.026977032,-0.039629076,-0.049480986,-0.094993815,-0.16780627,-0.1641472,-0.15684812,-0.14214379,-0.0877283,-0.06972507,-0.0128080025,0.015936304,0.06884538,0.101874225,0.1386543,0.21401419,0.2553317,0.28199545,0.3464236,0.26872155,0.3533242,0.36721504,0.41638327,0.4254787,0.32293832,0.38928288,0.2858595,0.255796,0.24862964,0.21007088,0.13692033,0.16902298,0.13911238,0.124229185,0.059185635,0.05697172,0.049912453,0.100745976,-0.029486774,0.037609197,0.08149088,0.06664635,0.11072728,0.1337531,0.13509579,0.17082667,0.19730857,0.1754415,0.16679725,0.16674118,0.15630364,0.08302971,0.12246014,0.0641944,0.0817495,0.026399352,0.008741769,-0.089869045,-0.100436546,-0.15148038,-0.15423556,-0.10744866,-0.10481538,-0.18061735,-0.14915179,-0.119983256,-0.07640177,-0.11823263,-0.081651255,0.014723339
ECG_0047,0,normal,-0.058470864,0.02021101,0.07038318,0.10656477,0.11363492,0.12471648,0.17194225,0.1586498,0.12659332,0.13572182,0.12800562,0.14435552,0.08846769,0.070850946,-0.014972502,-0.041976627,-0.0593197,-0.07695146,-0.11585265,-0.051779777,-0.05772815,-0.07802277,-0.024966018,-0.004988948,0.04833775,0.028183538,0.10649031,0.14930817,0.2053632,0.19691572,0.1621312,0.21767303,0.25288698,0.25323007,0.29110026,0.2408392,0.20292409,0.17183977,0.17435066,0.088928774,0.06582353,-0.00013757631,0.03795654,-0.02832295,-0.093790755,-0.10412932,-0.10800677,-0.14689836,-0.16425242,-0.16904396,-0.13270059,-0.13940363,-0.120294005,-0.115842804,-0.029810665,0.02709138,0.12268085,0.29083592,0.52563983,0.80366915,1.1057807,1.3533145,1.5081314,1.5023333,1.3656815,1.1207582,0.79092056,0.5339004,0.27789894,0.099485114,0.07111649,-0.03325366,-0.0869962,-0.12367789,-0.097289555,-0.07923326,-0.13452235,-0.122121535,-0.068012044,-0.1306066,0.014239676,0.06667526,-0.044501834,0.08069724,0.11079552,0.17309049,0.21519777,0.29506537,0.30491436,0.31176797,0.35687253,0.3918323,0.34629112,0.3289498,0.426226,0.32767507,0.31688225,0.27809858,0.27210084,0.27280077,0.20107086,0.10397569,0.07720661,0.08063899,0.0641423,0.0065006632,0.07540549,0.017516496,0.100339614,0.120936505,0.07387705,0.11238264,0.08151848,0.15624566,0.1398806,0.13627554,0.16978404,0.16855705,0.17063831,0.20020452,0.1329675,0.18728998,0.06886174,0.12618735,0.013408132,0.008637351,-0.041066106,-0.06985079,-0.065254234,-0.06921182,-0.097364075,-0.15715751,-0.14391243,-0.1696357,-0.16514996,-0.15208642,-0.107097134,-0.057950154,-0.0909157,-0.0013560563
ECG_0048,0,normal,0.045481045,0.06727226,0.047964904,0.0521886,0.13168137,0.06616634,0.17990974,0.143686,0.20094284,0.08278117,0.14405493,0.08979313,0.05494646,-0.006681062,0.021218156,-0.005967018,0.0012955333,-0.042402774,-0.10342876,-0.119873665,-0.12528345,-0.024655703,-0.067562565,0.032730974,0.042495072,0.078409836,0.10165409,0.17086951,0.18618982,0.20469244,0.25800925,0.24580486,0.23076838,0.26930836,0.23866826,0.2380241,0.18686238,0.13653788,0.19327737,0.15303043,0.09654559,0.020905847,-0.01362018,0.001371906,-0.08317996,-0.11967235,-0.06712925,-0.14080712,-0.095165536,-0.19136749,-0.12732391,-0.06652952,-0.10578875,-0.083681084,-0.06717244,0.06499837,0.10922646,0.28202856,0.46616474,0.829329,1.1238455,1.3595871,1.4905169,1.579728,1.3724983,1.0870125,0.7616456,0.5116397,0.2632235,0.13063024,0.068866566,-0.030283228,-0.051214386,-0.112562515,-0.10802556,-0.06285346,-0.13288471,-0.10412175,-0.14712681,-0.030690052,-0.059082583,0.024868257,0.03299288,0.10196972,0.15249431,0.16746043,0.2605065,0.24794304,0.33162948,0.32738903,0.37252483,0.36252898,0.38330203,0.346096,0.37387043,0.3482735,0.30479825,0.2883816,0.25967833,0.20112635,0.17981009,0.11936008,0.1891023,0.1243815,0.080382116,0.09332259,-0.008552305,-0.026624281,0.04356184,0.024960602,0.07422649,0.10538316,0.14608933,0.10338746,0.1668153,0.1693243,0.18888937,0.16693634,0.22188714,0.16860887,0.2097522,0.11152764,0.13089834,0.07593439,0.034071177,0.027637208,-0.03533543,-0.13939789,-0.181181,-0.07603396,-0.096172065,-0.088391595,-0.14996594,-0.1849524,-0.14799097,-0.117354654,-0.124181084,-0.015981082,0.033623837,0.014382976
ECG_0049,0,normal,-0.00032562087,-0.005234079,0.11191344,0.09638399,0.109211534,0.15012442,0.12903377,0.15449987,0.10272982,0.16720276,0.11337822,0.12757242,0.05884389,0.030328251,-0.033023804,-0.0034584305,-0.0785335,-0.087236956,-0.08558048,-0.08612106,-0.1354116,-0.07577661,-0.02036043,-0.023026064,0.020000957,0.07338493,0.107081324,0.12013387,0.18556355,0.24559103,0.20559384,0.23888956,0.21326949,0.279555,0.23781708,0.19785081,0.20324615,0.1367035,0.11022029,0.06282809,0.038028665,0.07326029,-0.02660419,-0.026111163,-0.0976541,-0.077909656,-0.15407875,-0.13819996,-0.14663276,-0.07958158,-0.123956695,-0.14644912,-0.08612981,-0.011615717,-0.08102897,0.0072536212,0.12522337,0.27236015,0.49321708,0.7434952,1.1313176,1.3178564,1.519135,1.5650257,1.3825706,1.0907868,0.77404886,0.52411866,0.28415173,0.1554718,0.0044907704,0.00536985,-0.058418702,-0.08516738,-0.06674833,-0.13361435,-0.14420463,-0.13208754,-0.105936795,-0.079022184,-0.069687314,-0.06734031,0.01986042,0.09441711,0.13645168,0.21702027,0.2864139,0.29349262,0.34976706,0.36209843,0.41333508,0.43191436,0.41033772,0.39952824,0.36028674,0.34570774,0.31086773,0.30866998,0.23404777,0.21388388,0.11301775,0.20121934,0.112116076,0.10627535,0.1159229,0.067168005,0.09415558,0.012853977,0.12746187,0.09893083,0.08760074,0.14196584,0.08341785,0.12887692,0.19815388,0.1128808,0.19527782,0.19849478,0.23946987,0.12422547,0.20481567,0.11845517,0.09520324,0.04106431,0.011267889,0.020773418,-0.05973018,-0.0373304,-0.10918393,-0.15059763,-0.1489141,-0.1349106,-0.1577607,-0.14514706,-0.114517234,-0.08522475,-0.103272796,-0.09676498,-0.031278417,0.014154042
ECG_0050,0,normal,-0.04382147,0.0068966816,0.04394482,0.08786012,0.095055446,0.1569004,0.09845112,0.10270206,0.13598716,0.12932055,0.07287123,0.074605934,0.052846663,0.022615304,0.007902164,-0.046098508,-0.007923212,-0.057998143,-0.109825306,-0.086922444,-0.08050824,-0.03241079,-0.06222881,0.011344238,0.027998542,0.11325975,0.14958689,0.15695871,0.17878546,0.23096702,0.23171562,0.30053324,0.25707254,0.23914427,0.22679938,0.18696573,0.21717495,0.14821118,0.1741696,0.06784404,0.07384928,0.06704688,-0.06917805,0.020450048,-0.08532361,-0.09646281,-0.10615281,-0.11759292,-0.14000177,-0.11949421,-0.12729733,-0.07583556,-0.09101145,-0.016821885,-0.005107518,-0.02164442,0.21066338,0.26764247,0.54806614,0.783426,1.1210316,1.3398802,1.5439137,1.526055,1.4308462,1.1333287,0.8425874,0.46609634,0.30429545,0.16163142,0.05324275,0.009813494,-0.07286231,-0.08939886,-0.074543834,-0.18884116,-0.10474961,-0.12567118,-0.12753054,-0.06619691,-0.007942844,0.024526564,0.0326349,0.109894566,0.15840597,0.1784125,0.20695691,0.25165558,0.33342704,0.33783078,0.33065262,0.3258429,0.4067577,0.36193347,0.37635535,0.38413906,0.2817351,0.28867832,0.2505374,0.23100935,0.22084765,0.10964309,0.13582425,0.12355365,0.06659798,0.05403579,0.06337875,0.060450625,0.073011145,0.083155945,0.051865492,0.12892146,0.1534804,0.14311786,0.11000172,0.16545025,0.18429627,0.14819148,0.16958895,0.12943305,0.1747455,0.14021796,0.059240032,0.088268384,0.042208184,0.024160177,-0.038106196,-0.08358331,-0.11242028,-0.13035172,-0.13251506,-0.14057307,-0.1551617,-0.15887295,-0.14594555,-0.042465646,-0.11709169,-0.08217748,0.065254375,0.012664954
ECG_0051,0,normal,-0.04139913,0.058895547,0.038219262,0.121366635,0.111557595,0.122495316,0.19488007,0.16708566,0.1751935,0.14763772,0.10317721,0.11114903,0.10115444,0.038456384,0.057394996,-0.00073652354,-0.045898825,-0.06509969,-0.081494786,-0.12729494,-0.08693086,-0.06221684,-0.05669989,-0.0015456124,0.027382134,0.09172351,0.13075352,0.15606393,0.14563754,0.2694905,0.2328724,0.24769743,0.2444428,0.2366612,0.28690958,0.26493815,0.21380998,0.16958651,0.1597987,0.108846,0.064325355,0.042683344,-0.017845374,-0.03252999,-0.06643843,-0.08260759,-0.1418704,-0.1180727,-0.17540765,-0.16659275,-0.1587372,-0.16082355,-0.07621141,-0.10483252,-0.053107373,0.07019031,0.11521282,0.2792285,0.4728389,0.80761075,1.114601,1.3827031,1.5412673,1.5358584,1.3677449,1.0957196,0.8532063,0.55396277,0.2860635,0.15050982,0.03753085,-0.052867543,-0.056555644,-0.10332725,-0.13855673,-0.16485447,-0.16934423,-0.12679742,-0.102713846,-0.10255226,-0.0252442,-0.008614148,0.05399485,0.07813501,0.1087504,0.18445717,0.18986909,0.28689575,0.28017697,0.36664218,0.35188442,0.40826476,0.34812406,0.35800374,0.37787175,0.38206276,0.3710011,0.29127342,0.31079057,0.21092713,0.21663588,0.12126122,0.13133633,0.022357143,0.038541567,0.07215951,0.011452104,0.0629146,0.08273432,0.05127792,0.05225607,0.084987864,0.08950252,0.13449897,0.1578891,0.1597123,0.22869487,0.16094738,0.22213608,0.14047696,0.15871006,0.17073245,0.14255424,0.0651167,0.06055554,0.021303121,-0.042558398,-0.041060433,-0.033420183,-0.100055605,-0.11608913,-0.12484717,-0.19326939,-0.13236661,-0.16590624,-0.13539399,-0.029111685,-0.07303617,-0.055766474,0.034612034
ECG_0052,0,normal,-0.028430019,0.020192357,0.10299199,0.09537781,0.07103855,0.15200888,0.13471115,0.19628917,0.12781821,0.16612692,0.16978149,0.0672801,0.059081584,0.046073,-0.022374652,-0.01814229,-0.05900591,-0.07999631,-0.08414374,-0.08761984,-0.07931228,-0.08681723,-0.06087249,-0.01523355,0.02540018,0.05534727,0.12057833,0.09660648,0.16473995,0.20737101,0.21144567,0.29899997,0.25528428,0.25661665,0.22609091,0.22288343,0.16402057,0.167717,0.11311491,0.09830998,-0.0067654536,-0.001299929,0.03930715,-0.015185985,-0.032993875,-0.05906403,-0.10310666,-0.15296285,-0.17933582,-0.115013406,-0.14093241,-0.053841315,-0.117634214,-0.016574075,-0.036843635,0.072609544,0.18323106,0.2541843,0.48864985,0.7516328,1.0523006,1.3805467,1.5192425,1.5352217,1.4001633,1.064447,0.8531121,0.52054584,0.32283467,0.16793625,0.087658204,-0.022166943,-0.1255943,-0.08914864,-0.10395943,-0.15150832,-0.11800541,-0.12648518,-0.14044361,-0.05614869,-0.061678138,-0.018839128,0.022810925,0.120686695,0.13113645,0.18340664,0.21453024,0.2845986,0.348771,0.35853103,0.38264412,0.39457566,0.34039548,0.35205325,0.3602941,0.32517195,0.28906673,0.23386717,0.21526234,0.2119213,0.18159005,0.12573503,0.12109807,0.07959293,0.10490651,0.053310428,0.0717152,0.056202523,0.013478439,0.06359778,0.044255935,0.09596983,0.09612297,0.14899427,0.11455575,0.16933367,0.19563656,0.20975736,0.15746807,0.17224666,0.16205114,0.18165308,0.064173624,0.050391365,0.12803732,0.0004748297,-0.08309004,-0.07701544,-0.17236115,-0.106979,-0.10878628,-0.17236169,-0.1635618,-0.11846373,-0.18790992,-0.15734452,-0.1008134,-0.08800837,-0.042377256,-0.037877955
ECG_0053,0,normal,0.006429696,0.029137937,0.08199614,0.10010677,0.12408717,0.09229997,0.16138287,0.14016762,0.14100587,0.16603807,0.09492748,0.13334392,0.10821223,0.056997776,-0.026072904,-0.09183994,-0.019893253,-0.06930273,-0.107967824,-0.054550916,-0.11007547,-0.08157709,-0.028470626,-0.045084007,0.02345848,0.101186864,0.11719346,0.18847212,0.220662,0.21600099,0.16702688,0.21695085,0.27761844,0.204806,0.23078705,0.23351122,0.2445653,0.15556093,0.121920526,0.105058715,0.08055943,0.027912762,0.02686741,-0.06407223,-0.06896023,-0.08733929,-0.13530327,-0.1141855,-0.14374954,-0.12575036,-0.13704632,-0.11736986,-0.12565303,-0.0946841,0.004592011,0.051593397,0.10164134,0.2902987,0.4319865,0.765404,1.1180297,1.3567803,1.5286788,1.4431593,1.3717085,1.1303169,0.82846785,0.5598893,0.3005549,0.1443452,0.006570782,-0.025156869,-0.099732436,-0.14629857,-0.14253601,-0.075219944,-0.13054696,-0.10905831,-0.11556588,-0.13000977,-0.01668299,-0.071813695,0.020044511,0.081983894,0.13927862,0.15923956,0.17261048,0.2466798,0.2858287,0.31590238,0.39113986,0.33998066,0.39083216,0.38308576,0.39525735,0.34295392,0.34473675,0.28486583,0.26869,0.17452884,0.10452451,0.16085304,0.13166581,0.106873006,0.056441322,0.10285087,0.037028935,0.06273248,0.07337966,0.11787973,0.07181377,0.07961767,0.07353253,0.1841064,0.1674687,0.18248445,0.2719652,0.19228084,0.14132345,0.16583702,0.12728326,0.12336324,0.09653584,0.06011371,0.002104975,0.056442797,-0.017394781,-0.06630309,-0.06656581,-0.100074604,-0.124809094,-0.12446188,-0.14542206,-0.12606671,-0.11281008,-0.11281583,-0.10058177,-0.01952639,-0.047898296,0.0117739625
ECG_0054,0,normal,0.012417544,0.015328195,0.041285757,0.083479226,0.10311996,0.09194527,0.12706026,0.15808031,0.18398213,0.15122187,0.038524516,0.11204751,0.04813342,0.048006643,0.0029216616,-0.032031767,-0.055325374,-0.07331701,-0.04527975,-0.09034759,-0.051662616,-0.04065526,-0.024205972,-0.065274484,0.06024189,0.05477571,0.13233195,0.12187335,0.15110171,0.2750605,0.20841964,0.28450722,0.25827104,0.23870994,0.23924297,0.18432397,0.20006555,0.1403293,0.12936184,0.13439107,0.07765777,-0.011924948,0.020934002,-0.04031091,-0.08883061,-0.07829538,-0.1283125,-0.17434664,-0.092784,-0.14993437,-0.14531101,-0.14081515,-0.071282305,-0.09150731,-0.07848928,0.012167753,0.17213354,0.30983678,0.49554932,0.8238199,1.1116371,1.3525369,1.5201641,1.5435302,1.3585196,1.1203038,0.82376456,0.48040968,0.30118302,0.14022318,0.07737634,-0.07435613,-0.073330365,-0.10531511,-0.0811785,-0.121786885,-0.068547286,-0.09578823,-0.112467684,-0.06910347,-0.055388447,0.019134132,-0.0032776406,0.058911458,0.14603463,0.21780634,0.16169026,0.31194672,0.3040874,0.28257895,0.27198625,0.3305072,0.3812116,0.37635988,0.38543972,0.33046326,0.28776163,0.27763984,0.2566665,0.22654025,0.15999791,0.17657004,0.10008841,0.066516414,0.05591755,0.090404406,0.046841376,0.029270707,0.08332381,0.13059998,0.08761514,0.13622874,0.14955923,0.119366184,0.1556254,0.13041627,0.17231582,0.16374378,0.16830651,0.14921728,0.14791383,0.15120627,0.10502877,0.021793246,0.021519834,-0.036914233,-0.019038416,-0.04443941,-0.0815985,-0.13782875,-0.1256742,-0.15911525,-0.18358685,-0.123915456,-0.11086262,-0.08923052,-0.1122204,-0.030057454,-0.04836872,0.019639594
ECG_0055,0,normal,-0.015327089,0.026895465,-0.0071149087,0.08503739,0.12061916,0.1233877,0.19929077,0.11521964,0.12909639,0.10744396,0.09959724,0.12375079,0.10921893,0.013390464,-0.018344507,-0.060964998,-0.01306974,-0.03901415,-0.08879135,-0.13164076,-0.123428576,-0.06373355,-0.0277372,-0.07366027,0.017103612,0.11706163,0.10433486,0.19573848,0.20612532,0.18324046,0.22834899,0.24626319,0.22614308,0.2222175,0.2857909,0.19403598,0.23283125,0.15971698,0.14045598,0.12348742,0.05207528,0.049577296,-0.06600353,-0.026906695,-0.14662096,-0.10750107,-0.097669,-0.12070794,-0.18717061,-0.18450567,-0.16352962,-0.12307552,-0.16763927,-0.07615766,-0.022797002,0.024036968,0.14808993,0.29158452,0.48695016,0.72453654,1.0932013,1.3319423,1.507791,1.5480245,1.4259962,1.1190268,0.8311311,0.48768428,0.31422833,0.1475177,0.083411135,-0.035234977,-0.06913432,-0.05909804,-0.11274165,-0.15374573,-0.045881126,-0.14801241,-0.102102,-0.06589259,-0.03673786,-0.012340062,0.03114548,0.076574385,0.098885916,0.24554022,0.2211496,0.28862053,0.29825187,0.3284523,0.34837478,0.32989338,0.37698412,0.3661266,0.40158945,0.31104687,0.30368844,0.26307923,0.29893413,0.1935348,0.20054184,0.17863148,0.11434663,0.051303603,0.03126468,0.08395212,0.013007449,0.06186691,0.058971044,0.0776315,0.0954722,0.071203336,0.08921105,0.15898319,0.13594604,0.086388156,0.19792674,0.15144166,0.19440717,0.21349879,0.15702961,0.16511227,0.11322746,0.12534732,0.012040237,0.008421299,-0.006165375,-0.06525128,-0.054728378,-0.1271678,-0.07099868,-0.08134589,-0.14097793,-0.12959532,-0.09965331,-0.15331331,-0.13332994,-0.027745755,-0.025341596,-0.006760603
ECG_0056,0,normal,0.0003339906,-0.037966315,0.059803557,0.071503386,0.14542861,0.16554011,0.16390553,0.16195738,0.10108343,0.15230943,0.13539249,0.13016418,0.12842427,-0.016362578,-0.008308586,-0.04851914,-0.047083084,-0.07224223,-0.09263436,-0.058929656,-0.117271125,-0.10008608,-0.074944094,-0.02248575,-0.010114797,0.067055605,0.10589543,0.12745388,0.21286692,0.21398382,0.26900855,0.24427253,0.2539926,0.23443007,0.24037643,0.24472374,0.18813816,0.18836387,0.11684275,0.1294036,0.05263487,0.058090564,-0.002781345,0.0055306945,-0.10718709,-0.14498097,-0.1417828,-0.18091512,-0.18970035,-0.13076922,-0.14299482,-0.14305243,-0.11829015,-0.09367808,0.017371193,0.010462912,0.09266628,0.30875432,0.49672714,0.8437854,1.0734127,1.3859142,1.5576073,1.5180107,1.3611885,1.1424097,0.8317559,0.48870036,0.27300957,0.07322197,0.06439591,-0.026876038,-0.0667497,-0.1416058,-0.1429237,-0.13481925,-0.1425999,-0.112119555,-0.08265695,-0.008204859,-0.045366894,0.026814329,0.011789108,0.03337395,0.12179489,0.13310198,0.22818951,0.24729897,0.24966331,0.39117596,0.34591123,0.32726017,0.4087479,0.3564784,0.3991487,0.32494605,0.30477592,0.3003774,0.2734548,0.24267158,0.18098061,0.16538514,0.14109917,0.09862501,0.06790955,0.014800353,0.068800494,0.05137132,0.043132097,0.10465052,0.03848965,0.14853455,0.11780869,0.14706092,0.14297505,0.11888042,0.17427579,0.19257185,0.20067985,0.16577314,0.09075054,0.08898945,0.17017412,0.04494836,0.08671493,-0.019354854,-0.031833902,-0.040782683,-0.11390078,-0.066440165,-0.13080797,-0.13118629,-0.1574683,-0.12641175,-0.088039674,-0.121635966,-0.042078555,-0.0837862,-0.010638369,0.014707984
ECG_0057,0,normal,-0.03205717,0.04002922,0.065741405,0.06849902,0.12862654,0.14007787,0.14442751,0.1480363,0.14330351,0.12355915,0.120705575,0.07349097,0.14458226,-0.007865756,-0.014196363,-0.041423403,0.008956501,-0.112248324,-0.07283423,-0.08230597,-0.07422063,-0.031762138,-0.007742457,-0.025204627,0.032563433,0.01258969,0.11383293,0.12722965,0.18106246,0.16520768,0.2492753,0.19922696,0.25916696,0.21451838,0.2150986,0.25799876,0.21811572,0.20728761,0.18801697,0.08344693,0.115001194,-0.0114250025,0.01777237,-0.05489805,-0.10047406,-0.08226157,-0.09494774,-0.11191875,-0.1417725,-0.14545703,-0.12706345,-0.11954908,-0.0904406,-0.069640964,-0.0068563684,-0.016288152,0.1283921,0.2433574,0.51150084,0.8318801,1.0749763,1.3643522,1.547836,1.471619,1.3678129,1.1311041,0.7275993,0.5017144,0.33988836,0.17940478,0.057763852,0.0074447067,-0.05543206,-0.07420062,-0.11945024,-0.11700611,-0.14140123,-0.07775013,-0.054514214,-0.034895852,-0.057009645,-0.03526097,0.0749975,0.099939555,0.14222147,0.16202468,0.24051924,0.23815425,0.32731333,0.3804618,0.41096947,0.3976445,0.34034213,0.38425675,0.43063417,0.3208895,0.3192274,0.33243817,0.27417222,0.29402176,0.16168676,0.11983397,0.15545408,0.056731574,0.06628626,0.056189805,0.081904955,0.06853415,0.06925252,0.0542446,0.11777478,0.21998818,0.13921535,0.14052555,0.11589049,0.14976817,0.17205279,0.1664915,0.17991075,0.2250546,0.19394174,0.13047431,0.07236513,0.11784547,0.04243182,-0.043127265,-0.0049873195,-0.028768329,-0.1620722,-0.13894325,-0.13639344,-0.1229765,-0.16491249,-0.17113762,-0.11358838,-0.13174707,-0.0777083,-0.09878379,-0.07413124,0.02269263
ECG_0058,0,normal,0.0075758887,0.061288603,0.049542636,0.07024163,0.15870804,0.09000043,0.18414894,0.18970875,0.17180651,0.113955915,0.092014834,0.086506724,0.026026785,0.005563422,0.022687748,-0.006770666,-0.08374555,-0.052360624,-0.07198279,-0.0444612,-0.06715461,-0.037095003,-0.02990501,0.017721951,-0.011870606,0.06486042,0.10969066,0.14373684,0.19997053,0.23480023,0.24889684,0.2448157,0.23264652,0.28422913,0.25107983,0.19279839,0.19466755,0.12051252,0.14228627,0.100680694,0.052798036,0.08007817,-0.039295264,-0.01890613,-0.0069638123,-0.06837763,-0.124242455,-0.17339885,-0.18908016,-0.1617623,-0.16347948,-0.15024841,-0.11647068,-0.078828365,-0.017583525,-0.0046058036,0.11186299,0.28008264,0.49733523,0.8377149,1.0961663,1.312127,1.5376868,1.5500207,1.3797224,1.0837667,0.8672508,0.49892214,0.3266858,0.15531638,0.06455862,0.032184515,-0.04503602,-0.1076224,-0.07680087,-0.13941348,-0.11752339,-0.15444714,-0.13115944,-0.07475164,-0.033723783,-0.05771947,0.051606912,0.05903947,0.17075458,0.17047471,0.19404066,0.27298674,0.2808044,0.37716356,0.362054,0.37183845,0.3995568,0.3481884,0.3277691,0.35919842,0.2880127,0.25703213,0.28076088,0.23536898,0.14605796,0.13095257,0.09161837,0.14589751,0.09936961,0.045533855,0.06811111,0.009420526,0.035361186,0.069463424,0.094891585,0.09628969,0.1259173,0.13988547,0.14991905,0.16000824,0.16567615,0.18948762,0.19271755,0.1776649,0.12116882,0.10527146,0.12057998,0.12187464,0.048475914,-0.0036823042,-0.01963001,-0.093643576,-0.05002665,-0.1086088,-0.15316354,-0.15001568,-0.16525118,-0.10682326,-0.14147066,-0.11303642,-0.07675815,-0.08766132,-0.027749967,0.0082676215
ECG_0059,0,normal,-0.04662207,0.041195825,0.06414756,0.097993776,0.11895536,0.14346428,0.18672541,0.114708394,0.13573925,0.1545887,0.13093832,0.10659056,0.14748529,0.052838307,0.037273854,-0.0354633,-0.082045674,-0.08207381,-0.06425309,-0.07755295,-0.07213116,-0.07528277,-0.055431418,-0.01707164,0.048477173,0.09373458,0.08067289,0.1739196,0.1671323,0.2298365,0.23137015,0.29709768,0.24217619,0.2566719,0.25878564,0.19713804,0.19829246,0.16481397,0.12581076,0.0934404,0.10339248,0.014583645,0.012381596,-0.030660067,-0.11447446,-0.08512059,-0.16570169,-0.12053404,-0.16343404,-0.14916472,-0.18169785,-0.12499053,-0.07887276,-0.099969916,-0.050354894,0.046166714,0.14671884,0.21184742,0.563662,0.7984788,1.1101065,1.3562285,1.4694808,1.5538924,1.3665205,1.1364865,0.80794513,0.53815985,0.28361273,0.17524654,0.010882934,0.04834586,0.0052532726,-0.041881483,-0.071716264,-0.12301694,-0.087433726,-0.11853993,-0.14676653,-0.031197192,-0.0109016495,-0.0075879246,-6.723676e-05,0.06603632,0.07772957,0.20938607,0.17965005,0.27931753,0.28298065,0.2962941,0.36918876,0.3663748,0.40694845,0.34030867,0.34372428,0.2753186,0.25547245,0.3439782,0.31816617,0.22239885,0.15895799,0.14057317,0.14493755,0.077176265,0.079318315,0.057776522,0.03376089,0.03432033,0.0643402,0.037010882,0.09487654,0.085066095,0.12229791,0.17905426,0.14978062,0.19648674,0.1247031,0.1684186,0.18122375,0.22941405,0.09772817,0.132353,0.15231419,0.05417383,0.037518285,0.018619917,-0.020824967,-0.012565816,-0.075840734,-0.07437343,-0.14388007,-0.16722758,-0.1562118,-0.18094645,-0.120898105,-0.12927373,-0.114123605,-0.05047857,-0.067872725,0.02314962
ECG_0060,0,normal,-0.01434983,0.06838782,0.0537383,0.11305208,0.123273335,0.15800625,0.14990352,0.1001917,0.17626764,0.13195965,0.14019603,0.113515794,0.04167908,0.00697038,0.023006372,-0.03534861,-0.024165422,-0.07799031,-0.0549096,-0.07705865,-0.07558945,-0.08007277,-0.03724451,0.024109658,0.025116445,0.08444799,0.11225094,0.15478745,0.23835626,0.25182074,0.23951124,0.25655764,0.2336623,0.2461244,0.24986976,0.24887522,0.22295481,0.13953374,0.17053464,0.10396888,0.0404223,0.07263171,0.039287727,-0.032185506,-0.05130125,-0.07767219,-0.081423126,-0.11753474,-0.18804894,-0.089121506,-0.11089975,-0.14394772,-0.13757002,-0.06061655,-0.040487684,0.042427942,0.15463251,0.26787955,0.46971655,0.7941968,1.0731972,1.3649175,1.4848416,1.5260853,1.4049248,1.1383466,0.7908584,0.49597073,0.30733556,0.16614585,0.05868956,-0.034386016,-0.052950453,-0.04579181,-0.10382629,-0.16947493,-0.11633412,-0.054335926,-0.13878272,-0.07540149,-0.051556446,-0.0037712627,0.042515855,0.1178215,0.13490744,0.21935143,0.22421965,0.2602085,0.28821597,0.28458259,0.37031153,0.43800876,0.39554983,0.39893925,0.35405278,0.33961785,0.3505421,0.35029325,0.30029666,0.2437744,0.18472737,0.15581821,0.096125096,0.04916291,0.038385347,0.059653204,0.0420655,0.0060228608,0.05442087,0.056764618,0.04613919,0.08810809,0.1088483,0.119036265,0.18262649,0.111805566,0.11889012,0.18262807,0.1832769,0.18384059,0.14035752,0.10770158,0.10839404,0.0644771,0.090435594,-0.0010590693,-0.027955778,0.014723614,-0.09513775,-0.097521916,-0.11369053,-0.12306977,-0.14075547,-0.14035814,-0.13239342,-0.1349772,-0.084204376,-0.0045789485,0.0027592073,0.009152096
ECG_0061,0,normal,0.025675185,0.007539653,0.057705063,0.12253028,0.16250148,0.1125632,0.13209747,0.2155349,0.14889167,0.189291,0.12271627,0.100193806,0.055713248,0.0626909,0.044079047,-0.05730121,-0.06283182,-0.045191925,-0.089498356,-0.10455935,-0.053942434,-0.03574884,-0.057706602,-0.005304927,-0.009511335,0.041648325,0.114585094,0.15199153,0.15764765,0.19428962,0.2051778,0.26377583,0.19568925,0.22096623,0.18469958,0.23592742,0.14639618,0.1737634,0.19041088,0.15683511,0.015854817,0.041492455,-0.03427978,-0.075892,-0.07596915,-0.06384693,-0.10530652,-0.16083102,-0.12706728,-0.21672699,-0.16545783,-0.15337874,-0.10433165,-0.08184579,-0.036384016,0.027286496,0.13300252,0.30107674,0.5076797,0.77409166,1.1012514,1.3853183,1.5084606,1.5318687,1.4183334,1.0870858,0.8686502,0.490844,0.2965017,0.12080917,0.11217211,-0.034121722,-0.07691042,-0.10198493,-0.10711255,-0.13033374,-0.12641673,-0.22153093,-0.0984462,-0.07575904,-0.013609319,0.032624077,0.031057049,0.10810921,0.09931687,0.20405391,0.21057504,0.23517168,0.3027238,0.38110936,0.36746827,0.4212834,0.3593408,0.40977237,0.34687892,0.35370773,0.32750332,0.3098772,0.26318043,0.19744153,0.21008205,0.20147634,0.10121621,0.03755097,0.08716888,0.04822379,0.046892185,0.066791445,0.041848797,0.058251966,0.07832108,0.14330608,0.119378984,0.10046517,0.118950024,0.1730695,0.14458124,0.1356604,0.19945917,0.19224907,0.14548264,0.14404908,0.11425718,0.095797025,0.062045947,-0.06950591,-0.033575192,-0.044001803,-0.10160865,-0.11312054,-0.110558815,-0.14258407,-0.10420251,-0.11236377,-0.13896038,-0.12363877,-0.17947966,-0.07523339,-0.07415932,0.006671441
ECG_0062,0,normal,0.004586413,0.054490604,0.10742054,0.093306705,0.18629895,0.14266273,0.10729863,0.13323146,0.13482143,0.15235396,0.08809305,0.08386912,0.060046766,0.020970618,0.027688181,-0.007011498,-0.017261287,-0.08257504,-0.049536068,-0.1306777,-0.12588023,-0.10526648,-0.043940987,0.024395421,0.008678647,0.054211948,0.1043796,0.16823417,0.17232518,0.19976634,0.19676727,0.23297238,0.29004228,0.2540413,0.2183922,0.26044112,0.18292177,0.21541017,0.18333337,0.108312435,0.025075557,0.10122518,0.0070076403,-0.04981453,-0.04388122,-0.07962658,-0.08396814,-0.15924723,-0.1386641,-0.18499185,-0.12287942,-0.12935036,-0.09825099,-0.080151446,-0.039669547,0.0064811474,0.1560432,0.32956392,0.48649976,0.7992284,1.1021644,1.3607776,1.4793435,1.4946028,1.3600467,1.0559984,0.8567501,0.54204977,0.3059638,0.08360779,-0.008181821,-0.019091465,-0.0027704872,-0.1118218,-0.0840667,-0.13487756,-0.12077295,-0.07921412,-0.11053955,-0.09699638,-0.0022242665,-0.0052810167,0.06942444,0.06306487,0.17456417,0.18924245,0.24079295,0.27466148,0.2931272,0.33904472,0.3487604,0.40517515,0.37571105,0.33344162,0.316061,0.29514632,0.33954197,0.2554873,0.26466078,0.2237143,0.18173158,0.1626788,0.123479426,0.011316042,0.06248054,0.070912294,0.10003375,0.10069984,0.014646055,0.055825766,0.034341216,0.14481002,0.14886259,0.14805302,0.15980922,0.21031155,0.21480384,0.21727084,0.19409348,0.16123728,0.17954049,0.15972055,0.1028944,0.067186974,0.077902846,0.05859123,-0.048842095,-0.06744023,-0.07876696,-0.09960865,-0.14875081,-0.0885062,-0.13677724,-0.13023186,-0.08263693,-0.13116924,-0.09662289,-0.10303799,-0.038731765,-0.04463327
ECG_0063,0,normal,0.022435771,0.046214834,0.057208348,0.091082074,0.14073046,0.1016153,0.15273015,0.17107892,0.09253561,0.15513828,0.06628868,0.08928056,0.029976243,0.07735164,-0.031367913,-0.07575683,-0.04825774,-0.08505537,-0.13075006,-0.07398333,-0.14397368,-0.09993966,-0.061473887,0.012390749,0.06560696,0.10159622,0.106261924,0.07823008,0.19837952,0.25988606,0.27414283,0.2640125,0.21903335,0.23555434,0.29860225,0.18085492,0.16604294,0.20108806,0.12829039,0.071179435,0.115871176,0.046371847,-0.016064676,-0.07447116,-0.01114286,-0.101429224,-0.08137645,-0.11256779,-0.16384535,-0.16480398,-0.09948,-0.08478648,-0.16298875,-0.059267543,-0.03577633,0.0015283879,0.14018269,0.2443849,0.48920614,0.758668,1.0742052,1.3583903,1.4946743,1.5808461,1.3982747,1.1740055,0.80970675,0.514555,0.3596151,0.13197307,0.041185543,0.0025802,-0.09901696,-0.06952363,-0.09248022,-0.08240073,-0.09572879,-0.07665528,-0.103473656,-0.10217334,0.01853318,-0.05244862,-0.006107101,0.10057618,0.18111351,0.18672016,0.25772843,0.21083851,0.2933051,0.28287676,0.38545042,0.32997182,0.3434682,0.39375758,0.39829844,0.34217882,0.338108,0.30616608,0.24919541,0.18677591,0.2006196,0.16791952,0.14555106,0.10196993,0.037134297,0.07886941,0.050783835,0.03562399,0.046701495,0.04560981,0.107989974,0.05667002,0.08867232,0.1276722,0.2032389,0.20052102,0.12923886,0.2230699,0.2208757,0.13649388,0.08088299,0.13307264,0.14228626,0.12546231,0.017778633,0.06122712,-0.093198195,-0.070580445,-0.10181127,-0.079636514,-0.09413074,-0.11638511,-0.18995659,-0.12029479,-0.12013219,-0.16783442,-0.15598035,-0.034298643,-0.03896423,-0.03852091
ECG_0064,0,normal,-0.006244866,0.044536162,0.06303489,0.047535203,0.17445317,0.16581573,0.1365438,0.14124078,0.15678845,0.100701496,0.12619084,0.052886423,0.06276195,-0.0006429031,-0.0301968,0.02312054,-0.050481524,-0.06642209,-0.1459533,-0.10766784,-0.07039233,-0.06302834,-0.10883823,-0.0054617855,0.03773967,0.10702561,0.091203205,0.08378727,0.15675081,0.18285689,0.2592304,0.16862193,0.24126774,0.2940874,0.24080421,0.25024632,0.15122423,0.12475183,0.18434243,0.10966855,0.07313027,-0.0010044175,-0.0015871894,-0.07447604,-0.036958944,-0.018860748,-0.10877806,-0.15842518,-0.22422804,-0.19994967,-0.0962236,-0.15953776,-0.11780632,-0.056101173,0.012328811,0.026540475,0.12019029,0.28702143,0.48437065,0.7654076,1.1015552,1.3660934,1.5890895,1.5468162,1.4180106,1.0880301,0.83026385,0.5093292,0.31872624,0.1699703,0.04803037,0.05319855,-0.019045793,-0.05554511,-0.08705205,-0.067579664,-0.1655392,-0.07454614,-0.12989832,-0.09322341,-0.02792461,0.030348854,0.002080992,0.06824599,0.1352899,0.17544267,0.25337029,0.3737904,0.32087108,0.3170393,0.32314286,0.36663115,0.35359526,0.39236334,0.38000438,0.3330528,0.3805515,0.267969,0.25207528,0.23879194,0.2104345,0.18785393,0.13158521,0.124135315,0.05223605,0.08570166,0.077967145,0.09549271,0.0054874904,0.039102033,0.106018886,0.019672528,0.13323708,0.16932951,0.13753513,0.1559869,0.14623997,0.16688308,0.16561604,0.15122889,0.13439639,0.12710916,0.100120395,0.1339484,0.032077897,0.018992255,-0.043666713,-0.0772268,-0.14042607,-0.16134761,-0.16928977,-0.13950092,-0.11715488,-0.1997733,-0.15187576,-0.15870412,-0.10189825,-0.03316524,-0.046967722,-0.0013909544
ECG_0065,0,normal,0.043657143,0.04735196,0.042717673,0.098862246,0.093059994,0.14830364,0.16206533,0.109078825,0.1512583,0.13106294,0.13285087,0.11774881,0.07920147,0.025318442,0.03134562,-0.052443024,-0.09187396,-0.16850288,-0.087716125,-0.11440418,-0.07229607,-0.12798926,-0.0636327,0.0024321743,-0.0041521755,0.08079045,0.09414946,0.15006508,0.20450868,0.24435276,0.2399039,0.22570372,0.24097726,0.27042222,0.20995022,0.2180148,0.18890166,0.16971067,0.110946685,0.05107376,0.08565432,0.06146411,-0.05837589,-0.029030133,-0.04006957,-0.08281834,-0.1357964,-0.16768168,-0.14578895,-0.14198218,-0.13999523,-0.13406605,-0.13916083,-0.0630803,-0.018014248,0.038552746,0.13566011,0.3352503,0.48446843,0.82106525,1.0671781,1.3938031,1.5621424,1.5248592,1.433305,1.1342397,0.78819096,0.519794,0.3408455,0.17700681,0.014793093,-0.023198942,-0.055779498,-0.10609061,-0.03924664,-0.11347058,-0.12428449,-0.079929106,-0.1111174,-0.046070408,-0.09479836,-0.020257372,0.0681604,0.13072827,0.109165065,0.15433899,0.24477272,0.25202158,0.3002341,0.36538735,0.34571502,0.317426,0.34277022,0.3786355,0.31054103,0.33803305,0.27923995,0.3392306,0.3206125,0.18787116,0.19137561,0.12071453,0.10945085,0.14671202,0.05818864,0.049578078,0.02254939,0.0844918,-0.04235743,0.053033605,0.079948075,0.079381146,0.14438325,0.17359619,0.11246519,0.23169722,0.13576633,0.22118841,0.18488792,0.1566031,0.14424573,0.1342339,0.11486606,0.05011981,0.03688525,-0.014452437,-0.06281171,-0.08405828,-0.12379418,-0.12681127,-0.12010557,-0.14139052,-0.09020975,-0.21248695,-0.12132323,-0.11750478,-0.06949983,-0.043944366,-0.038511004,0.0052140933
ECG_0066,0,normal,-0.022321785,0.05202533,0.009154146,0.11739958,0.11719126,0.12107733,0.13962913,0.14531773,0.18492293,0.23159495,0.15310667,0.075848624,0.08377143,0.054614116,-0.024409102,-0.06407512,-0.054156728,-0.048413053,-0.13396615,-0.11138472,-0.067049146,-0.06760073,-0.0017291293,-0.054016948,0.09730785,0.022372978,0.049985226,0.14928195,0.15262017,0.21460617,0.23491731,0.24425079,0.2294461,0.26429322,0.23106772,0.25646675,0.19506702,0.1438721,0.090593845,0.10146881,0.031955905,-0.007958689,0.011213078,-0.093428016,-0.030199256,-0.09590418,-0.124611564,-0.17041977,-0.12528713,-0.14950289,-0.16345236,-0.12266726,-0.15716484,-0.12482077,-0.065745465,0.0430139,0.13223255,0.31634218,0.4756001,0.79986227,1.0857828,1.3322433,1.5367006,1.5316705,1.3646026,1.1214286,0.8106232,0.526408,0.29448482,0.110166416,0.048777267,-0.04310265,-0.092495054,-0.09808347,-0.08795983,-0.114912085,-0.13836439,-0.13279502,-0.0810866,-0.14819531,-0.020845434,-0.06286822,-0.005773946,0.06819437,0.19746765,0.23135622,0.24894395,0.28140888,0.25242314,0.34379795,0.34556144,0.3518887,0.38644686,0.36420354,0.3925227,0.28886923,0.32325318,0.2636595,0.24336913,0.22875586,0.1501536,0.1544536,0.11236017,0.07279033,0.05807212,0.053522646,0.027790174,0.050318945,0.04719527,0.04797905,0.12901993,0.11167066,0.10699552,0.1419112,0.12402177,0.15578946,0.16886176,0.14512567,0.19201371,0.15654574,0.14586273,0.1181777,0.19738625,0.057845987,-0.018156858,-0.03933021,-0.0035811444,-0.019445349,-0.10974886,-0.07583813,-0.11083212,-0.15069622,-0.15725347,-0.14074725,-0.10907978,-0.10577855,-0.11427419,-0.07066453,0.025876654,0.0075709685
ECG_0067,0,normal,0.026080055,0.04981148,0.07372116,0.09735575,0.14480819,0.15724845,0.15452193,0.12928075,0.15757059,0.1325799,0.10726287,0.17317167,0.018706435,0.06316963,-0.02253441,-0.022315275,0.024799325,-0.10151535,-0.10732808,-0.0902832,-0.10964521,-0.042330742,-0.06025322,0.007944366,-0.013132765,0.014307806,0.10399059,0.103994094,0.232202,0.16987474,0.20599853,0.26253262,0.23712751,0.20576191,0.30178675,0.19330779,0.19459045,0.16653574,0.16253443,0.120502666,0.045228012,0.022765351,-0.011418315,-0.017629132,-0.10761471,-0.040152352,-0.14607179,-0.13963927,-0.18301798,-0.18836051,-0.16910231,-0.1577777,-0.11910898,-0.105129905,-0.0112733105,0.009038566,0.10551584,0.27308375,0.532985,0.7890685,1.0862082,1.3175433,1.4908601,1.4952985,1.4226817,1.1360855,0.7886605,0.5140875,0.28210393,0.12273903,0.060343336,-0.027647309,0.00054984604,-0.053351678,-0.07069622,-0.10033978,-0.1351099,-0.097720906,-0.110625975,-0.027384954,-0.032638002,0.0012230594,0.04050047,0.13583033,0.08935142,0.23618227,0.2221647,0.22852813,0.28572515,0.289571,0.3816478,0.34523997,0.38686278,0.41236335,0.3462832,0.33890474,0.28190184,0.27838174,0.33287892,0.24295506,0.17573093,0.131176,0.11745132,0.09650946,0.059617206,0.07406098,0.022221845,0.021354482,0.066646434,0.031258274,0.103195176,0.09878504,0.06363962,0.14082035,0.10427198,0.18969347,0.17100266,0.23806202,0.21253248,0.13989335,0.09590454,0.11258626,0.07197577,0.13249658,0.04359401,0.036670312,-0.034911152,-0.06492896,-0.09027376,-0.08101044,-0.12373108,-0.17673184,-0.10076467,-0.15495782,-0.14906906,-0.20258255,-0.07493795,-0.062407944,-0.030563481,-0.012050185
ECG_0068,0,normal,-0.017256243,0.022527518,0.079415254,0.11326832,0.110955514,0.16415732,0.1442359,0.13496682,0.15195629,0.09380855,0.1234921,0.046542935,0.034046166,-0.0261465,-0.0019077893,0.022037871,-0.055770602,-0.05333672,-0.015042479,-0.07763611,-0.10718506,-0.08767949,-0.044197593,-0.030662762,0.010000299,0.09807037,0.14164482,0.10164256,0.16210885,0.20184872,0.2551018,0.2844163,0.33577746,0.23734334,0.22811598,0.2410139,0.18001167,0.16858266,0.12877402,0.027982472,0.07372904,0.027069338,0.03352629,-0.039933205,-0.11020748,-0.10843863,-0.18602878,-0.17570433,-0.12915312,-0.15683596,-0.11519421,-0.18766877,-0.11395512,-0.09002633,-0.0034644254,0.052710965,0.15159786,0.3311151,0.4921572,0.82267463,1.0578727,1.3281083,1.5477238,1.4885086,1.4006592,1.123208,0.8466647,0.52923536,0.3085441,0.16459282,0.026654819,-0.040207412,-0.047652304,-0.09174111,-0.12220005,-0.12296401,-0.07459334,-0.12894519,-0.11432158,-0.12751657,-0.04603697,0.013058754,0.061774235,0.08686887,0.16103894,0.20297055,0.26113784,0.30024168,0.3553908,0.3340044,0.32222635,0.39630032,0.40521938,0.4254367,0.40488243,0.40531203,0.33959845,0.29689676,0.21410872,0.22885996,0.16709775,0.15587194,0.12036571,0.10675994,0.069269374,0.086209804,-0.030869361,0.055805918,0.09161527,0.122418985,0.1032835,0.14975995,0.123544976,0.13762125,0.17070885,0.16879678,0.15499337,0.16707228,0.1470285,0.18756545,0.15686849,0.12443071,0.09161302,0.09287613,0.0673169,-0.025247673,-0.06499077,-0.030903632,-0.13054894,-0.097782016,-0.08457254,-0.09643478,-0.12730391,-0.124909066,-0.06784623,-0.18772925,-0.10790001,-0.039983567,-0.04367986,0.037227903
ECG_0069,0,normal,-0.0011803303,0.037567247,0.057280187,0.07841946,0.10147317,0.14382418,0.12336817,0.17868976,0.16560061,0.16757263,0.082642816,0.0418241,0.0647524,0.12137826,0.041331984,-0.04288453,-0.03952294,-0.050816674,-0.12666355,-0.04866901,-0.08925142,-0.07157286,-0.0435038,0.022660282,0.004087444,0.017303651,0.1205488,0.08973959,0.17762083,0.25137508,0.25450194,0.2813947,0.27332896,0.32362357,0.22294064,0.23530075,0.18733457,0.20151556,0.1393779,0.15819743,0.054107565,0.07475396,0.013183544,-0.04107175,-0.056291785,-0.09285773,-0.11261765,-0.14558293,-0.16926596,-0.15946788,-0.1933638,-0.10340355,-0.1437362,-0.08229037,-0.012698532,0.057709984,0.079090744,0.28211737,0.51699215,0.78418267,1.1295211,1.3358804,1.4636701,1.5579605,1.3673636,1.0674124,0.8097538,0.5679354,0.26896507,0.21939474,0.021397857,-0.016410897,-0.09845916,-0.08961416,-0.11399307,-0.1651653,-0.037655316,-0.13051476,-0.114994876,-0.04722216,0.009661263,0.027145354,0.0006528873,0.09003961,0.07592276,0.20808479,0.17869368,0.24661656,0.3081954,0.3524454,0.35421005,0.42196128,0.40349996,0.39767858,0.32956168,0.3979289,0.29691088,0.3421587,0.31632406,0.23499677,0.21463324,0.05703905,0.112880245,0.1256729,0.0999246,0.021567501,0.042013608,-0.025984854,0.067930356,0.009817674,0.115238994,0.1346952,0.104245886,0.15317366,0.14831342,0.17614986,0.1440463,0.20120427,0.13115753,0.11681622,0.15286888,0.12890199,0.116782576,0.058239218,0.1004742,0.013485898,-0.019373769,-0.053621914,-0.05920765,-0.0969261,-0.11981928,-0.1229323,-0.20417853,-0.19977878,-0.13768522,-0.1236276,-0.076575644,-0.06483781,-0.016105302,-0.037333302
ECG_0070,0,normal,-0.00032204558,-0.0066167717,0.07712617,0.037746236,0.12833577,0.09161921,0.13509929,0.17694145,0.15282522,0.08522033,0.096338734,0.04776704,0.01403522,0.037944138,0.02015467,-0.013032962,-0.034179498,-0.07300161,-0.093813606,-0.12194987,-0.09743109,-0.10849289,-0.06957231,-0.009008117,0.023208726,0.16045459,0.07048627,0.14729637,0.14394197,0.20413527,0.22671632,0.27547044,0.24122843,0.24557395,0.2276783,0.18132526,0.1809151,0.16135341,0.14343993,0.12340051,0.062994145,0.024974879,-0.056235038,-0.023905883,-0.09344199,-0.07828197,-0.08380309,-0.14501424,-0.17891763,-0.1499167,-0.1324084,-0.1381276,-0.12360243,-0.058854986,-0.017212534,0.022139393,0.082708314,0.29856414,0.48017997,0.7890524,1.0937335,1.3038663,1.5275738,1.5490867,1.4025908,1.1236897,0.75519353,0.5693311,0.3191933,0.11321529,0.022901414,-0.012084496,-0.04149166,-0.10550136,-0.08521487,-0.17426349,-0.1537039,-0.17758556,-0.12708315,-0.03105092,0.016967684,0.00038996266,0.017535415,0.07697314,0.14656413,0.13414422,0.21057434,0.3137594,0.27692014,0.31662446,0.3624339,0.38488302,0.36305264,0.38064575,0.3846819,0.40579143,0.3172155,0.2887935,0.30148178,0.20314209,0.14394225,0.15703411,0.15101556,0.103439346,0.06927883,0.0147074,0.04907419,0.08710076,0.018517058,0.05897511,0.069700114,0.07828233,0.12591459,0.15083453,0.16781119,0.13958831,0.12908457,0.19040115,0.16521552,0.2268635,0.21306202,0.19495998,0.0804102,0.09480552,0.07003202,0.031418376,-0.036992162,-0.021163983,-0.089280695,-0.11036344,-0.17921482,-0.12566887,-0.15725245,-0.13222998,-0.12835005,-0.11226929,-0.09534135,-0.04184033,-0.039528027,-0.04362137
ECG_0071,0,normal,0.01706896,0.009344765,0.025792573,0.063427486,0.12638643,0.13279362,0.08262463,0.13858394,0.18108076,0.12105127,0.111546256,0.12409814,0.08874265,0.06506678,-0.07983089,0.025754552,-0.03316629,0.0012000101,-0.10908168,-0.1426613,-0.08401214,-0.077113606,-0.024607418,0.020571927,0.024124084,0.06129151,0.12654173,0.14335947,0.17645447,0.24688289,0.27492246,0.28264302,0.24967153,0.18711987,0.23614165,0.2006174,0.19658643,0.15267879,0.14060296,0.07545382,0.03161052,0.069220915,-0.03370037,-0.040087968,-0.04392961,-0.07326654,-0.09945084,-0.1302908,-0.12649819,-0.108223096,-0.13011877,-0.18377808,-0.12253727,-0.05486985,-0.050952762,0.081131265,0.1304349,0.28743026,0.5369421,0.7771367,1.0944872,1.3875084,1.4809732,1.5250918,1.4083508,1.1221366,0.85852915,0.48374096,0.25616258,0.17240547,0.07250852,-0.024818722,-0.049873356,-0.06850626,-0.13439652,-0.14168593,-0.11673834,-0.08853196,-0.1351397,-0.08223166,-0.052093484,0.005891022,0.03642734,0.06724583,0.1698209,0.16485591,0.21898644,0.22296767,0.28688267,0.35457748,0.37165615,0.39437428,0.39833224,0.44096825,0.34400794,0.29836515,0.28948626,0.26892287,0.2264284,0.22242689,0.2212525,0.19571641,0.13385957,0.1568461,0.061498106,0.00918363,0.08242061,-0.00505172,0.03289048,0.08192089,0.07825322,0.09348488,0.083053194,0.13721131,0.18493626,0.16949165,0.15355732,0.14510334,0.15610525,0.18348414,0.1668348,0.11122408,0.042290743,0.09032483,0.016972229,0.029339623,-0.049043514,-0.08917595,-0.08469979,-0.043475643,-0.11060892,-0.14092524,-0.13867454,-0.19870684,-0.16907367,-0.19302526,-0.04207372,-0.019616744,-0.021776695,0.004088008
ECG_0072,0,normal,-0.04654741,0.027035931,0.119292185,0.098037265,0.10094707,0.08294707,0.18801428,0.1479911,0.09330181,0.106862165,0.07818441,0.08885609,0.07109814,0.01931773,0.026657118,-0.023887072,-0.02038893,-0.083360106,0.0057478715,-0.10669245,-0.1113286,-0.09964145,-0.05054556,-0.06326201,0.035579793,0.011353639,0.115710266,0.11051178,0.17521513,0.23390505,0.30625024,0.217784,0.2502089,0.22960079,0.21449172,0.2019076,0.22520018,0.15816984,0.20870455,0.11911146,0.039731722,0.021539012,-0.028666051,-0.016095858,-0.12172845,-0.14092422,-0.14104266,-0.11888839,-0.11122649,-0.107999474,-0.1269754,-0.13114868,-0.0828425,-0.11009597,-0.0874796,0.04562721,0.10215995,0.2829136,0.5067886,0.79006577,1.1173326,1.3854969,1.5309913,1.5203903,1.3867091,1.1022823,0.8086163,0.6095639,0.31232834,0.16282222,0.025369886,0.01158098,-0.039077014,-0.067841895,-0.103533894,-0.089454785,-0.08427957,-0.10716167,-0.10359937,-0.049456105,-0.071890146,-0.02818656,0.03508928,0.031381626,0.1571918,0.15214622,0.21360458,0.2643142,0.30947006,0.3287856,0.36001697,0.37459993,0.36839184,0.355141,0.39888793,0.28381568,0.31483138,0.27596545,0.26822194,0.17598829,0.16867928,0.14645585,0.15083252,0.102573484,0.03668465,0.0435349,0.07740681,0.014082866,0.053181242,0.06604391,0.069751166,0.18008602,0.10609495,0.15102834,0.13183734,0.18472505,0.20458771,0.16489057,0.17875203,0.14485574,0.12219462,0.16634315,0.091993496,0.005316072,0.096864134,-0.015395111,-0.033751413,-0.010311735,-0.09354721,-0.11910672,-0.169925,-0.19405684,-0.15443169,-0.13528906,-0.12623769,-0.13213523,-0.093362205,-0.120554626,-0.019756239,0.00487673
ECG_0073,0,normal,0.059210118,0.03383932,0.037240345,0.09257309,0.10805247,0.14873043,0.14741188,0.11229522,0.09693153,0.14247738,0.15800399,0.095188834,0.089276895,0.06479852,0.011349475,-0.050685883,-0.046399057,-0.036432095,-0.06971518,-0.06731042,-0.09810509,-0.074923046,-0.047779158,-0.013216063,0.06178166,-0.0019024602,0.111776285,0.14866444,0.1455089,0.23592186,0.21539412,0.23941304,0.3101819,0.28161275,0.25782242,0.2347801,0.19553778,0.23279282,0.16529019,0.08414559,0.028028974,0.049545307,-0.006286715,-0.08296606,-0.05970747,-0.10876648,-0.10737634,-0.12612459,-0.16646622,-0.1304304,-0.1578066,-0.14164846,-0.12264942,-0.041831717,-0.040557053,0.07370138,0.18583484,0.26271123,0.41556993,0.8139575,1.0789397,1.3345491,1.5074798,1.5212064,1.422392,1.124966,0.8530171,0.54584527,0.29758573,0.13760415,0.063382566,0.0055915467,-0.031981405,-0.09870863,-0.10472446,-0.102959275,-0.13394907,-0.14970283,-0.124349125,-0.0835243,-0.024900168,0.031121574,-0.003993125,0.06570199,0.12162806,0.20487516,0.211906,0.25782064,0.26593167,0.3535974,0.35719612,0.35676742,0.37401736,0.4121467,0.3362971,0.32169807,0.35857043,0.29230568,0.27575085,0.23166962,0.1826128,0.13907766,0.14367706,0.12747803,0.104714945,0.022595052,0.0899726,0.039368056,0.032889683,0.061237697,0.10625851,0.11542739,0.1108153,0.16266535,0.1590222,0.15170346,0.15722303,0.19483654,0.17791755,0.13044898,0.18194158,0.12083104,0.15637712,0.03563474,0.038482193,-0.012331583,-0.055622898,-0.07414265,-0.03617792,-0.10990552,-0.15683106,-0.19987068,-0.20108096,-0.16226725,-0.15441409,-0.12441891,-0.16213545,-0.06818877,-0.0027293568,0.048719794
ECG_0074,0,normal,-0.056833092,0.009573148,0.03989341,0.098466426,0.08129329,0.18615709,0.14791079,0.14639923,0.19378524,0.1341087,0.12851965,0.07028445,0.023762913,0.016103392,0.068955,-0.007260511,-0.044022255,-0.10193548,-0.058274373,-0.13048859,-0.1312404,-0.08561905,0.014417389,0.045260902,0.013205801,0.04828678,0.061649278,0.15339026,0.19151431,0.23945554,0.26445034,0.24420136,0.27139926,0.23029438,0.25669912,0.20813984,0.21426193,0.18416655,0.14328927,0.13046828,0.02292007,0.00059268076,-0.012712431,-0.08339582,-0.08477099,-0.11193458,-0.08400577,-0.13510078,-0.11733541,-0.1403655,-0.15893947,-0.12465049,-0.084798485,-0.039958913,-0.036109183,-0.016897237,0.080796234,0.2750804,0.43306276,0.8364753,1.1071069,1.3414646,1.4918519,1.5644944,1.350067,1.0896218,0.7915307,0.5344413,0.32548657,0.18509504,0.077883445,-0.01899801,-0.031269528,-0.11099246,-0.16460662,-0.14061442,-0.14661793,-0.13461424,-0.12894224,-0.09012652,-0.026165867,0.044809964,-0.015072104,0.0449903,0.10862055,0.2040059,0.2216009,0.24898931,0.32979345,0.3677869,0.3614753,0.3519022,0.38991114,0.37133878,0.35921332,0.33157587,0.34875235,0.29752883,0.28672925,0.25970685,0.19744226,0.13433233,0.1499401,0.10657787,0.15029033,0.06746229,0.07175591,0.05881883,0.052567612,0.058553778,0.09015197,0.11484873,0.15310854,0.14680089,0.1409397,0.15908699,0.13877597,0.2323659,0.16415788,0.20073734,0.16482326,0.14435124,0.10509009,0.054090474,0.0148473885,0.06052171,-0.02294139,-0.025780898,-0.04774774,-0.12653203,-0.12037464,-0.1436615,-0.1841565,-0.15173775,-0.11777826,-0.13266827,-0.10371523,-0.07063933,0.02978463,-0.054986913
ECG_0075,0,normal,0.015049591,0.026014758,0.04630078,0.085758515,0.13790776,0.1574249,0.15218563,0.18287586,0.18406881,0.15908141,0.10012478,0.107641645,0.079854,0.009945299,-0.04373745,-0.08693441,-0.050162636,-0.06370309,-0.12106534,-0.058376815,-0.07966215,-0.028368855,-0.03310126,-0.04366593,0.040491346,0.08861607,0.09443143,0.10778654,0.18966281,0.1857435,0.27075577,0.23790872,0.30645645,0.18758878,0.2446317,0.26623857,0.17376904,0.16803548,0.12913409,0.08611906,0.077370726,-0.0063224807,-0.007939705,-0.024618091,-0.07901787,-0.1307018,-0.09239072,-0.11746909,-0.17945391,-0.18823896,-0.17142719,-0.11230381,-0.098414086,-0.05205847,-0.04192439,0.0047860555,0.15989569,0.26826933,0.5087962,0.73612446,1.0721046,1.3908166,1.5036532,1.5580859,1.3135456,1.1033869,0.8093685,0.58329487,0.27179074,0.16944467,0.07824226,-0.040665913,-0.0730909,-0.08661361,-0.15442519,-0.13413358,-0.08414677,-0.09997499,-0.10486353,-0.07290106,-0.027339222,0.016524553,0.019995866,0.12966397,0.17185438,0.20135137,0.20246053,0.24010588,0.29849333,0.34091815,0.30898333,0.39122954,0.42042664,0.39563105,0.34616214,0.32311577,0.3299984,0.28543332,0.26894945,0.23766871,0.21642956,0.11556294,0.12537889,0.081703685,0.06923024,0.08409147,0.08001904,0.09205942,0.06830828,0.063017026,0.07373831,0.04717081,0.15866895,0.12787843,0.1700033,0.18926251,0.14110462,0.1548291,0.22680369,0.1804272,0.13910916,0.13144888,0.14120063,0.105753876,-7.9002646e-05,0.057696264,0.002624218,-0.064113185,-0.12504663,-0.08258636,-0.11878699,-0.18874577,-0.15640244,-0.052388165,-0.13490841,-0.1399565,-0.124224834,-0.012275354,-0.008128465,0.04225773
ECG_0076,0,normal,0.00744585,0.07123551,0.040070817,0.098972514,0.12649807,0.1771626,0.15617041,0.13132827,0.14792605,0.08429774,0.04688149,0.11774864,0.05363566,0.026571723,0.028274119,0.015659172,-0.03622366,-0.014802097,-0.07053122,-0.08069138,-0.07701703,-0.1074173,-0.015537379,-0.085039906,0.009155323,0.069200665,0.08716727,0.13749665,0.2418352,0.24888955,0.2165543,0.23603703,0.21640831,0.27246335,0.23309556,0.1643628,0.20350169,0.18598089,0.17011939,0.10443144,0.05885191,0.092128105,-0.0044130567,-0.018511062,-0.08875125,-0.07999838,-0.16696516,-0.15323882,-0.18446653,-0.16756494,-0.10535535,-0.14703178,-0.08513359,-0.030242996,-0.032967202,0.062341098,0.14826287,0.2883659,0.5257093,0.83782035,1.0700808,1.3317586,1.494604,1.5634836,1.4173572,1.1040576,0.75042874,0.510776,0.32329825,0.14731318,0.051944736,-0.034721553,-0.031462513,-0.08056672,-0.09238673,-0.115708515,-0.10669908,-0.101897486,-0.12800324,-0.06510134,-0.021021139,0.028006492,0.049171504,0.054664824,0.10802441,0.1679792,0.23343323,0.2670455,0.2745795,0.3052036,0.29908243,0.28280452,0.3778493,0.44794375,0.4203471,0.3176009,0.32549995,0.24609505,0.21629493,0.18369289,0.17690788,0.14405285,0.12631138,0.11250442,0.062082868,0.059245262,0.018010894,0.009771201,0.0105714,0.08579496,0.07118742,0.043079853,0.11658423,0.10007074,0.20463774,0.15152796,0.19890927,0.21519838,0.15174524,0.17399554,0.17313077,0.13870569,0.11944655,0.03783556,0.06052454,-0.0059171775,-0.015876686,-0.031939264,-0.06923069,-0.10374503,-0.11381597,-0.12435949,-0.10457506,-0.14719488,-0.13048474,-0.08973539,-0.10868157,-0.10549635,-0.018764345,-0.0061461558
ECG_0077,0,normal,-0.03622553,0.048631188,0.10845442,0.045202512,0.14855622,0.059577163,0.13459653,0.2053091,0.1361541,0.13728829,0.13939653,0.041314192,0.067040816,0.036340635,0.05921535,-0.06332336,-0.06370448,-0.10049496,-0.11664425,-0.055935703,-0.08342916,-0.08551945,-0.059752714,-0.028572734,0.012528813,0.030579392,0.10309825,0.14027314,0.16392003,0.22042023,0.2443258,0.2334246,0.2503944,0.31607226,0.30420083,0.19173409,0.17304476,0.14102942,0.17293678,0.09467621,0.07722227,0.09244919,-0.004924585,-0.018910456,-0.056952436,-0.11834219,-0.091521434,-0.16486782,-0.1080219,-0.16703928,-0.15720849,-0.16131663,-0.13440906,-0.08856388,-0.10508034,0.025528112,0.117091075,0.30857313,0.5158892,0.7613931,1.0754423,1.3534961,1.56972,1.5089816,1.3618834,1.0863111,0.77004796,0.5402288,0.31294975,0.18779773,0.07777657,0.05289228,-0.06410137,-0.09867836,-0.14898743,-0.09958314,-0.118874095,-0.09611665,-0.13433473,-0.06574511,-0.038610395,-0.0024767,0.016190313,0.11930208,0.19387317,0.14772332,0.24936265,0.18437709,0.32834974,0.28299055,0.34628907,0.33699802,0.3753344,0.40350065,0.31072432,0.33616346,0.30560178,0.3374639,0.26861104,0.18430056,0.16953401,0.19620977,0.14016128,0.06506093,0.06417718,0.051105928,0.034685813,-0.0012002529,0.035211917,0.107993506,0.06989033,0.09611585,0.12269266,0.20407961,0.15509261,0.20171097,0.16051868,0.17474751,0.18076967,0.14849015,0.1504152,0.16188082,0.08460259,0.07772711,0.06516546,-0.016066233,0.0065021906,-0.057352424,-0.09424862,-0.17445105,-0.1442882,-0.13386405,-0.09707974,-0.12913668,-0.10161697,-0.15397052,-0.09777461,-0.02881593,-0.060193256,0.028991234
ECG_0078,0,normal,0.021999827,0.04185664,0.05565935,0.064505935,0.17114784,0.15464507,0.1568236,0.13770813,0.14713998,0.13953166,0.12850682,0.11483861,0.04140383,-0.009583667,0.005874145,-0.07866766,-0.06196813,-0.08791998,-0.07085945,-0.030279875,-0.14256641,-0.0006268828,-0.05120959,-0.0012416624,-0.015702056,0.0984189,0.11210431,0.14920531,0.12853238,0.21798274,0.26250398,0.24303566,0.2899444,0.2853004,0.22135498,0.27121022,0.20183703,0.17430387,0.1441946,0.10871156,-0.008871958,0.026974976,-0.045529034,0.008692154,-0.024982568,-0.07513752,-0.13045031,-0.16961725,-0.16794573,-0.091136485,-0.16363537,-0.19932987,-0.07577631,-0.030745858,0.017636588,0.063678525,0.1683759,0.28646082,0.44091094,0.78345865,1.107846,1.3564765,1.5197163,1.5047272,1.3534241,1.1753131,0.8707395,0.5309392,0.31530833,0.119889125,0.06581155,0.03376825,-0.10776211,-0.076945975,-0.09380996,-0.10465229,-0.0731456,-0.054574087,-0.10716551,-0.056098025,-0.04223937,-0.02561121,0.044812717,0.10376733,0.13887179,0.1545982,0.2138425,0.25703537,0.28301814,0.34850138,0.37458146,0.4057743,0.3560741,0.36101246,0.4130808,0.342013,0.32190678,0.2847793,0.28964913,0.25477132,0.21706909,0.15032367,0.09255724,0.15036432,0.09787857,0.044459432,0.093539834,0.034037843,0.09786167,0.11066607,0.053680178,0.11666621,0.14194262,0.21598266,0.13255735,0.21186891,0.17898446,0.14528857,0.17679347,0.17178807,0.12476003,0.1446045,0.1373478,0.084870465,0.027648127,0.004213586,-0.026496524,-0.05301928,-0.056000024,-0.10604843,-0.17516072,-0.16188145,-0.14445946,-0.11244962,-0.09646806,-0.06445683,-0.09005151,-0.04253905,-0.07719509,0.012931002
ECG_0079,0,normal,-0.03225763,0.031738754,0.15641558,0.10320141,0.09197207,0.14792286,0.13109286,0.1212713,0.20909801,0.16659449,0.12687665,0.0810537,0.05555429,0.0806887,0.012543046,-0.11873529,0.020369854,-0.06715241,-0.07531083,-0.057156943,-0.07026661,-0.046445176,-0.05692904,-0.048569784,0.03514989,0.11146119,0.09142606,0.12920861,0.22328451,0.20205149,0.22481233,0.23892969,0.252769,0.20410441,0.22440763,0.23026784,0.20717531,0.2075513,0.19640693,0.1520066,0.09747162,0.02807813,-0.023302713,-0.039561566,-0.054997694,-0.07603753,-0.104603715,-0.14301206,-0.12461243,-0.111589566,-0.116464645,-0.12962238,-0.13169673,-0.10148797,-0.05257641,0.04024034,0.14792441,0.24243683,0.48807994,0.78992075,1.0622085,1.3735517,1.5159185,1.5119481,1.3850724,1.131937,0.78905326,0.5237403,0.320893,0.12645216,-0.0031984001,-0.06511844,-0.07442671,-0.13041502,-0.12041229,-0.0705322,-0.16378808,-0.12413278,-0.03619186,-0.06404933,-0.055798084,-0.01135423,0.049569167,0.1344955,0.11643833,0.15830533,0.18638507,0.27380547,0.26612082,0.32518172,0.3347776,0.40861246,0.36655086,0.39024475,0.31832096,0.35089308,0.28490803,0.277263,0.3219943,0.2475823,0.17982046,0.2454949,0.09127507,0.12756443,0.026209062,0.050841518,0.010391577,0.05782439,0.057219677,0.05708758,0.11408637,0.08220049,0.12828244,0.16215202,0.11032974,0.14644018,0.18007992,0.20143409,0.22303022,0.16523774,0.1470326,0.10906141,0.11851305,0.06881092,0.03568248,0.005851093,-0.009811381,-0.07645085,-0.11245969,-0.101254895,-0.22385156,-0.16312216,-0.18397938,-0.11007561,-0.14863144,-0.13451888,-0.095428616,-0.083299495,-0.045640696,0.0029478671
ECG_0080,0,normal,-0.012660922,0.020738406,0.0352157,0.059481274,0.11970557,0.14488721,0.10376042,0.17289186,0.16892526,0.16383082,0.12550722,0.111920856,0.13042875,0.025368594,-0.028025026,-0.072272934,0.00041191714,-0.019580664,-0.11334989,-0.111577414,-0.09394843,-0.032124728,-0.082836404,-0.07067451,0.09176835,0.07788395,0.12449254,0.14489615,0.20062748,0.17034267,0.2119015,0.25327876,0.1865917,0.24223801,0.2296629,0.21427609,0.18394573,0.14293475,0.086564206,0.1109745,0.061028324,-0.008718279,-0.0027346388,-0.04894642,-0.08639578,-0.16540252,-0.102813266,-0.17636833,-0.1463202,-0.1736638,-0.15453126,-0.094093226,-0.09073273,-0.041859753,-0.022228317,0.04441239,0.07889613,0.27534705,0.4964525,0.8193321,1.074012,1.3684804,1.5319141,1.568381,1.3794639,1.1450022,0.7633632,0.48259807,0.2383623,0.17289442,0.06674431,0.007883605,-0.08220604,-0.1077689,-0.11361206,-0.07716951,-0.07161528,-0.09184038,-0.090230405,-0.036231756,-0.052441657,-0.018375997,0.03281763,0.054260906,0.12711366,0.1475114,0.25849956,0.28702322,0.35117832,0.2902167,0.419089,0.32921448,0.34585354,0.35971218,0.40567535,0.35371506,0.31368795,0.26625362,0.21438016,0.2535959,0.20763202,0.19010015,0.13063486,0.013344861,0.034851808,0.07210534,0.03973376,0.033340853,0.022443768,0.09474521,0.09501044,0.1142492,0.09946883,0.14282401,0.114693426,0.16499777,0.102626204,0.135486,0.17072374,0.24296768,0.10250444,0.09793188,0.11511677,0.13080713,0.049968626,0.029732004,-0.036488336,-0.07485758,-0.08682942,-0.1339553,-0.111351736,-0.19319998,-0.122740485,-0.14499396,-0.14184508,-0.16698693,-0.1233636,-0.029478779,-0.03981922,0.008386509
ECG_0081,0,normal,-0.026385669,0.03274329,0.024355866,0.09709126,0.12900569,0.14530763,0.119497575,0.1398321,0.16211966,0.12824701,0.10789139,0.14991243,0.036348302,0.0668268,-0.0312947,-0.006607707,-0.031013723,-0.08795524,-0.122136205,-0.14887078,-0.102682106,-0.053065874,-0.076546185,-0.008767465,-0.017549984,0.061496105,0.07644882,0.14870992,0.17162155,0.18005785,0.21736293,0.22209932,0.2153007,0.28379592,0.22978258,0.15729004,0.18177976,0.20025286,0.1183844,0.1515644,0.04433218,0.04764241,0.026488516,-0.026592098,-0.11379988,-0.12896973,-0.08819416,-0.16351514,-0.118948,-0.16232428,-0.13862634,-0.17024522,-0.1249293,-0.102020144,-0.025371894,0.03532401,0.14620979,0.27015713,0.4752929,0.78810406,1.0583112,1.3928874,1.5217057,1.5238667,1.3973415,1.1178777,0.7647676,0.49917576,0.3385939,0.1518314,-0.003912729,-0.00845786,-0.078662954,-0.11709747,-0.14432682,-0.09048261,-0.18139508,-0.1407806,-0.09655719,-0.028942343,-0.028150637,-0.03202849,0.08256889,0.04296864,0.14032403,0.19566718,0.20131585,0.29164037,0.29287475,0.35994947,0.30685022,0.38643804,0.36943957,0.41282794,0.3651243,0.38442475,0.33623123,0.28620717,0.2792883,0.24343883,0.19783014,0.0807576,0.0892535,0.1341311,0.03451092,0.08463304,0.07201885,0.028333541,-0.0043163784,0.04925015,0.1436651,0.07331514,0.09464917,0.10760791,0.1912699,0.16160513,0.15968691,0.22493371,0.19777791,0.14413542,0.11981922,0.1699844,0.10911717,0.031252522,-0.00959002,-0.024813414,-0.06354476,-0.12092124,-0.12228016,-0.14177904,-0.14696026,-0.09422452,-0.15744539,-0.15120059,-0.12012579,-0.12481693,-0.08196535,-0.05701988,-0.029883593,0.08302854
ECG_0082,0,normal,0.027334066,0.001163271,0.07662709,0.07034268,0.13127398,0.09443357,0.11337174,0.16041085,0.1759339,0.14966947,0.14213407,0.10402295,0.07005286,0.019303443,0.027735773,0.0044952375,-0.05415177,-0.076152064,-0.03786972,-0.09037044,-0.08195812,-0.054325655,-0.047151525,-0.036286134,0.038081877,0.067350104,0.16612764,0.1747028,0.16878946,0.23764065,0.2463651,0.2894068,0.23898481,0.25697383,0.23761502,0.22511119,0.17392221,0.19008887,0.15376408,0.1451888,0.069731265,0.020184983,0.01906819,-0.06392405,-0.040015522,-0.06821041,-0.08557792,-0.1280781,-0.16281319,-0.14614011,-0.13146739,-0.14546625,-0.066687785,-0.058358427,-0.05890657,0.08901429,0.13525198,0.2520497,0.47829217,0.8272557,1.1439484,1.3908192,1.5647206,1.5701492,1.4001837,1.1300399,0.83070505,0.5530991,0.28461468,0.17127363,0.09029281,-0.025212396,-0.07128262,-0.076566085,-0.12947036,-0.15998505,-0.087998554,-0.12918317,-0.099607535,-0.09459699,-0.0064637386,0.018947534,0.029466106,0.048225418,0.12195604,0.19813822,0.23340839,0.27398553,0.31464243,0.36185908,0.36078233,0.38988915,0.3521952,0.45495236,0.35792795,0.35305566,0.3379968,0.2777087,0.25589296,0.21948732,0.1562517,0.16268432,0.06925366,0.14518918,0.095978424,0.07733287,-0.0012739941,0.026330251,0.09722093,0.19085477,0.11716543,0.13032177,0.13422611,0.11211046,0.1846816,0.13585639,0.14214653,0.14432362,0.20966478,0.1699917,0.15955247,0.13477717,0.07484203,0.057602514,0.025290664,-0.033490397,-0.041486524,-0.091978125,-0.07196468,-0.09437749,-0.17188899,-0.15391077,-0.09375829,-0.17559624,-0.12260432,-0.11453173,-0.06118331,-0.05657432,-0.046500113,0.0020374784
ECG_0083,0,normal,0.00244139,0.030864075,0.025947083,0.13138744,0.14987947,0.104363516,0.13758335,0.14334105,0.11130826,0.07858625,0.09639277,0.08211633,0.021640975,0.039723575,0.03823141,-0.0009876553,-0.05605887,-0.12785663,-0.06414083,-0.08536602,-0.07149816,-0.0107693495,-0.06896169,-0.0979204,-0.0048607285,0.083094105,0.111667916,0.11458025,0.14406241,0.20513058,0.19974628,0.26574302,0.24237563,0.23250002,0.21783954,0.23125048,0.20175646,0.17887023,0.14662904,0.10446622,0.039038125,0.010628764,-0.016450888,0.02185794,-0.11303014,-0.11326496,-0.120348275,-0.14847678,-0.11599921,-0.15867068,-0.1499057,-0.10422315,-0.052359924,-0.033536,-0.0362395,0.031042656,0.13373187,0.28928277,0.47777936,0.81072,1.0953971,1.3591889,1.487007,1.5355194,1.3266798,1.1027192,0.7976162,0.5396285,0.36325812,0.16647209,0.08998637,0.0003351429,-0.028133582,-0.03514865,-0.13193575,-0.14439362,-0.1023658,-0.11576499,-0.093550384,-0.08375324,-0.062654145,0.04197519,0.0036924575,0.10421411,0.14809078,0.13366324,0.20282592,0.25083187,0.325229,0.32808414,0.3594704,0.33265933,0.4515801,0.3804727,0.38141376,0.3307291,0.30142403,0.34741297,0.19815657,0.22797647,0.14732774,0.1373766,0.099587485,0.063028604,0.07325255,-0.018881673,0.041360613,0.047397412,0.014762274,0.11171409,0.063490905,0.09208894,0.10071032,0.1350884,0.1940707,0.24308309,0.20083326,0.21516931,0.23188591,0.17918026,0.20363426,0.15901133,0.11293315,0.08823467,-0.010739058,0.017431326,-0.07267265,-0.108297005,-0.08350859,-0.14762898,-0.13329323,-0.14085878,-0.1439486,-0.173297,-0.108442985,-0.12037445,-0.080737665,-0.10133151,-0.038911078,0.03295339
ECG_0084,0,normal,0.02910562,0.00969615,0.04915368,0.064434186,0.09819408,0.093717165,0.14245984,0.16908777,0.122452244,0.13187195,0.109895594,0.12446196,0.04653022,0.01715776,-0.022034915,-0.060376424,-0.03638275,-0.0766976,-0.083967604,-0.051518552,-0.044266276,-0.11823946,-0.024782298,-0.004906515,0.012895179,0.078343265,0.059068643,0.1949286,0.20210226,0.18981291,0.21956682,0.19902962,0.24529971,0.23683159,0.20083451,0.24665786,0.2387821,0.1719907,0.13205576,0.11968163,0.069442876,7.4790805e-05,-0.024190981,-0.048991,-0.06511946,-0.100415565,-0.11698521,-0.18512164,-0.12826176,-0.14931327,-0.06628818,-0.14029104,-0.09697752,0.009115623,-0.026317134,0.030499166,0.102722645,0.33072078,0.46842673,0.79543585,1.0749922,1.3548546,1.4824234,1.5739446,1.3751422,1.0837159,0.8520899,0.51589453,0.31690085,0.17455736,0.060755335,-0.08492029,-0.041024484,-0.093880884,-0.11985149,-0.123752736,-0.17073111,-0.10988951,-0.14109273,-0.08486842,-0.04007845,0.025573362,0.012099897,0.12716997,0.16076954,0.16815135,0.19448684,0.22739811,0.31644407,0.31697667,0.3980188,0.35600305,0.35478264,0.38534564,0.3458623,0.34720436,0.3505825,0.29354933,0.25928715,0.22577147,0.13287988,0.16128178,0.123528264,0.11939485,0.09036362,0.052100744,0.081797056,0.04132719,0.06295528,0.056983043,0.0951774,0.087918766,0.16790344,0.19805627,0.18104452,0.2151315,0.13228765,0.13988817,0.17074627,0.17295106,0.15058051,0.08597524,0.14316128,0.14235039,0.08233308,0.041233446,-0.019576635,-0.08482885,-0.0871191,-0.05103898,-0.14363946,-0.15866055,-0.11622098,-0.11096277,-0.16084051,-0.12554193,-0.1090271,-0.063347645,-0.00045064985,-0.02408627
ECG_0085,0,normal,0.032690234,0.036664467,0.1353062,0.10365971,0.11497891,0.15293063,0.13649073,0.096235424,0.1387882,0.12690133,0.06874102,0.090617344,0.0028646688,0.023983637,0.010653599,-0.023341255,-0.06459039,-0.07521019,-0.10913383,-0.08943329,-0.08248611,-0.09585993,-0.036186364,-0.0038323433,0.021756612,0.14114416,0.106639065,0.1426723,0.17398214,0.18664066,0.25770605,0.22953661,0.23767999,0.2351663,0.21103953,0.1708243,0.18658999,0.19901158,0.14713456,0.15344934,0.09256073,0.048259113,0.05186883,-0.043012284,-0.07067279,-0.1010396,-0.076982684,-0.13930133,-0.16766661,-0.13178548,-0.16735725,-0.11265785,-0.09426604,-0.081443034,-0.015165536,-0.012105615,0.13721916,0.27098984,0.5890677,0.78729695,1.0713071,1.3191856,1.5643035,1.5231497,1.3597356,1.1302576,0.8340007,0.55003726,0.30745515,0.15409057,0.05349542,-0.008929335,-0.04913863,-0.058028888,-0.108288184,-0.14498459,-0.12675887,-0.09304121,-0.15375683,-0.1297158,-0.0172181,0.038955934,-0.0012677101,0.08663612,0.12037758,0.17320874,0.23691525,0.23192649,0.27507493,0.33005765,0.35767683,0.34261012,0.4054922,0.36581,0.35378918,0.35542762,0.3171356,0.31515673,0.22765553,0.17769547,0.17437921,0.15133373,0.08150764,0.050975326,0.07765823,0.035425786,0.007249918,0.07906635,0.03658673,0.10081188,0.08217879,0.108056225,0.1121319,0.05788051,0.12072278,0.16512133,0.18940596,0.12883927,0.17878504,0.1380462,0.16356534,0.13465726,0.13091858,0.10972913,0.05767315,0.034479555,-0.0368705,0.025154592,-0.12585951,-0.13003929,-0.10603906,-0.12243018,-0.13481842,-0.1259138,-0.19791017,-0.070018426,-0.10008667,-0.028061498,-0.094567046,0.00773161
ECG_0086,0,normal,-0.016904777,0.050778534,0.07503254,0.10507622,0.086118214,0.13398011,0.14120011,0.16495292,0.17568274,0.13910441,0.07822538,0.09603576,0.14321026,0.0837944,-0.08588627,-0.024350844,-0.024294715,-0.07811409,-0.099414624,-0.09776671,-0.067663014,-0.10330653,-0.008556678,-0.013355712,-0.0013078194,0.10224326,0.06450621,0.13439304,0.16950367,0.2800871,0.2165785,0.18547507,0.23726398,0.26498005,0.26411036,0.291653,0.24268511,0.17844918,0.11448269,0.1553529,0.058975138,0.01279545,-0.017122855,-0.077666566,-0.08651566,-0.10768892,-0.10137659,-0.15101944,-0.18624207,-0.19752891,-0.13658236,-0.12648323,-0.123310655,-0.089784645,-0.020485274,0.07424447,0.10892596,0.28753987,0.5319479,0.7593388,1.0887299,1.3593948,1.4858025,1.5387057,1.3844225,1.1368212,0.77890253,0.5313178,0.34831464,0.21163987,0.08493818,-0.054333366,-0.048353605,-0.10535687,-0.101463616,-0.14364699,-0.17383432,-0.12599015,-0.07848292,-0.067653246,-0.03267795,-0.0001572417,0.048824117,0.09950769,0.12412349,0.18352036,0.28004706,0.2749735,0.30956835,0.34218174,0.35550085,0.36332807,0.38806313,0.36316538,0.36207828,0.3232324,0.3242432,0.30755827,0.24930076,0.15936571,0.201384,0.15313216,0.08893337,0.11580604,0.03023654,0.08952143,0.04910427,-0.01795984,0.06089046,0.054131754,0.06461918,0.07708169,0.11466042,0.122979715,0.09912567,0.20705464,0.17113335,0.16057144,0.14654037,0.1948361,0.117573775,0.1392589,0.09110406,0.061961852,0.010796664,-0.009941835,-0.02609585,-0.05247956,-0.11286272,-0.11693466,-0.10642619,-0.19489068,-0.14962816,-0.17469688,-0.16698398,-0.109867044,-0.11032748,-0.10194242,0.0061672456,0.02763724
ECG_0087,0,normal,-0.05796889,-0.010617914,0.08332414,0.08554857,0.16290371,0.15417928,0.15558909,0.11943774,0.16074704,0.09631722,0.15566789,0.10547256,0.04013306,0.058554564,0.070591465,-0.032779653,-0.035745904,-0.08559916,-0.08305133,-0.13497482,-0.08424459,-0.067545116,0.009752596,-0.065526016,0.018316405,0.10715627,0.10360699,0.14590909,0.16165616,0.18779068,0.18235351,0.23124756,0.22503778,0.2548547,0.21695778,0.20896907,0.18691202,0.17136656,0.12536949,0.074778505,0.072605036,0.06456466,-0.00075665535,-0.058392532,-0.07625945,-0.16221465,-0.12747838,-0.15138742,-0.1762221,-0.1719787,-0.15517649,-0.098888256,-0.07391946,-0.103604704,-0.047682203,0.017750384,0.15661666,0.289238,0.5059835,0.7987101,1.0713065,1.4014512,1.525089,1.5079734,1.3765869,1.1571264,0.8017549,0.5595054,0.28810227,0.12634496,0.06632223,-0.0452404,-0.037208978,-0.08031369,-0.13618845,-0.12262377,-0.13889335,-0.10518534,-0.043527048,-0.08741438,-0.028753094,-0.005914532,0.03741002,0.07866619,0.10664141,0.19108784,0.21908706,0.24356858,0.33871666,0.34206548,0.35519513,0.41659045,0.32672033,0.41652146,0.3400381,0.35329384,0.30336094,0.2623424,0.29507482,0.27530357,0.17703608,0.15959089,0.12044005,0.14452314,0.008794783,0.0694729,0.02901148,-0.02057281,0.044724666,0.12175899,0.061643183,0.12293643,0.15443707,0.13715447,0.15844004,0.11740367,0.15697917,0.20973973,0.18221347,0.18273437,0.16052146,0.20099941,0.09569793,0.12588674,0.04790855,0.059493717,-0.06310957,-0.053999364,-0.10110555,-0.11002245,-0.09640853,-0.13364753,-0.11282861,-0.16627999,-0.1600885,-0.11721424,-0.095129505,-0.071014106,-0.062320203,0.0359941
ECG_0088,0,normal,-0.010884824,0.07639728,0.065902725,0.11354765,0.13461776,0.110960945,0.1576212,0.2079436,0.15355219,0.16162844,0.1373087,0.10201988,0.07047234,0.05083371,0.026244195,-0.06681606,-0.044839215,-0.07816662,-0.097357705,-0.050878856,-0.106223084,-0.1106955,-0.020345852,-0.05428774,-0.031095384,0.095760785,0.115621805,0.16523091,0.1733811,0.17423666,0.2015555,0.24195835,0.21654634,0.26052514,0.22671409,0.22890788,0.20513262,0.1844155,0.15620963,0.09631507,0.07555112,0.03962041,-0.07747735,-0.020702144,-0.06806679,-0.0837742,-0.1619016,-0.14885,-0.18096419,-0.1270777,-0.18502295,-0.15652165,-0.09065185,-0.094642185,-0.0599916,0.059729666,0.16076165,0.30653495,0.5286611,0.7756748,1.0830611,1.3410922,1.5301733,1.5178138,1.3704842,1.1381656,0.8500453,0.5429665,0.3606921,0.1281494,-0.008604934,0.0024176145,-0.08504019,-0.09907324,-0.16307452,-0.1474568,-0.16749695,-0.12868373,-0.11199754,-0.07359442,-0.007574694,0.013659436,-0.011976798,0.1018628,0.13571657,0.17809884,0.22706833,0.27684918,0.28753486,0.33362466,0.39755628,0.35527158,0.35090613,0.37648562,0.3325267,0.29526436,0.31066883,0.3334911,0.2545001,0.22497438,0.119768396,0.1626704,0.12153129,0.07266049,0.07759081,0.06326285,0.019040631,0.060061723,0.09145463,0.05947928,0.055296835,0.09388606,0.14411528,0.10074581,0.17218313,0.14855218,0.18572599,0.16559955,0.16338259,0.21740697,0.11425414,0.14980029,0.16055326,0.0982901,0.0039705397,-0.029779667,-0.048908982,-0.05480169,-0.08251667,-0.15235752,-0.15926254,-0.1693563,-0.1548625,-0.08663249,-0.16339907,-0.14700612,-0.12796415,-0.046371985,-0.034801498,-0.02685224
ECG_0089,0,normal,-0.010883576,0.009869621,0.07439717,0.17462608,0.1344124,0.13289954,0.12665585,0.109791614,0.16801453,0.15497077,0.10252752,0.12920842,0.06551118,0.057657063,0.012231629,-0.031565215,-0.08090484,-0.07701038,-0.060350377,-0.10500184,-0.07103646,-0.10133451,-0.020815589,-0.0022876828,-0.009320414,0.061792314,0.13880336,0.11327836,0.15452543,0.21368393,0.30112904,0.22994667,0.26957664,0.2591176,0.22290224,0.22819081,0.18704315,0.16207737,0.091387,0.105899,0.097004846,0.03426294,0.028104592,-0.022688095,-0.074351296,-0.119533435,-0.1378842,-0.18349211,-0.15623066,-0.14503577,-0.09140682,-0.11281239,-0.13262689,-0.118942,-0.038336445,0.056881018,0.12571181,0.30113232,0.49776602,0.8041322,1.0412811,1.40866,1.4917668,1.5574627,1.3753107,1.1166937,0.80727607,0.5386868,0.32058838,0.18106571,0.088772774,-0.009066576,-0.010474959,-0.0880733,-0.077657424,-0.1076189,-0.13890627,-0.11021761,-0.08506584,-0.07725918,-0.03238069,0.019313138,0.035987098,-0.0046942914,0.18271203,0.1721059,0.20305091,0.23698929,0.29819807,0.32221276,0.33992782,0.35592496,0.39769506,0.43924773,0.39106086,0.3806258,0.30968055,0.2931724,0.26845267,0.19983032,0.17090094,0.1751632,0.1514391,0.09463024,0.03633458,0.049291443,0.007585335,0.052362185,0.063202664,0.058196213,0.088576,0.1117205,0.12618275,0.10148947,0.14722845,0.1811879,0.22582544,0.17437172,0.1969183,0.19805868,0.1506279,0.16969153,0.14467874,0.11913598,0.057656415,0.079471864,-0.044818718,0.0041833976,-0.066245966,-0.073995,-0.14268094,-0.11967758,-0.10663087,-0.17879412,-0.14030324,-0.18193497,-0.09931993,-0.08991857,-0.04009428,0.087743856
ECG_0090,0,normal,0.051534396,-0.009568496,0.08219258,0.11806272,0.10774955,0.14103842,0.15488459,0.10969528,0.11506395,0.13975903,0.11949263,0.07155152,0.04104669,0.031720866,0.029930247,-0.028545713,-0.0035763758,-0.0935189,-0.0798186,-0.10038665,-0.06658987,-0.09230007,0.013604594,-0.062394295,0.078207314,0.0712124,0.12743288,0.19108509,0.21238378,0.19386804,0.2551318,0.30614823,0.22809967,0.3148664,0.2521589,0.21035998,0.1736795,0.1661129,0.08256681,0.09417476,0.062144227,0.00030775781,0.017824715,-0.046660908,-0.09163889,-0.110455684,-0.11264306,-0.13718016,-0.16924755,-0.14564614,-0.14438973,-0.16284592,-0.11533641,-0.0583808,-0.014975735,0.025629153,0.15263349,0.25547412,0.47473016,0.77508456,1.1341258,1.3654321,1.5168804,1.5799749,1.374868,1.1872107,0.7991706,0.5006668,0.30187178,0.14184234,0.022302706,0.059038,-0.05232639,-0.076934986,-0.12383701,-0.13781057,-0.091663375,-0.16592988,-0.13444693,-0.08371249,-0.004234964,-0.01788326,0.049172837,0.0844542,0.17125168,0.13349195,0.24982822,0.26474562,0.33603796,0.31451672,0.3627699,0.37331355,0.3517297,0.33992445,0.3490314,0.35084578,0.29829547,0.28013024,0.1990843,0.20849757,0.21438044,0.17068206,0.116122656,0.099917516,0.047341485,0.10689236,0.11285815,0.05505082,0.13326114,0.045912053,0.04379228,0.07792475,0.111892186,0.20689738,0.1463916,0.14310293,0.15151033,0.21673016,0.21031214,0.15714978,0.10025321,0.10138149,0.16025084,0.09838868,0.04586729,0.064732745,0.032389566,-0.06061712,-0.0898221,-0.13166802,-0.14161791,-0.18960157,-0.19415168,-0.19785312,-0.10287335,-0.16453946,-0.03547107,-0.08734966,0.018559247,-0.010917076
ECG_0091,0,normal,-0.046985313,0.072128296,0.10757639,0.066913255,0.1079369,0.10851531,0.14298932,0.1533285,0.13546233,0.08002339,0.09908417,0.11391396,0.05861099,0.024591023,-0.024577577,-0.04455268,-0.009989858,-0.1068376,-0.0639872,-0.08834613,-0.07688438,-0.09082312,-0.05477066,-0.011847529,0.0111229,0.07845572,0.12458331,0.21623053,0.19499964,0.15840156,0.27201968,0.2440079,0.3150762,0.29544127,0.2254298,0.2450139,0.18265952,0.17289224,0.1615047,0.1400221,0.09688822,0.034789857,0.06989208,-0.05104853,-0.12078108,-0.14313665,-0.07907606,-0.14167638,-0.14344656,-0.16569147,-0.15645052,-0.15227488,-0.092546746,-0.07868235,-0.019089721,0.042711236,0.11955394,0.24111088,0.4568258,0.8734217,1.1335441,1.4007401,1.5049032,1.533936,1.3590153,1.0808061,0.7968459,0.57080424,0.33208498,0.12021343,0.037089825,0.0034524729,-0.07901433,-0.088474885,-0.09792521,-0.10875257,-0.114805765,-0.13526554,-0.11669023,-0.11030273,-0.09160648,-0.010090213,0.06117608,0.04221387,0.14055313,0.20457257,0.17264731,0.26259515,0.35767776,0.35565343,0.3059244,0.39613894,0.35937065,0.39907604,0.34574127,0.34535688,0.30487657,0.29012716,0.2386398,0.21291092,0.1484047,0.16424643,0.123988874,0.04411197,0.1019768,0.052870564,0.05567814,0.07304296,0.06538784,0.10127362,0.07252579,0.13024634,0.12216463,0.15276438,0.16693525,0.20611452,0.20010646,0.16924113,0.16115507,0.17022151,0.13372369,0.103673525,0.044771954,0.03124656,0.10346564,-0.01102726,0.030743586,-0.04744429,-0.09078769,-0.15922478,-0.13293976,-0.08824631,-0.10271099,-0.13794619,-0.1698635,-0.14641234,-0.119547695,-0.027093675,0.0153903635,0.00591134
ECG_0092,0,normal,-0.009092121,0.08007625,0.036163222,0.09564949,0.13177544,0.10980517,0.1275277,0.1286815,0.18850563,0.19202116,0.119954325,0.084761836,0.046882745,0.03446663,-0.013160933,-0.029162047,-0.039861318,-0.08480367,-0.09129954,-0.095321424,-0.0937556,-0.08209587,-0.02135144,-0.064798005,0.0739713,0.07257864,0.12916067,0.17280167,0.16541216,0.18833809,0.20616105,0.24271198,0.27569458,0.23380068,0.25882578,0.15231916,0.18891117,0.20782563,0.13609602,0.08175778,0.050326746,-0.05830051,-0.0349647,-0.008380677,-0.09004314,-0.114632,-0.19325066,-0.18830194,-0.11251682,-0.13089693,-0.18179262,-0.14757918,-0.10755644,-0.11164478,-0.0922642,0.027751772,0.14950855,0.30262852,0.5294569,0.7360155,1.090936,1.3524811,1.5225247,1.5272973,1.3636627,1.029635,0.849364,0.54091835,0.26233393,0.16350882,0.03311516,-0.03159039,-0.084937625,-0.07475456,-0.13397534,-0.15338553,-0.08847778,-0.12102108,-0.10458559,-0.055519313,-0.06479398,-0.020692347,0.04585975,0.037381012,0.1389969,0.1583623,0.2534135,0.2871125,0.3207279,0.29088643,0.35893622,0.34107077,0.38069686,0.30887845,0.32021874,0.38261887,0.33207443,0.27941796,0.22839591,0.18708944,0.18967752,0.13921767,0.16512974,0.087065026,0.07395091,0.016504098,0.040004294,0.055415854,0.044356998,0.05174867,0.09113195,0.14465816,0.12282597,0.17186096,0.17347445,0.20142321,0.16017249,0.17632167,0.17430988,0.18810245,0.18029912,0.13899098,0.13491473,0.0608245,0.070464775,0.03914203,-0.0060353326,-0.055513836,-0.06789525,-0.14102675,-0.12712894,-0.1359965,-0.18932556,-0.13193582,-0.17286801,-0.13053493,-0.09277711,-0.08736041,-0.031084629,0.0020312644
ECG_0093,0,normal,-0.024605157,0.050654165,0.042595733,0.16273402,0.1146021,0.10055036,0.11707486,0.18452103,0.13372928,0.09367722,0.14212193,0.08034118,0.08448056,0.062481225,0.011579625,0.04562608,-0.104000576,-0.09718279,-0.093290396,-0.02192258,-0.030288626,-0.030191708,-0.06804106,-0.032001365,0.0018861078,0.045009945,0.15564127,0.14373632,0.18330899,0.23900044,0.18722329,0.2517034,0.22181228,0.2424811,0.2229952,0.20421737,0.20724563,0.17944792,0.13463055,0.11775262,0.043973606,0.052987743,-0.010796612,-0.054607823,-0.09640782,-0.10793759,-0.06717711,-0.14127621,-0.1825504,-0.12185117,-0.1570273,-0.12014923,-0.12485109,-0.03733775,-0.049862675,0.07446382,0.10085248,0.27608562,0.5451997,0.78766745,1.1573429,1.3524604,1.5328526,1.5908052,1.3380585,1.0710361,0.7906439,0.55541986,0.2585671,0.16722634,0.062335506,0.041410483,-0.030520638,-0.07994097,-0.06920665,-0.10431337,-0.13623223,-0.14999281,-0.117241964,-0.07749545,-0.03951583,-0.07070362,0.030101482,0.084479794,0.14879006,0.22983767,0.23331892,0.24342571,0.25374907,0.35970554,0.33596548,0.40239388,0.42372537,0.3320146,0.3830605,0.38572654,0.35157403,0.22714105,0.23004866,0.18121165,0.19937703,0.16192645,0.03779356,0.08358298,0.09621089,0.06259848,0.055213276,0.039156303,0.023772342,0.06580585,0.08288746,0.117671095,0.13937189,0.14011122,0.18767363,0.15764487,0.13514335,0.1968411,0.18418448,0.18662207,0.11859319,0.18896317,0.1299286,0.06908453,0.015839856,0.04098235,-0.059413318,0.008302015,-0.107691094,-0.06259146,-0.13861403,-0.09758942,-0.17148615,-0.14560826,-0.11126097,-0.09783508,-0.060947083,-0.080062486,-0.031016998,0.03748621
ECG_0094,0,normal,-0.021157373,0.050791163,0.05894562,0.10027101,0.120422974,0.11204069,0.13878432,0.15444158,0.1429221,0.18177222,0.14680922,0.10150781,0.04198359,0.009693549,0.06256005,-0.0565477,-0.048842512,-0.06181582,-0.09495161,-0.119823895,-0.1077756,-0.08524758,-0.06550212,0.028155688,0.026469128,0.05279872,0.11406888,0.17108801,0.17631534,0.24282828,0.19899473,0.28526312,0.25444984,0.24987318,0.2197974,0.18652129,0.15047802,0.14992821,0.15885535,0.07779374,0.023578597,0.0052682078,-0.016155642,-0.050462954,-0.07643184,-0.06971748,-0.085818656,-0.07921292,-0.19696552,-0.17509227,-0.1219149,-0.14228293,-0.08085768,-0.06954755,0.015236244,0.063809566,0.1641608,0.27251664,0.50027597,0.7734646,1.0440221,1.4046878,1.547503,1.5232999,1.422614,1.1012576,0.7593651,0.5612398,0.2685058,0.1434416,0.052717995,-0.007457262,-0.036433153,-0.07343693,-0.09348386,-0.14420304,-0.11360282,-0.16082114,-0.053296864,-0.11837018,-0.05515958,-0.046213977,0.014783302,0.08402519,0.11650119,0.21536103,0.23455635,0.2568253,0.304284,0.3756862,0.38930422,0.34222564,0.36138323,0.39258054,0.3770447,0.31543642,0.34347662,0.2633062,0.294773,0.23550054,0.14971511,0.13365434,0.102336496,0.097404234,0.06606999,0.023794534,0.008997495,0.06657681,0.064127676,0.06948365,0.08944661,0.08064589,0.12399667,0.21369055,0.19006339,0.16024035,0.16276294,0.096716315,0.21245392,0.19531229,0.1402119,0.09228806,0.073955506,0.09105638,0.041223228,0.029415509,-0.02376693,-0.030536165,-0.078207694,-0.08934276,-0.19577032,-0.18204218,-0.16037065,-0.11378629,-0.07898756,-0.122624464,-0.11231734,-0.12408738,-0.007654337,-0.016471162
ECG_0095,0,normal,0.08875033,0.011432813,0.12867868,0.11654581,0.08703853,0.1426535,0.16974653,0.14333606,0.17114331,0.15906885,0.13440071,0.0923142,0.029629773,0.03211068,0.00862766,-0.08253267,-0.04718124,-0.07554832,-0.124510676,-0.09974798,-0.09358409,-0.010949598,-0.037613787,0.019405434,0.02320845,0.012295256,0.1310304,0.13130373,0.17658593,0.18417971,0.23931216,0.28207937,0.28270057,0.29889923,0.29242662,0.16198057,0.16466956,0.11856577,0.16018307,0.08583964,0.055356633,0.026042243,0.0068664793,-0.08465755,-0.11033096,-0.100656785,-0.08733391,-0.14013872,-0.17196809,-0.213862,-0.11428919,-0.15073995,-0.14110439,-0.1272207,-0.075312905,0.003691656,0.12516484,0.24861054,0.50877106,0.7752288,1.1558586,1.3094014,1.5299858,1.5388709,1.3525594,1.1230263,0.83759695,0.53391343,0.3483965,0.08398424,0.021267302,0.02523046,-0.034524396,-0.07464712,-0.072984174,-0.17797722,-0.09856181,-0.08372353,-0.119922,0.002583878,-0.038875915,-0.07243082,0.04812645,0.062026538,0.1673138,0.19747196,0.20981166,0.31578615,0.33647498,0.3142576,0.35747674,0.39189628,0.37087488,0.36830485,0.36754546,0.3149739,0.2540199,0.2972065,0.19599122,0.1898259,0.13052538,0.10007331,0.13152097,0.08593869,0.064437285,0.018682148,0.031149797,0.061399765,0.05397795,0.09099775,0.11027742,0.091646865,0.06290942,0.11483603,0.1518957,0.145598,0.14682536,0.18462206,0.2533022,0.15706849,0.15644255,0.09587822,0.14591555,0.103966735,0.06807548,0.04946162,-0.039180465,-0.068611465,-0.03799859,-0.095224775,-0.19965647,-0.13136719,-0.16689104,-0.1192282,-0.12315774,-0.16991368,-0.08590503,-0.059119493,-0.022657376,0.01730042
ECG_0096,0,normal,0.04487927,0.0460316,0.06620738,0.12853381,0.18516868,0.16314131,0.1527913,0.16306953,0.15368514,0.1351457,0.18146567,0.0703368,0.09952515,0.030638535,-0.041066855,-0.03190067,-0.06866158,-0.055316962,-0.08287289,-0.12041859,-0.040098462,-0.036148414,0.003364328,-0.004566983,0.025670918,0.08961957,0.093535885,0.15495113,0.1813836,0.17193781,0.24095279,0.23689501,0.24744186,0.2622271,0.27876383,0.1978937,0.19038144,0.14985903,0.11631974,0.08879502,0.06413853,0.050116315,0.005002732,-0.07180363,-0.03374025,-0.0723633,-0.15033185,-0.102653466,-0.13841015,-0.1541094,-0.13212705,-0.12943512,-0.09032892,-0.07014149,-0.042262666,-0.02824672,0.14814578,0.27366313,0.5265382,0.79707247,1.078769,1.3912243,1.5312866,1.53856,1.3793329,1.1706753,0.79311115,0.5213384,0.26974258,0.1711168,0.029069835,-0.03312229,-0.077393286,-0.08898082,-0.14750342,-0.18777785,-0.108699,-0.17906137,-0.07453686,-0.029537402,-0.049693096,0.032337036,0.0359606,0.13159958,0.1186774,0.110087186,0.22535197,0.32195148,0.3243405,0.3236355,0.37190512,0.4055225,0.37923428,0.45712852,0.35092118,0.3770232,0.34386095,0.2690376,0.242925,0.25016004,0.18801649,0.15966879,0.0696513,0.112287894,0.0808082,0.0562419,0.061652023,0.03782958,0.037783496,0.05906096,0.06739856,0.16462936,0.14583302,0.10848131,0.21591526,0.15590692,0.17934775,0.20945202,0.12129343,0.16460335,0.13932672,0.1413917,0.11971502,0.07540666,0.04019403,0.04062169,-0.017315645,-0.05829618,-0.08485883,-0.059129953,-0.1278996,-0.16044527,-0.20671007,-0.18919148,-0.14941423,-0.120948695,-0.11063858,-0.054904003,-0.05061649,-0.027400123
ECG_0097,0,normal,0.018379606,0.074696764,0.0323054,0.10140626,0.060736325,0.091453046,0.12894215,0.18414094,0.122642644,0.110107124,0.11759317,0.0939209,0.04132403,0.09400089,-0.004615182,-0.02284359,-0.06431169,-0.059445135,-0.04856317,-0.039847877,-0.10709667,-0.03582858,-0.027726913,0.017560175,0.023986531,0.06290153,0.13893157,0.17969011,0.23362555,0.22172527,0.23392169,0.17632842,0.2063806,0.239486,0.20755607,0.24778073,0.16117755,0.15777238,0.12736437,0.14277439,0.05178488,0.04611253,0.0012605427,-0.012999263,-0.047058605,-0.101698875,-0.17418513,-0.14632902,-0.14881697,-0.14083546,-0.1649961,-0.09443497,-0.10627269,-0.103375874,-0.045886718,0.090384364,0.15226163,0.3163265,0.47195217,0.7619573,1.0687562,1.3660665,1.5199213,1.518966,1.3725541,1.0963476,0.809114,0.56441516,0.26146844,0.15970924,0.08793709,-0.024516836,-0.077751465,-0.06313553,-0.1395073,-0.12116124,-0.15362544,-0.17175767,-0.104720525,-0.114195086,-0.0451165,0.026803138,0.09231595,0.08642822,0.16294041,0.19300252,0.21625592,0.2129693,0.3570862,0.30762213,0.4035212,0.39249298,0.35252237,0.38769677,0.43043104,0.39301744,0.30562145,0.268673,0.25866446,0.21465166,0.21966496,0.17171432,0.06796307,0.10636819,0.06681657,0.059272446,0.05829356,0.08606798,0.08487436,0.043825243,0.0795663,0.08575782,0.06802151,0.13425426,0.210169,0.11753131,0.17774223,0.18084535,0.18902515,0.14283238,0.11377341,0.09388136,0.14854154,0.04824386,0.028916584,0.07180673,-0.048387893,-0.04926694,-0.057380598,-0.08373502,-0.17302711,-0.1664124,-0.14036918,-0.08830283,-0.15824877,-0.13250577,-0.08138271,-0.046848577,-0.013153629,-0.025356121
ECG_0098,0,normal,-0.015961153,0.040079966,0.10338977,0.086940266,0.11721741,0.104911335,0.20250192,0.15472151,0.17833647,0.13548705,0.11906856,0.04779913,0.0003551194,0.0719714,0.005687466,-0.020058297,-0.08972991,-0.099736206,-0.053742837,-0.037553474,-0.10286692,-0.048707936,-0.03851659,-0.015291791,0.082301676,0.054916702,0.14808151,0.16249204,0.18614726,0.25692937,0.24583316,0.2472312,0.2961017,0.28879142,0.27664673,0.106722675,0.21368347,0.17917503,0.14017926,0.12492548,0.07784875,0.05287439,-0.012649495,0.0048475014,-0.04919673,-0.08441987,-0.10848513,-0.10465836,-0.117567666,-0.1527989,-0.11316014,-0.12344043,-0.04917347,-0.04282912,-0.050908163,0.1024494,0.069269106,0.30399343,0.48231238,0.8390876,1.096783,1.3367208,1.5171466,1.5122328,1.3743029,1.1103092,0.7919745,0.53912055,0.31859934,0.11942568,-0.0032137579,-0.009692528,-0.04592757,-0.06895597,-0.093445405,-0.07329898,-0.09251809,-0.03525979,-0.00714158,-0.1290363,-0.11068054,-0.0068694903,0.051815264,0.08134579,0.15347135,0.17292638,0.2069308,0.25442585,0.30228642,0.36440057,0.34743586,0.3677197,0.39890927,0.37237296,0.39994502,0.31936267,0.28691193,0.2991713,0.26778686,0.19366828,0.22398071,0.20727475,0.09989469,0.13722695,0.0007253307,0.09044257,0.025092386,0.07938829,0.02670229,0.0642629,0.057021193,0.09279704,0.17337461,0.13429724,0.21813543,0.15731823,0.22321703,0.13375872,0.17179783,0.15563083,0.20265791,0.14079675,0.045971032,0.03842055,0.013523582,0.036689255,-0.0022099984,-0.068550915,-0.10575024,-0.09271497,-0.16696551,-0.13128175,-0.13826455,-0.15441105,-0.123473115,-0.11463456,-0.07904735,-0.1054614,-0.01512619,0.030832594
ECG_0099,0,normal,0.009628834,0.051651407,0.062222846,0.12083476,0.11984388,0.10125095,0.1712116,0.101069234,0.15448722,0.12306345,0.10306678,0.09796806,0.04359933,0.04978042,0.0050496184,-0.044769958,-0.012112914,-0.066500805,-0.06668787,-0.047260124,-0.04222334,-0.05145887,-0.053297084,-0.054567035,0.03294363,0.10135028,0.121489584,0.047711812,0.2127558,0.24371381,0.22809246,0.27977487,0.2735574,0.23074834,0.27872688,0.18533249,0.19876084,0.16810144,0.116462015,0.1157459,0.10934311,0.069972426,0.017099285,-0.09097559,-0.11264363,-0.0957106,-0.12432334,-0.1543192,-0.0910586,-0.14623994,-0.12659708,-0.09902518,-0.10503252,0.001970914,-0.06035105,0.014345935,0.104045525,0.33175254,0.5272624,0.76629764,1.0632826,1.4020814,1.535992,1.5759633,1.3816717,1.1355147,0.82351595,0.5122953,0.3025383,0.113785766,0.06135751,0.00381624,-0.03218035,-0.07086612,-0.11382694,-0.07392137,-0.09566087,-0.07399824,-0.056622393,-0.08006123,-0.03313,0.016589204,0.0022140373,0.049813144,0.093384586,0.17779064,0.2177498,0.22764248,0.3127722,0.33622664,0.3975053,0.43677813,0.39549628,0.3574379,0.38584545,0.34722695,0.31379908,0.26418442,0.24173161,0.21428333,0.20779574,0.16485742,0.1734976,0.112838075,0.08491814,0.04897229,0.01970138,0.03300931,0.03454541,-0.010509678,0.051065706,0.14727975,0.1295349,0.12623966,0.16678077,0.110290475,0.18692702,0.22085427,0.17675962,0.11855444,0.14410852,0.17361715,0.116372414,0.03517514,0.11493233,-0.028946508,-0.033647962,-0.09066051,-0.12037501,-0.12777115,-0.11399531,-0.106295876,-0.16102514,-0.17647766,-0.12104428,-0.102458484,-0.08675865,-0.05716613,-0.036938243,0.0029790804
ECG_0100,0,normal,-0.0054492424,0.06572224,0.13237421,0.099484384,0.1176893,0.14336503,0.12686746,0.17304297,0.15923911,0.12197603,0.14357255,0.09337809,0.035776276,0.044962376,0.010455495,0.0025614048,-0.027311893,-0.07592107,-0.0997745,-0.089705475,-0.073329434,-0.054339804,-0.035174973,-0.014398782,0.05664742,0.048283696,0.18524224,0.17394145,0.15282936,0.22132573,0.26030964,0.23964295,0.20986411,0.22014163,0.25685063,0.17071831,0.15699784,0.18891655,0.13454868,0.08575868,0.05519008,-0.011584247,0.009922962,-0.06429423,-0.08863762,-0.09029211,-0.13099511,-0.1605164,-0.20790145,-0.13839297,-0.14049967,-0.14418362,-0.13780324,-0.075378075,-0.01772573,0.03546085,0.18147227,0.30601603,0.4999813,0.8047706,1.0906588,1.3618904,1.5640323,1.506709,1.3841754,1.15586,0.82377887,0.51994705,0.25567785,0.08120446,0.10881974,-0.009765868,-0.07940738,-0.08037876,-0.13841085,-0.13041653,-0.15065834,-0.15805285,-0.16331054,-0.12422296,-0.01412775,-0.03625421,0.052735053,0.11232176,0.13286133,0.17207663,0.23174001,0.258214,0.34440872,0.39539123,0.40553245,0.31184188,0.36869195,0.3784616,0.38033545,0.29512843,0.26869953,0.32923612,0.23888463,0.17499487,0.15056363,0.16124088,0.09405389,0.099856704,0.042827476,0.005833198,0.09355667,0.06205181,0.045528043,0.050676674,0.12527166,0.11695936,0.15288128,0.1200246,0.15634637,0.18095858,0.16196202,0.17966354,0.16288479,0.1836859,0.11688491,0.1523984,0.11793492,0.07162519,0.057388965,-0.0022804658,-0.046464145,-0.043227144,-0.071684524,-0.12942474,-0.15087138,-0.15050103,-0.16600026,-0.10041978,-0.12590918,-0.11725938,-0.121951684,-0.04326864,-0.0519094,-0.019547865
ECG_0101,0,normal,0.023178732,0.045234613,-0.009583001,0.08936167,0.12165205,0.1255013,0.15141603,0.09580298,0.06107321,0.10532609,0.12497796,-0.0039402903,0.039571594,-0.023268588,-0.003933006,0.03248584,-0.05877358,-0.07586937,-0.060434967,-0.08911859,-0.09067845,-0.041053057,-0.030060723,-0.00301715,0.022579504,0.058130812,0.13837527,0.14095545,0.22359152,0.18435445,0.28014264,0.26428524,0.22566238,0.2665829,0.22107874,0.22435965,0.18587936,0.16882415,0.16946809,0.122187436,0.03627108,0.00049727404,0.003512627,-0.029802304,-0.092798404,-0.052956205,-0.09889144,-0.15814409,-0.16988595,-0.15625013,-0.15282509,-0.090977274,-0.077145584,-0.074708864,-0.011802716,0.05721734,0.13407812,0.29695135,0.5210254,0.7972504,1.0658348,1.3402033,1.5164835,1.5124508,1.3392831,1.1404471,0.8249014,0.49083766,0.29963514,0.1437863,0.051992636,-0.051478896,-0.10250501,-0.075270735,-0.1559995,-0.12746039,-0.13221245,-0.11935317,-0.09257947,-0.028336117,-0.09275115,0.019649696,-0.038676444,0.12543367,0.07107785,0.25412548,0.21605629,0.30942407,0.34081614,0.3260005,0.3512456,0.35127398,0.40542388,0.3656328,0.3418742,0.36306614,0.29408756,0.28016296,0.25887138,0.20034418,0.16892639,0.19557615,0.11260326,0.081819125,0.06693554,0.07179285,0.01980936,0.062922575,0.063215174,0.012657864,0.13515233,0.14303787,0.09446,0.10386258,0.16166793,0.12611671,0.21939258,0.16847588,0.2290473,0.14698203,0.15316068,0.17325567,0.098916344,0.08588719,0.076683216,-0.008013675,-0.0642124,-0.10330025,-0.07179196,-0.10254327,-0.10122992,-0.15323316,-0.1923622,-0.21675593,-0.049364578,-0.1018897,-0.08986618,-0.057079133,-0.07650142,-0.023811605
ECG_0102,0,normal,0.052300196,0.05336535,0.042612497,0.057290327,0.10241564,0.12622628,0.2080795,0.1444456,0.110317275,0.13283207,0.12444071,0.054392,0.07694294,0.07068172,0.007505858,-0.050163094,-0.06812441,-0.12240936,-0.08962695,-0.08043439,-0.111127675,-0.010661429,-0.020448953,-0.065459244,-0.026424969,0.038992036,0.15805571,0.17777698,0.2353653,0.21607512,0.23084444,0.21269874,0.26520896,0.2454285,0.23354766,0.27189833,0.19668782,0.21274096,0.09358292,0.18727545,0.05883393,0.05375569,0.021377547,-0.05501862,-0.047994155,-0.074565575,-0.14469062,-0.1604158,-0.1468591,-0.15288056,-0.10107555,-0.10758196,-0.10879398,-0.057578612,-0.09353948,0.014068753,0.14096493,0.31833377,0.5091929,0.8263694,1.1152371,1.3458848,1.5209404,1.5459034,1.370017,1.1661073,0.7812474,0.54050183,0.32892603,0.13991146,0.030370325,-0.021303661,-0.03752523,-0.10585791,-0.14204827,-0.085962944,-0.11045123,-0.08541891,-0.077381045,-0.010896556,-0.011317222,-0.028370138,0.05079633,0.066897675,0.11874015,0.13865863,0.21916592,0.28706363,0.3063108,0.30611414,0.3163475,0.43974414,0.39155757,0.35361475,0.3802972,0.41262344,0.33961672,0.20642039,0.33522695,0.16413967,0.17749248,0.115524516,0.09653025,0.10114022,0.01005859,0.055451833,0.08524554,0.024808902,0.013832019,0.06213837,0.07117441,0.08135663,0.08282651,0.15311092,0.17268428,0.13692321,0.15064648,0.18662426,0.15144394,0.17707399,0.20056812,0.1334446,0.07220504,0.089487545,0.03857381,0.004163037,-0.012100536,-0.03880781,-0.08822988,-0.11602703,-0.07117357,-0.1089952,-0.12443371,-0.14223717,-0.16557576,-0.0838758,-0.08964112,-0.0827534,-0.040855464,-0.028950922
ECG_0103,0,normal,0.03172016,0.05410604,0.0709694,0.09281122,0.0974664,0.07178701,0.10421731,0.12781426,0.11921483,0.14327095,0.14085536,0.08895522,0.10714548,0.01092731,-0.0007203945,-0.027780754,-0.01949271,-0.06946767,-0.08160483,-0.13940307,-0.1112259,-0.035973866,-0.1064776,0.028613856,0.041732844,0.046087112,0.08589867,0.20792799,0.22899611,0.21218562,0.24116687,0.23073858,0.25876194,0.23109643,0.23823154,0.2776667,0.19760975,0.14137086,0.100233994,0.11044562,0.047205187,0.03993826,-0.053195734,-0.019390414,-0.104370005,-0.09930675,-0.13344538,-0.08782513,-0.14307362,-0.091051586,-0.12604718,-0.08589982,-0.11294522,-0.06539586,0.0044194246,0.059676882,0.1482601,0.27503476,0.4984365,0.8167521,1.1295762,1.3427488,1.5028286,1.5065267,1.4083672,1.0922843,0.83903724,0.5473894,0.29050988,0.19623065,0.0026665376,0.030764755,-0.05231861,-0.15306646,-0.062224243,-0.091314115,-0.13527648,-0.14459625,-0.147233,-0.0038298506,-0.07246784,-0.044555407,0.044725865,0.034485534,0.102917485,0.21088272,0.24167565,0.2591215,0.30884066,0.32582107,0.36017817,0.35353443,0.3643956,0.3600165,0.34466788,0.3782652,0.34410638,0.26206154,0.2198264,0.21489877,0.24833147,0.11869549,0.11389358,0.095269546,0.06893003,0.044412903,0.085477665,0.06373987,0.08091473,0.083998926,0.108143106,0.14674564,0.15840821,0.2072795,0.19134662,0.14880921,0.20388345,0.20384255,0.23800194,0.14269938,0.17326526,0.11480718,0.12398988,0.071282044,0.058287513,-0.033642396,-0.0025634286,-0.053357143,-0.08472916,-0.055699773,-0.14455432,-0.13474385,-0.14643197,-0.14023218,-0.06874934,-0.11578318,-0.110988334,-0.00931124,-0.042791914,-0.04812079
ECG_0104,0,normal,-0.02222502,-0.0037826942,0.011521463,0.08320434,0.11577999,0.17110503,0.16548717,0.16760865,0.119207524,0.16113813,0.15824753,0.10464552,0.0775535,-0.003526527,0.034978792,0.027173776,-0.04256973,-0.090475,-0.090471745,-0.10237041,-0.09504219,-0.049412943,-0.035833415,0.018442174,0.037869986,0.04259011,0.09583938,0.1341641,0.18105984,0.26961026,0.2957761,0.27522206,0.25828135,0.21046399,0.24718808,0.19965658,0.24939384,0.12462834,0.15275969,0.08040491,0.06974659,0.052522212,0.02604842,-0.041918624,-0.04972856,-0.12056977,-0.11593014,-0.109310575,-0.13825531,-0.16529605,-0.15124072,-0.09819232,-0.13943662,-0.10409041,-0.01409222,0.019353775,0.08873855,0.32539737,0.47021177,0.7766393,1.0706133,1.3516041,1.4986027,1.5550791,1.3868009,1.1496782,0.7962341,0.5950093,0.24972317,0.10176082,0.09912685,-0.0047999723,-0.051643603,-0.077924214,-0.09284441,-0.111487456,-0.15140726,-0.09110891,-0.080340646,-0.0334403,0.008160849,0.003266531,-0.00013817957,0.13679802,0.10181943,0.19117257,0.22004731,0.25779384,0.33122045,0.346429,0.37743533,0.35191816,0.3765805,0.35525078,0.36047158,0.343385,0.37633196,0.2822508,0.19189027,0.2614698,0.19715063,0.14559633,0.10561386,0.06420016,0.13033074,0.05971455,-0.001307265,0.05993831,0.09172572,0.07101057,0.054276854,0.06948123,0.09095733,0.18318512,0.15267645,0.11853088,0.1899881,0.1867606,0.16692622,0.14110193,0.12460989,0.1678383,0.11603891,0.09208375,0.051246215,0.01849841,-0.040412065,-0.06571381,-0.054347593,-0.07176892,-0.16974258,-0.15125959,-0.12426153,-0.089710966,-0.08194467,-0.14157012,-0.055718556,-0.06367923,-0.0022287508,0.023682915
ECG_0105,0,normal,-0.03791863,0.05011415,0.09569132,0.09349013,0.110496975,0.08853927,0.16711365,0.15635607,0.11833831,0.124814935,0.12114565,0.07604932,0.06495829,-0.018083738,0.043828372,-0.02577386,-0.085238904,-0.14643554,-0.054737847,-0.07301504,-0.07790813,-0.042942993,-0.018390385,-0.0058427807,0.019116482,0.055998504,0.1234884,0.19296028,0.18356684,0.26006317,0.2483237,0.26154476,0.32687172,0.3008939,0.2909461,0.1994284,0.26624367,0.17034501,0.13440043,0.04185464,0.07982077,3.9548548e-05,0.0076369736,-0.07494487,-0.018634062,-0.08414845,-0.05490014,-0.17006752,-0.101742916,-0.20349711,-0.13662718,-0.1476107,-0.12011997,-0.09125584,-0.05958137,-0.0052625663,0.1190575,0.28835365,0.5381106,0.79148275,1.1241951,1.3161893,1.5121523,1.5549809,1.3937719,1.0943334,0.8425312,0.51508045,0.28354174,0.16392331,0.046719387,-0.034708593,-0.07859124,-0.12295637,-0.12185308,-0.0874802,-0.11509361,-0.086896814,-0.08467894,-0.094660625,-0.09424062,-0.03445338,0.016551217,0.061164852,0.16179453,0.2101513,0.2941057,0.24780096,0.3562149,0.38683322,0.35507017,0.39059544,0.41902477,0.3765691,0.36235195,0.32812774,0.25020167,0.2921466,0.23436214,0.1873566,0.1963386,0.10598727,0.14291272,0.10711592,0.0601835,0.056259893,0.015118636,0.07261627,0.061161496,0.074173026,0.09638137,0.079941,0.072905146,0.16625492,0.17548794,0.15283185,0.1907374,0.2202687,0.21455412,0.15477736,0.1118639,0.09572284,0.099261746,0.12159396,0.022050088,-0.009222087,-0.044867557,-0.075490855,-0.08963175,-0.15260813,-0.10054902,-0.14935645,-0.07506605,-0.18138048,-0.08770747,-0.07595703,-0.106320456,-0.07729014,-0.061200183,-0.027260087
ECG_0106,0,normal,-1.7886965e-05,0.03423581,0.017449768,0.16289994,0.11010096,0.13765755,0.12781799,0.14208333,0.13526748,0.13450222,0.116072856,0.116954386,0.071694575,0.055542734,0.0030513946,-0.019313563,-0.059497472,-0.04255093,-0.075933225,-0.094500035,-0.089866005,-0.072129615,-0.04330402,-0.013366756,0.009977659,0.091459766,0.13570242,0.20456503,0.16854504,0.235762,0.179855,0.27499533,0.21102096,0.22178361,0.2505546,0.20471182,0.17772758,0.15826704,0.16311394,0.07864538,0.068407394,0.021180479,0.019986082,-0.014660264,-0.12762351,-0.06934239,-0.14161897,-0.13228802,-0.17638555,-0.1382817,-0.06632899,-0.12484703,-0.12047671,-0.082725786,-0.07621078,0.07599698,0.1417168,0.25340587,0.47271025,0.7830807,1.1171588,1.326005,1.5585437,1.5309018,1.3555689,1.1061379,0.8669658,0.48937225,0.28490585,0.17789237,0.053028017,-0.042758446,-0.03294139,-0.0604936,-0.100038916,-0.13885239,-0.13617927,-0.10711435,-0.13951887,-0.036459688,0.006239889,-0.0137263965,0.047371425,0.1191964,0.19103076,0.22774307,0.1756832,0.261246,0.3233121,0.32426867,0.4155211,0.42527002,0.35732487,0.37346482,0.3439571,0.34109402,0.31423986,0.31866017,0.22900428,0.14111458,0.13553655,0.118677594,0.09905957,0.098223165,0.039795477,0.021826183,0.022941846,0.016636493,0.03890576,0.048398905,0.10199636,0.06952758,0.10774899,0.1211847,0.17909293,0.16426423,0.20998499,0.14795838,0.17891209,0.1544374,0.11974535,0.13321397,0.16060136,0.052137177,0.040079802,-0.0306992,-0.070137054,-0.0831565,-0.10279444,-0.12637411,-0.13986057,-0.19446181,-0.16821848,-0.1311206,-0.17615081,-0.12835176,-0.08518463,-0.08890633,-0.023315517,-0.045599233
ECG_0107,0,normal,0.026653778,0.044588953,0.06719039,0.12783933,0.10800599,0.1171535,0.18778145,0.20531659,0.1252007,0.13117784,0.14786182,0.09046405,0.08271563,0.05782635,-0.0135234175,-0.013672899,-0.05244408,-0.10915034,-0.115301475,-0.1093303,-0.056373104,-0.04001169,-0.021719951,0.0015273981,0.039127696,0.076839566,0.123088054,0.1653102,0.14452127,0.19206142,0.20626147,0.28333837,0.30434144,0.1862421,0.28753227,0.22595844,0.23085977,0.18800552,0.184437,0.11292436,0.02912841,0.02936992,0.010859041,-0.04657675,-0.052833106,-0.10266659,-0.14116156,-0.17195615,-0.15997276,-0.1432786,-0.2016512,-0.1520643,-0.16658203,-0.094273195,0.0037795592,-0.0030554086,0.1534251,0.37033755,0.5468059,0.7866276,1.114952,1.3194442,1.4779389,1.5345117,1.3954345,1.1530007,0.79744625,0.53682053,0.31163597,0.14537305,0.04436006,-0.044662356,-0.053493965,-0.085010976,-0.123180985,-0.10050726,-0.09159518,-0.095333345,-0.13143429,-0.07330386,-0.07210933,-0.003751109,0.00946219,0.12193724,0.15586388,0.21562332,0.25930098,0.2625946,0.29552317,0.3913469,0.3570845,0.33575135,0.41202676,0.3826501,0.41162205,0.35423696,0.3204028,0.33581606,0.20950422,0.2020562,0.15705195,0.08367425,0.14492561,0.075885385,0.09935034,0.069831796,0.069039546,0.036444128,0.032613125,0.069010355,0.108899705,0.097702004,0.09741881,0.10156483,0.16095127,0.15227059,0.17631187,0.17536613,0.16706017,0.18052824,0.17316185,0.19419767,0.13135256,0.1255349,0.01934544,-0.039360594,-0.02679313,-0.033798113,-0.068260096,-0.077865176,-0.20917618,-0.107422516,-0.13937621,-0.19249375,-0.11369759,-0.11261291,-0.08253306,-0.03546505,-0.020652989,-0.0441502
ECG_0108,0,normal,-0.0042904965,-0.014914424,0.08499228,0.1360339,0.08064291,0.11554527,0.12013404,0.13647646,0.15837653,0.12129806,0.13608645,0.12476979,0.09793075,0.00086880906,0.04492359,0.01773103,-0.005677903,-0.07737873,-0.10816717,-0.119285025,-0.11728209,-0.06850172,-0.018781783,0.02752083,0.012176195,0.0673521,0.107734516,0.13199092,0.20872642,0.22665429,0.24138382,0.2608732,0.27318197,0.26947665,0.21543314,0.25024664,0.20813917,0.15977302,0.14825206,0.11696641,0.10248555,0.0011554984,0.03513889,-0.03940293,-0.08774965,-0.11679841,-0.15333731,-0.19160424,-0.1278963,-0.08998915,-0.19139792,-0.15717484,-0.084133774,-0.07713006,-0.007107306,0.029476468,0.114911474,0.27809754,0.43173712,0.74831766,1.1176473,1.3962916,1.5673263,1.5468768,1.3157941,1.1011184,0.8542488,0.5797103,0.34774205,0.14222729,0.007337029,-0.02024017,-0.061440974,-0.043895528,-0.103146896,-0.11998005,-0.12022527,-0.10365887,-0.08136779,-0.09802936,-0.07649499,0.034469005,-0.012542948,0.13275476,0.075043574,0.1634974,0.25690493,0.27072284,0.26879716,0.35188803,0.3640482,0.36990732,0.3630851,0.37729865,0.34898606,0.41998383,0.31380233,0.27881974,0.23940913,0.2729256,0.13450085,0.16030961,0.11155162,0.04990593,0.047617007,0.06766782,0.024893472,0.05789303,0.10741517,0.07143555,0.037719283,0.07380957,0.10991472,0.12696832,0.1593868,0.1782659,0.23037992,0.1824179,0.14582726,0.20632832,0.19441748,0.14221258,0.101221696,0.096400835,0.037571054,-0.05300352,-0.009455995,-0.032771386,-0.04606233,-0.13612938,-0.12629485,-0.13757783,-0.14687862,-0.14272767,-0.13428937,-0.1113449,-0.07174951,-0.028829698,-0.056251224,-0.005134486
ECG_0109,0,normal,-0.012677952,0.01664476,0.017039485,0.09482146,0.13226607,0.13103619,0.14633638,0.16264673,0.18833742,0.1219972,0.08136219,0.09009519,0.121384814,-0.00041277483,0.02284979,0.008486257,-0.123224325,-0.060337607,-0.06750958,-0.09777784,-0.103621855,-0.086572304,-0.05407439,-0.020738805,0.012019598,0.058178496,0.1465839,0.11461647,0.13418218,0.2519724,0.23136859,0.23847705,0.2513819,0.25759184,0.2248663,0.23853473,0.1716103,0.16375673,0.07478427,0.1417992,0.06474941,0.05264329,0.009686597,-0.023603505,-0.07279832,-0.08904885,-0.15213482,-0.17451215,-0.15125148,-0.16980903,-0.100105524,-0.117407665,-0.12817572,-0.083907165,-0.028149685,0.030487994,0.14048268,0.28693244,0.46148008,0.71809506,1.0779907,1.3773494,1.5142703,1.5707477,1.3820696,1.1608845,0.84906626,0.5625573,0.2707573,0.14982909,0.08321751,-0.01085088,-0.04525439,-0.13249908,-0.052416936,-0.14422172,-0.18226288,-0.12618841,-0.1735855,-0.10884699,0.03198897,-0.018048976,-0.006145324,0.084381275,0.10542982,0.20696922,0.20106298,0.2788346,0.27387968,0.41706604,0.3771468,0.37202358,0.37301403,0.36172885,0.3436163,0.32329595,0.3713527,0.273454,0.19177565,0.18463804,0.21150458,0.14195693,0.11470787,0.12770237,0.0488743,0.07713173,0.030788776,0.06738241,0.043806512,0.05907105,0.10592867,0.121654205,0.11351405,0.123386666,0.20280081,0.18657254,0.16672984,0.16293697,0.21114002,0.17517613,0.15162015,0.13868855,0.118747436,0.076023765,0.08001406,0.046447903,-0.010403579,-0.01829736,-0.08904004,-0.09349669,-0.102946125,-0.11444067,-0.12196012,-0.12723768,-0.07668961,-0.13388826,-0.09862656,-0.071873635,-0.044603266,-0.059628606
ECG_0110,0,normal,0.041246235,0.0028337168,0.070614874,0.05143895,0.13650794,0.112127304,0.11252626,0.15592392,0.12498179,0.11736536,0.12166424,0.11680808,0.040325962,0.0046784678,0.004050229,-0.010073562,-0.008375645,-0.10478417,-0.09515091,-0.054484207,-0.025035864,-0.098645166,-0.06638169,-0.0002429201,0.009410614,0.0457358,0.11819426,0.19753194,0.14736946,0.26071885,0.21988605,0.26049778,0.30244395,0.26107326,0.2316631,0.24490207,0.19528319,0.18845205,0.13508473,0.13246667,0.028205093,0.0021345185,-0.046878494,-0.041790802,-0.1184512,-0.12145062,-0.15652154,-0.094986506,-0.1779387,-0.18801211,-0.1354193,-0.07805736,-0.11016329,-0.07692253,0.006582841,0.058874965,0.14509276,0.2674026,0.51687855,0.7417987,1.0704886,1.4034785,1.5642011,1.5467753,1.3255956,1.083922,0.79412496,0.5258677,0.2693503,0.14192545,0.09955316,-0.006996146,-0.055320386,-0.121389136,-0.15915018,-0.15732639,-0.1728118,-0.11340357,-0.08864442,-0.10525193,-0.040328804,0.037422065,0.09541921,0.10673465,0.12711872,0.20317677,0.26830363,0.21049576,0.35275352,0.3227576,0.3459892,0.36574093,0.39140528,0.3449992,0.3578993,0.36270618,0.32755998,0.30145687,0.24593915,0.24042836,0.21536534,0.17941982,0.13155863,0.120774716,0.09832111,0.13845444,0.08736728,0.04744379,0.028190192,0.058483317,0.071371116,0.11455614,0.0974692,0.1733007,0.11313949,0.11991686,0.17441061,0.15725273,0.14264607,0.15260203,0.13368216,0.13554332,0.0899994,0.061550412,0.04375748,0.039094996,0.017762141,-0.055105902,-0.08252865,-0.119702235,-0.11864236,-0.13330524,-0.10966466,-0.20283449,-0.14243838,-0.10752169,-0.09475846,-0.09361351,-0.07254225,0.024224227
ECG_0111,0,normal,-0.022707485,-0.019032083,0.091217615,0.107864276,0.114410244,0.10825264,0.14320187,0.18656124,0.09756285,0.08767081,0.09767759,0.09200908,0.04998922,0.05369874,0.03601074,-0.017888077,-0.03544533,-0.064481296,-0.08532666,-0.12856455,-0.11506845,-0.109379984,-0.048672482,-0.004707582,-0.016734963,0.0706906,0.08460365,0.11897335,0.16789345,0.18215455,0.2553289,0.24508388,0.27917486,0.23800866,0.22841725,0.27955827,0.15178636,0.21134596,0.19086088,0.12960662,0.06011793,0.07534723,-0.014263482,-0.061271485,-0.08421311,-0.11780148,-0.15169498,-0.10607656,-0.17142175,-0.15030515,-0.1861826,-0.12773769,-0.14135906,-0.11117552,-0.03541852,0.06423725,0.14554271,0.3001464,0.49930227,0.772553,1.112933,1.3436394,1.5501744,1.5707291,1.3582345,1.0993353,0.79813826,0.4870098,0.29278055,0.18835837,0.015167039,0.02073466,-0.07488852,-0.027441403,-0.13043502,-0.124799944,-0.14973561,-0.13628566,-0.060015623,-0.062057134,-0.01390185,-0.046115432,0.056333143,0.05447904,0.09224438,0.18819663,0.23460548,0.27231297,0.32981822,0.36530218,0.40613,0.34067848,0.42686325,0.43480617,0.35545683,0.29689312,0.27949786,0.2761769,0.31608245,0.22012946,0.16515732,0.12896457,0.07904865,0.11884522,0.06942724,0.121154085,0.06967155,0.0750042,0.048277427,0.033586618,0.05511723,0.058136053,0.14578873,0.12598792,0.18340139,0.17297004,0.16967954,0.14744142,0.18944207,0.16515514,0.18359224,0.113776974,0.12709676,0.12694989,0.05208013,0.03222649,-0.009203516,-0.0025961853,-0.078148134,-0.09320786,-0.1341681,-0.16824348,-0.18568537,-0.10816563,-0.16565424,-0.095321454,-0.08148944,-0.03790476,-0.04900261,-0.023687342
ECG_0112,0,normal,0.011351447,0.02484468,0.028589576,0.15225056,0.09414422,0.10588021,0.13934104,0.18767938,0.08100177,0.16968665,0.08916634,0.10074415,0.044597767,0.09417175,0.007084322,-0.047493886,-0.06129104,-0.06995517,-0.0802816,-0.07659491,-0.084270835,-0.11016731,-0.054425366,0.0065238285,0.0066464245,0.08869619,0.11181168,0.14451712,0.22247826,0.1636249,0.2168695,0.2870969,0.3096199,0.31989333,0.2420985,0.23709372,0.225001,0.21106377,0.15061791,0.13441655,0.08382526,0.048206884,-0.03216172,-0.04997433,-0.08824813,-0.13636254,-0.17284444,-0.15208562,-0.15613477,-0.14626463,-0.12619732,-0.12301833,-0.11438861,-0.10321474,-0.00582781,0.029473417,0.11931661,0.27927917,0.48121747,0.766702,1.0723251,1.3519145,1.544814,1.5458641,1.4298784,1.1565205,0.8732018,0.5477934,0.3231558,0.1346924,0.07131475,-0.03870473,-0.10599885,-0.04507277,-0.14745608,-0.10731494,-0.14884007,-0.081854604,-0.062272497,-0.0604179,-0.007375442,-0.006427639,0.103713535,0.10600729,0.10534739,0.18312185,0.22317426,0.26319987,0.2585773,0.35070112,0.3204655,0.30062655,0.37148234,0.35566002,0.3405976,0.253855,0.29547754,0.28482318,0.2366336,0.23123738,0.22545266,0.16501766,0.14952214,0.12588173,0.041623473,0.07133264,0.08067999,0.037027296,0.031821772,0.08222972,0.03687579,0.06657332,0.098474205,0.1510508,0.16139375,0.19986373,0.15080799,0.15326531,0.19611046,0.14775412,0.13842161,0.07953635,0.11733891,0.123963155,0.013024783,0.039318856,-0.02814218,-0.11250137,-0.11613675,-0.14290065,-0.14257565,-0.1324264,-0.09397241,-0.18910773,-0.14994678,-0.14457682,-0.13200933,-0.06257489,-0.03351685,-0.054379515
ECG_0113,0,normal,0.00054480735,-0.0025469493,0.06587526,0.13217968,0.13177851,0.1410147,0.13074215,0.15209965,0.16290146,0.14851512,0.11353399,0.09932969,0.025381122,0.012384139,0.024572512,-0.0009901511,-0.04945034,-0.028275311,-0.070371315,-0.09675161,-0.12082128,-0.025690436,-0.021107813,0.04227342,0.091748334,0.029904542,0.072330125,0.06515334,0.2142048,0.23546332,0.24006249,0.21334003,0.25204742,0.2568547,0.2640696,0.23154642,0.22039221,0.16908759,0.17666961,0.12558399,0.03442405,0.074216776,0.032156505,-0.026133675,-0.06414352,-0.05093732,-0.17229567,-0.10214006,-0.1625045,-0.11656042,-0.13925818,-0.16594978,-0.12157687,-0.04510908,-0.03844612,0.01388352,0.113485135,0.3041402,0.55571884,0.7183957,1.1732194,1.366647,1.5425481,1.5205629,1.3833708,1.125944,0.78303623,0.5068482,0.34239966,0.10274446,0.059765477,-0.030136729,-0.0907064,-0.031704515,-0.13861571,-0.15438356,-0.1280393,-0.1387114,-0.09996957,-0.07163126,-0.03772664,-0.010364477,0.01562344,0.10292443,0.12901315,0.16616513,0.27214915,0.26707324,0.34105104,0.37590036,0.4006683,0.3971235,0.38178375,0.37641558,0.3591201,0.281941,0.34256706,0.2973664,0.28042394,0.21610703,0.2036176,0.10820143,0.08365235,0.018321587,0.06815882,0.034983434,0.023723813,0.060145684,0.042775355,0.023324795,0.15766767,0.09810314,0.085982,0.11744031,0.14963208,0.16363522,0.21752901,0.18014659,0.23604934,0.15874144,0.16931981,0.1658987,0.1444681,0.11708061,0.0357431,0.00850307,-0.1007429,-0.065419234,-0.056557324,-0.08730153,-0.13567443,-0.09403764,-0.16096026,-0.16765755,-0.1494483,-0.15137134,-0.075298086,-0.05678387,-0.015261866,-0.01239658
ECG_0114,0,normal,-0.0017418979,-0.03173763,0.07680719,0.09706003,0.08487064,0.13254946,0.13886964,0.20302297,0.114170015,0.14453292,0.0837875,0.07607219,0.073182546,0.028073352,0.0031659936,-0.016269477,-0.06706899,-0.046119887,-0.09477629,-0.09268445,-0.07338936,-0.062042426,-0.024890501,-0.002166991,0.04081383,0.058751576,0.078797005,0.10822017,0.13653263,0.26865065,0.17074592,0.28593573,0.23009236,0.28690678,0.17451163,0.21630399,0.24409892,0.1942078,0.1311072,0.04834277,0.030357387,0.07421458,-0.015057878,-0.04225264,-0.064059004,-0.13978083,-0.111077584,-0.15196526,-0.13940722,-0.16675727,-0.19006294,-0.14148317,-0.08745795,-0.06393915,-0.031211957,0.05947204,0.12622248,0.2865611,0.48880678,0.8113207,1.0979447,1.3438259,1.4804704,1.5667996,1.3611542,1.1223305,0.88508713,0.55506396,0.35519713,0.13317113,0.078663595,-0.018221153,-0.05090468,-0.03023722,-0.11834001,-0.11990286,-0.14952657,-0.089000575,-0.1169798,-0.04561192,-0.09426378,0.009811391,0.017377492,0.10553787,0.13195716,0.16497347,0.21615253,0.24520095,0.33342507,0.30763608,0.35402572,0.38674596,0.4302076,0.37805787,0.3591684,0.3551569,0.25879893,0.25407305,0.24439722,0.19822799,0.13564785,0.17526,0.12652302,0.09681589,0.051369563,0.06054099,0.06625875,0.04215923,0.068877734,0.042435713,0.08424922,0.13348842,0.15543748,0.17736304,0.16339342,0.16984104,0.16500042,0.12830496,0.1400461,0.16667248,0.15327808,0.17760599,0.1480575,0.057129856,0.06845322,-0.0056443177,-0.005881733,-0.0353584,-0.05203216,-0.12898593,-0.10265071,-0.20119624,-0.11055362,-0.14692385,-0.13551529,-0.17882049,-0.10562991,-0.024773942,-0.046362307,0.021438438
ECG_0115,0,normal,0.0010369454,0.06549501,0.07126546,0.06614044,0.119579986,0.1837257,0.16153447,0.14660023,0.21367614,0.16936661,0.14101256,0.10232867,0.08678619,0.057296205,-0.06213874,-0.014403054,-0.057082478,-0.08763757,-0.09147502,-0.13643324,-0.138367,-0.03145736,-0.030352604,-0.08406629,0.009451373,0.0949293,0.10245971,0.18839948,0.21814649,0.1750675,0.2328294,0.23668134,0.21304128,0.20768532,0.21640718,0.20412904,0.20897508,0.20413792,0.15663451,0.12914325,0.062033508,0.050630175,-0.009061891,-0.05334209,-0.015652029,-0.17060995,-0.17949542,-0.1278958,-0.15616776,-0.19252527,-0.17450778,-0.15639417,-0.07991118,-0.039388638,0.017046994,-0.015142254,0.091316596,0.241804,0.5418655,0.79513896,1.0916048,1.3674235,1.523438,1.5000165,1.3988713,1.1145844,0.7784995,0.5482472,0.294089,0.15613937,0.04278493,0.0077201407,-0.055280298,-0.117373474,-0.10032053,-0.10983983,-0.10709014,-0.08457841,-0.11864048,-0.056255165,-0.0965109,-0.010247296,0.028448494,0.1270577,0.12767386,0.1992733,0.17489596,0.26015985,0.28290066,0.41336054,0.3420342,0.37858713,0.38560003,0.33065248,0.35066265,0.35909086,0.3235745,0.2210201,0.23864847,0.25024173,0.20131953,0.18606764,0.0891609,0.13103582,0.070857115,0.10592587,0.0509244,-0.011318153,0.08101821,0.053012114,0.07003777,0.05562057,0.16714288,0.12190234,0.20207745,0.15595531,0.15063173,0.22211537,0.17819305,0.16980697,0.118077956,0.121510595,0.1214744,0.038749043,0.027730819,-0.003945645,-0.024366999,-0.0151521405,-0.09829354,-0.13492164,-0.0506887,-0.15800738,-0.15515983,-0.15690875,-0.14370653,-0.115364745,-0.06634604,-0.05331869,-0.0012483831,0.031355415
ECG_0116,0,normal,0.0062568546,0.044904288,0.098782524,0.06075849,0.1928328,0.12031163,0.13607617,0.11373659,0.1105393,0.16381116,0.18461634,0.075791195,0.075297475,0.04101924,0.033353057,0.040310293,-0.006629098,-0.07980406,-0.06974886,-0.07091605,-0.08483142,-0.10173052,-0.06818063,0.022768656,0.06428215,0.062285732,0.1186918,0.18696725,0.13552587,0.20237827,0.29766527,0.25910327,0.22084194,0.25483203,0.2712309,0.14696081,0.20576675,0.16163908,0.09196521,0.1090899,0.06593764,0.03181746,-0.01505846,-0.07073805,-0.11620914,-0.12141637,-0.09751873,-0.13238469,-0.1502935,-0.18060878,-0.1540869,-0.10654727,-0.09153776,-0.090076916,-0.11048195,0.012282654,0.11784946,0.2576596,0.49080452,0.8071187,1.0880799,1.3902255,1.4798902,1.5244988,1.3253055,1.1073713,0.7831394,0.5694562,0.319154,0.17975976,0.03365387,-0.049612764,-0.09343208,-0.082899295,-0.05567579,-0.10810902,-0.13367316,-0.12131776,-0.101100005,-0.015493958,-0.007758126,0.0011510188,0.03998025,0.09260294,0.14719221,0.16863771,0.20242696,0.3016792,0.30895093,0.36755705,0.41142285,0.3920072,0.39255923,0.47434413,0.37265432,0.31423146,0.31256607,0.336583,0.21683319,0.19704327,0.21686564,0.14137803,0.11542294,0.124809116,0.05068466,0.014101128,0.00915869,0.067559525,0.063314535,0.04554053,0.04656091,0.09109627,0.15197241,0.11246084,0.13494585,0.13317697,0.1674417,0.19267187,0.24384816,0.17824757,0.15491639,0.16112739,0.12949999,0.06039462,0.112965256,0.007936248,-0.019268963,-0.042998474,-0.07891878,-0.06844469,-0.15077709,-0.12151036,-0.14450304,-0.11669166,-0.14185302,-0.12820984,-0.07200773,-0.054698527,-0.05817008,0.040402923
ECG_0117,0,normal,0.021975573,0.031388804,0.051473495,0.10501871,0.13770102,0.08786694,0.15787555,0.16967025,0.07543037,0.14047582,0.13734883,0.110234745,0.088951424,0.024587244,-0.027851474,-0.08024347,-0.019491604,-0.051552318,-0.05055723,-0.11151203,-0.06011361,-0.11393286,-0.07030214,-0.007896607,0.046639137,0.118883125,0.103658214,0.12507685,0.15913947,0.19513346,0.30375993,0.27283022,0.28809437,0.24414398,0.24053837,0.24433474,0.18530421,0.16407228,0.12098403,0.09320731,0.071501404,0.007888864,0.0039687282,-0.031560466,-0.07794251,-0.12551947,-0.1201474,-0.15452394,-0.14682047,-0.11647192,-0.18045765,-0.06345741,-0.10885698,-0.063405775,-0.054722387,0.06679443,0.12856151,0.27304924,0.48593435,0.7745674,1.1017493,1.365719,1.5239456,1.5123081,1.3604009,1.1063424,0.8283174,0.55088645,0.33077395,0.14927086,0.058041163,-0.024074743,-0.11415412,-0.09734028,-0.12124043,-0.15165184,-0.13945195,-0.11160189,-0.1341584,-0.0976168,0.0016706772,-0.05472894,0.031192826,0.048633058,0.10981483,0.17510152,0.19812204,0.28793052,0.34882596,0.36434555,0.3927765,0.3349967,0.37451065,0.39235947,0.39257944,0.39954844,0.353074,0.3169271,0.33466607,0.22250634,0.1750011,0.15484738,0.09127873,0.09463695,0.02038373,0.04227363,0.047365252,0.07859517,0.08887329,0.037409015,0.14360566,0.10366467,0.12567824,0.089004576,0.13622466,0.20038733,0.18355744,0.18576394,0.18720825,0.128418,0.15362848,0.1774892,0.14121476,0.073968455,0.09081351,-0.029105207,-0.055511154,-0.0036302586,-0.071955755,-0.12287324,-0.13473937,-0.16921076,-0.14114231,-0.1402517,-0.13480692,-0.15249008,-0.08602726,-0.08132367,-0.06314057,0.03803683
ECG_0118,0,normal,0.06509193,0.09189353,0.08502411,0.08612724,0.115775794,0.14785725,0.13399768,0.18965793,0.084932,0.12571837,0.1405427,0.06745361,0.05767351,0.052223545,0.04889379,-0.06506929,-0.09330054,-0.10102519,-0.13173798,-0.13374914,-0.113408536,-0.031847626,-0.053579643,-0.01073467,-0.0019210188,0.08751886,0.16713306,0.124420434,0.23839638,0.22670157,0.23763503,0.26212773,0.26643422,0.30702668,0.25619444,0.23959002,0.18783319,0.19798383,0.11251975,0.10990221,0.15653054,-0.04258553,0.0023837686,-0.03194923,-0.07940773,-0.106831245,-0.12055399,-0.1469369,-0.1415589,-0.16404407,-0.082197666,-0.1362224,-0.08959293,-0.095832035,-0.004145592,0.05453212,0.1449081,0.25405273,0.48062772,0.83320737,1.0662947,1.3797617,1.4968013,1.5639023,1.3628843,1.091273,0.79313886,0.5144046,0.31900284,0.15139638,0.013679623,-0.019859632,-0.09619023,-0.07155575,-0.08517355,-0.12119891,-0.11428052,-0.06309091,-0.10488909,-0.10462097,-0.027390527,-0.040627364,0.030371223,0.06565264,0.11130934,0.17353101,0.25474605,0.30388266,0.33607763,0.34918582,0.3543066,0.30565402,0.3928326,0.30995688,0.3087427,0.34209782,0.32894015,0.2764999,0.30172414,0.23348011,0.17619061,0.19111595,0.16568372,0.10798469,0.048931565,0.04165109,0.007423108,0.048833605,0.024039326,0.056445282,0.089142665,0.039702203,0.080564655,0.122329935,0.15325056,0.15407589,0.17034855,0.16134387,0.1369111,0.15567161,0.15013167,0.1259276,0.11196741,0.09029128,0.06435524,-0.010338777,-0.073634125,-0.02139104,-0.07773157,-0.1428465,-0.12474866,-0.11297198,-0.097564794,-0.13865505,-0.10361334,-0.15398546,-0.09504702,-0.0754887,-0.023284154,0.048370373
ECG_0119,0,normal,0.0074969735,0.0054842085,0.02761727,0.14346819,0.13330026,0.14913163,0.13629317,0.15812947,0.116395034,0.14620608,0.08126444,0.082029745,0.04559118,-0.063306786,-0.0070573394,-0.05321713,-0.058569998,-0.0725926,-0.03257394,-0.08061652,-0.074205324,-0.05398402,-0.018063083,0.0019524607,0.0351943,0.08985016,0.038061105,0.21372087,0.23434582,0.22228292,0.19473892,0.28643453,0.23390213,0.26732877,0.20210066,0.290149,0.15721168,0.1748811,0.077559546,0.105395414,0.05727349,0.066655666,-0.017372023,-0.00593921,-0.10328867,-0.109154515,-0.13115366,-0.12450915,-0.13716707,-0.12774898,-0.13486454,-0.108822554,-0.13361719,-0.064096995,0.016106294,-0.0178717,0.14700054,0.3051762,0.5470354,0.8044036,1.0922084,1.3734368,1.5030903,1.5220118,1.3434051,1.1647795,0.82801384,0.5035353,0.31500334,0.1840953,0.07631808,-0.04685038,-0.15590034,-0.07900089,-0.13658673,-0.101810664,-0.09392201,-0.08224564,-0.04781878,-0.039202526,0.0077200816,0.03472406,0.08067482,0.08239629,0.093684144,0.25550175,0.2296379,0.30757383,0.2917832,0.36801288,0.2886892,0.36407545,0.37885043,0.3922151,0.39860445,0.31412357,0.3408019,0.32683244,0.32603556,0.24081591,0.16988766,0.1113737,0.17360638,0.11472819,0.07153003,0.009564653,0.02288975,0.06904572,0.06615556,0.007927579,0.10030304,0.052160367,0.15909716,0.14379205,0.14092374,0.19859724,0.18906906,0.22227733,0.18280736,0.1758787,0.14796922,0.1431283,0.15955205,0.06264152,0.0633421,-0.01774556,-0.08836219,-0.053315166,-0.07818279,-0.11750816,-0.17795937,-0.1358828,-0.14145069,-0.17283678,-0.1760082,-0.12526903,-0.07438206,-0.05293868,-0.05998636,0.004142307
ECG_0120,0,normal,0.026614083,-0.0015650407,0.06741509,0.13428402,0.0796385,0.17035498,0.19518074,0.14342745,0.13571356,0.16558297,0.110926636,0.022214595,0.06191414,0.04852636,0.025548235,-0.052670013,-0.060352333,-0.043337066,-0.08741186,-0.13561992,-0.04709956,-0.075275764,-0.011480775,-0.053539623,0.023113307,0.08380483,0.10824579,0.115559146,0.11504983,0.2614668,0.24457027,0.28512806,0.2825785,0.26921895,0.2309477,0.2380498,0.24345429,0.17530183,0.19827619,0.061649434,0.021824785,0.062182423,-0.029172929,0.02120219,-0.032444816,-0.053068522,-0.0967632,-0.1670243,-0.19799854,-0.1045569,-0.1878565,-0.08111543,-0.08659283,-0.07804853,-0.018878452,0.04648681,0.12625799,0.32764342,0.54494184,0.787292,1.071199,1.3997133,1.4644645,1.5469675,1.4056635,1.0953181,0.8437227,0.53022707,0.29049164,0.17821157,0.013963772,0.0070545776,-0.12135557,-0.08229134,-0.10866532,-0.13667136,-0.11074138,-0.11804174,-0.06852013,-0.059488706,-0.031185556,0.0021080847,0.022523297,0.074568234,0.13981041,0.17583285,0.2610929,0.2735161,0.31957045,0.29701468,0.390335,0.35895357,0.35052317,0.42772242,0.38737237,0.37626073,0.33463773,0.2872379,0.24727009,0.24299037,0.21764842,0.14748113,0.18090661,0.08668838,0.030369043,0.006513519,0.00019200823,0.037691757,0.048580028,0.08679552,0.08046642,0.124514595,0.11982368,0.13794102,0.13750093,0.21157026,0.13251956,0.1915688,0.17494358,0.19516677,0.15590185,0.1354986,0.10061434,0.11952213,0.043975625,0.067757286,-0.018192811,-0.058886133,-0.09365476,-0.09727921,-0.15073162,-0.14063954,-0.14919598,-0.13641593,-0.12490255,-0.10563754,-0.0911228,-0.01837002,-0.020884186,0.078214146
ECG_0121,0,normal,0.0014958337,0.06238233,0.04373895,0.13611847,0.09675795,0.14936553,0.1386723,0.16365385,0.13895994,0.11091255,0.10836278,0.1390558,0.07889626,-0.004251259,0.0362072,-0.052996565,-0.029957522,-0.05604933,-0.06712258,-0.03416211,-0.10908793,-0.05052859,-0.0064296797,-0.030976174,0.0043703015,0.059897125,0.12060213,0.10873505,0.20319599,0.17351724,0.27592906,0.26553702,0.31211263,0.27137706,0.23144501,0.19939649,0.20764491,0.171904,0.17680933,0.07877353,0.1306591,0.07078347,-0.01071635,0.01383671,-0.0960589,-0.094527975,-0.16159043,-0.08397972,-0.1976399,-0.192629,-0.16191085,-0.08899229,-0.07803593,-0.07209943,-0.0015720966,0.02906567,0.14500317,0.3344246,0.49580124,0.75963104,1.10331,1.3827429,1.5284548,1.5637522,1.3774384,1.1239951,0.82574636,0.5396395,0.3552608,0.16040155,0.03741724,-0.0031817711,-0.03161966,-0.06763541,-0.088416405,-0.16542199,-0.1972055,-0.0773967,-0.086995274,-0.07694056,-0.023936993,0.051171545,0.07909422,0.112488955,0.10576217,0.15832992,0.15615718,0.289718,0.34155026,0.37480053,0.382301,0.37176675,0.36487445,0.3535759,0.36154097,0.31761307,0.37368146,0.25096127,0.24974662,0.16153051,0.1925695,0.14945513,0.10802661,0.064624436,0.07226315,0.041825376,0.046719234,0.108829014,0.060705885,0.08230354,0.06739072,0.0756804,0.117788166,0.21265316,0.14620355,0.17973575,0.15361214,0.09987134,0.15669815,0.24313542,0.17438844,0.18446702,0.09818186,0.007019509,0.01064218,0.02057849,-0.019231807,-0.059851643,-0.10520242,-0.08601515,-0.14812022,-0.13577731,-0.14358024,-0.15722843,-0.16184233,-0.13051729,-0.037761286,-0.03206489,-0.002949588,-0.023559356
ECG_0122,0,normal,-0.043130387,0.06650975,0.092663445,0.09821226,0.10677027,0.09177085,0.17262714,0.18567768,0.12563105,0.11171215,0.1537424,0.07355246,0.11824978,0.03114269,-0.0082511315,-0.0248979,-0.06385725,-0.03885791,-0.059037592,-0.057114597,-0.07869311,-0.08254307,-0.044489257,-0.024446826,0.070740804,0.098580964,0.10811444,0.12325508,0.23287912,0.21986936,0.2332241,0.2966136,0.23941997,0.24174574,0.23366506,0.18385972,0.20995024,0.14994118,0.12410351,0.085499026,0.05241994,0.007372733,0.002805784,-0.04476571,-0.071124814,-0.030082026,-0.12796313,-0.12122837,-0.1266558,-0.15130144,-0.13465548,-0.12804106,-0.10060452,-0.09335645,-0.04696622,0.03303575,0.07317319,0.32975498,0.5680255,0.7877327,1.1091629,1.3929664,1.4854013,1.5614991,1.370683,1.1888903,0.8088614,0.55826414,0.30151024,0.21521565,0.031163799,0.01593144,-0.04308485,-0.078733176,-0.10311041,-0.14049086,-0.20001182,-0.08342287,-0.11482617,-0.04120523,-0.03421545,0.029359952,0.060745068,0.009681484,0.15081081,0.17072338,0.26269966,0.2884488,0.32638052,0.3309279,0.3346599,0.36340216,0.327806,0.36062652,0.32251894,0.30381563,0.3244972,0.3060539,0.25470442,0.20465335,0.15525061,0.14001085,0.094063625,0.090723015,0.026543343,0.079198726,0.033814337,0.06139382,0.08215723,0.07615365,0.10529846,0.037214283,0.10369119,0.17062768,0.17010327,0.2243465,0.2295955,0.19151726,0.17283373,0.14296097,0.14225248,0.12299189,0.09081605,0.05017431,0.05595075,0.059566937,0.0016374801,-0.069211535,-0.05887408,-0.1038071,-0.13430095,-0.1481055,-0.1554383,-0.12664138,-0.13121335,-0.13955007,-0.1172755,-0.056261204,-0.020701714,-0.009359425
ECG_0123,0,normal,-0.033959877,0.07114388,0.09667856,0.034473494,0.15807395,0.12941991,0.15230472,0.18424031,0.19557999,0.1646761,0.12374146,0.051539175,0.0040910207,0.06075901,0.04360663,-0.050690487,-0.0603517,-0.089362256,-0.103128895,-0.05750895,-0.0776775,-0.07572778,0.035508264,-0.05470855,0.043180242,0.037043404,0.10613703,0.15550849,0.2119918,0.20793338,0.22612068,0.24175148,0.22231984,0.27028283,0.24902786,0.23641187,0.19839188,0.16702518,0.17649317,0.13728568,0.11247606,0.043718,0.035969283,-0.052580398,-0.07859061,-0.06484265,-0.09799364,-0.1480903,-0.17960605,-0.15553467,-0.1634155,-0.076926894,-0.08388005,-0.098738626,-0.06348961,0.009178684,0.115565546,0.2798718,0.5366362,0.7536267,1.157885,1.3322356,1.48287,1.5842999,1.4231138,1.1146982,0.82594913,0.54321575,0.31096402,0.11042048,-0.02792471,-0.044363007,-0.007400554,-0.035200067,-0.117835745,-0.14921941,-0.11408649,-0.1024852,-0.08213941,-0.1521041,0.0499663,0.027326489,0.03075238,0.06206801,0.1619831,0.19589548,0.23051375,0.28446263,0.30490986,0.35115108,0.38382897,0.38668826,0.39053044,0.42012262,0.3185305,0.3230114,0.32179967,0.2681364,0.24377723,0.2582493,0.17920372,0.09465031,0.10603006,0.09435133,0.07337998,0.07484032,0.06505693,0.04594133,0.019749377,0.05308335,0.06264136,0.09066035,0.13921195,0.14965846,0.17954655,0.15737012,0.22371492,0.20271465,0.18376014,0.18981452,0.13625392,0.07197667,0.09041264,0.10014815,0.046309933,0.004562714,-0.051795427,-0.118213706,-0.046549577,-0.12044346,-0.14596596,-0.1651612,-0.11180442,-0.11973283,-0.16442063,-0.0827611,-0.09832205,-0.08375459,-0.042369623,-0.023464363
ECG_0124,0,normal,-0.03962602,0.05689886,0.05889928,0.11261107,0.12650287,0.15214542,0.085225515,0.12409081,0.16308478,0.096345216,0.1277025,0.05108726,0.0653713,0.082713954,0.026583722,-0.08177337,-0.02680716,-0.017977135,-0.001701416,-0.07550552,-0.12516129,-0.055812094,0.00366367,-0.017288567,0.05803618,0.04332466,0.122030735,0.07636195,0.15814388,0.21558522,0.22622842,0.2111055,0.23972875,0.2612032,0.238001,0.22518493,0.22243725,0.16251664,0.1820005,0.076953955,0.12787212,0.06593133,-0.015290574,-0.04877748,-0.06636299,-0.08273554,-0.09045984,-0.17959453,-0.13509502,-0.21291117,-0.14818847,-0.08504462,-0.14920954,-0.12373809,-0.02551603,0.07415096,0.14209217,0.22773427,0.45270595,0.7855546,1.0538216,1.3646352,1.5310212,1.518958,1.4379188,1.1378826,0.85085684,0.5586361,0.30236042,0.14348145,0.037605703,0.0014118453,-0.08139614,-0.039111484,-0.13235672,-0.11404624,-0.12930255,-0.12917843,-0.03499059,-0.089464866,-0.05390802,-0.02657176,0.03791951,0.08058315,0.09878634,0.16830255,0.24603991,0.3015222,0.30901146,0.34086505,0.35120824,0.36131552,0.35421556,0.33163735,0.34537032,0.37406945,0.30827034,0.27965188,0.24469365,0.2569583,0.15582137,0.15783824,0.11667633,0.09464574,0.07951981,0.05987415,0.074615926,0.049228393,0.10787186,0.06765193,0.030220652,0.11836277,0.1302398,0.13851173,0.14703923,0.105454035,0.12005877,0.23195507,0.16282801,0.20068274,0.108435735,0.10383355,0.12897275,0.07464941,0.060033467,0.008258771,-0.03259038,-0.079940245,-0.12511502,-0.072125584,-0.08606055,-0.17617291,-0.18256247,-0.15660655,-0.1251904,-0.123151936,-0.078984335,-0.066915795,-0.037000183,0.072426915
ECG_0125,0,normal,-0.015755806,0.08281334,0.10892632,0.10921759,0.06010251,0.13662091,0.13116428,0.15069634,0.11411482,0.15727788,0.1460601,0.12790912,0.053412613,0.002631489,0.013896162,0.02643109,-0.050176613,-0.05907537,-0.0926596,-0.10486189,-0.064480424,-0.07203443,-0.032111652,0.003549283,0.037168413,0.08524841,0.085269965,0.12362845,0.18537529,0.215212,0.22145943,0.25735402,0.28196496,0.2869389,0.28295568,0.18391275,0.16558821,0.16412215,0.14363375,0.09947955,0.053452864,0.02340762,0.009888774,-0.07998659,-0.0022643418,-0.100065865,-0.091770865,-0.15677693,-0.13098781,-0.14641301,-0.1171652,-0.13462141,-0.060134366,-0.120522626,-0.0036586681,0.036089674,0.1017805,0.34343478,0.55866075,0.72040606,1.0945024,1.3817044,1.5383925,1.5791166,1.4227052,1.1281242,0.8828222,0.55912405,0.2963202,0.13274445,0.08383455,-0.042809848,-0.07417733,-0.098049626,-0.09931103,-0.12628424,-0.16193925,-0.08079224,-0.11229295,-0.015695177,-0.035646684,0.03136847,0.055614136,0.123074025,0.1494741,0.1880887,0.26054636,0.34529176,0.30019754,0.362943,0.36188075,0.39157054,0.38306752,0.31360453,0.3604381,0.37693453,0.29804665,0.31766084,0.26116648,0.21387234,0.2108473,0.1699576,0.13134673,0.12308494,0.078282245,0.008819221,0.039481644,-0.004025961,0.07526152,0.09320352,0.109575726,0.113886304,0.14751464,0.090237275,0.15159936,0.12644513,0.1677142,0.23101705,0.21319021,0.1915827,0.15107812,0.10543145,0.11422436,0.11104472,0.056199595,-0.038902976,-0.023221897,-0.11693878,-0.06516943,-0.13499686,-0.16977346,-0.1204739,-0.13265876,-0.13920139,-0.069652215,-0.09864739,-0.113318644,-0.049862206,-0.042143572,0.03803732
ECG_0126,0,normal,0.008429607,0.04501263,0.022249375,0.09593534,0.11619849,0.10496278,0.13996008,0.1631662,0.14587334,0.092227146,0.108314045,0.07876765,0.07068338,0.03698022,-0.0090026725,-0.039771043,-0.050241623,-0.04375498,-0.07725268,-0.047065705,-0.05023297,-0.023951959,-0.0031585083,0.03521256,-0.007851375,0.08793554,0.14740975,0.19302015,0.16353236,0.23549026,0.23938522,0.30553582,0.21309967,0.22823486,0.18626882,0.22769529,0.2683934,0.17148127,0.14425616,0.123139255,0.066543326,0.043520946,0.007155709,-0.065464616,-0.07538646,-0.07843768,-0.095439,-0.10042175,-0.1381552,-0.13874216,-0.120363906,-0.1465051,-0.12575464,-0.079504885,-0.07039041,0.044735108,0.16380276,0.2635715,0.51625425,0.7637483,1.0587016,1.4222015,1.4950744,1.4952712,1.3899176,1.1282243,0.8345261,0.5910555,0.28354874,0.13196176,0.09479847,0.009152491,-0.037882745,-0.108558536,-0.07620399,-0.096385,-0.116744004,-0.13320246,-0.09696013,-0.026838629,-0.077585414,-0.030641723,0.017854217,0.071297705,0.13189183,0.20979077,0.24159175,0.27253783,0.31660125,0.35781494,0.31158692,0.4085363,0.35701036,0.3650315,0.37665677,0.34468567,0.33561075,0.29428726,0.24697824,0.2654798,0.20491481,0.15859017,0.13950591,0.07144805,0.13743244,0.025530085,0.05422033,0.041513324,0.04580814,0.052689824,0.05817336,0.13486373,0.08233581,0.1670423,0.1742825,0.15746588,0.1944423,0.17779252,0.1473629,0.13900112,0.17618997,0.1533464,0.11587387,0.065978944,0.038190503,-0.0010988466,-0.078768544,-0.05770133,-0.0736213,-0.112178355,-0.08000534,-0.17514868,-0.1692732,-0.14218278,-0.12809046,-0.17473365,-0.075889,-0.05798882,-0.09714304,-0.0034667233
ECG_0127,0,normal,-0.024255954,0.020015232,0.025377404,0.10658044,0.17073976,0.14363989,0.081823595,0.1586615,0.14016466,0.10155976,0.12711926,0.11920134,0.04482317,-0.014897742,-0.057004448,-0.046221692,-0.056923404,-0.08812445,-0.10611036,-0.0727208,-0.07034392,-0.06286463,-0.019722704,-0.031365145,-0.006093868,0.05284274,0.09312106,0.08951065,0.17028688,0.24891436,0.26115474,0.26587954,0.25866696,0.2947805,0.20878279,0.194412,0.23420703,0.17363966,0.12108981,0.12318983,0.056878034,0.0074144024,-0.030571196,-0.030451436,-0.06639059,-0.055193264,-0.13199897,-0.14859128,-0.10502929,-0.11984634,-0.1385225,-0.17549238,-0.13103692,-0.107383795,-0.031046329,0.01727785,0.18041745,0.23772968,0.4683596,0.78996104,1.104842,1.2829206,1.4730791,1.5257427,1.4241575,1.1768014,0.8020742,0.52589923,0.28175667,0.16831106,0.092390195,0.0186594,-0.062755205,-0.11601842,-0.10973472,-0.07905689,-0.13444564,-0.17011751,-0.11096127,-0.08466401,-0.099405326,0.00031336857,0.05186843,0.13941912,0.09239262,0.20294929,0.2567544,0.28630123,0.2780874,0.30714738,0.364954,0.3790941,0.36501974,0.41708595,0.35442117,0.29013684,0.31428114,0.30444065,0.26591706,0.22964375,0.22849251,0.11608293,0.106019065,0.13895956,0.0131688,0.05654837,0.0876929,0.0865266,0.07534406,0.086880706,0.050093967,0.14040877,0.082475044,0.10332299,0.1664626,0.15410218,0.184665,0.19545251,0.23373638,0.18472587,0.1379707,0.15553394,0.0836609,0.10511911,0.045842286,0.020684063,-0.07977984,-0.12706129,-0.13433768,-0.061833497,-0.16752446,-0.123042524,-0.16869733,-0.15337425,-0.13674507,-0.06838404,-0.07643477,-0.05388733,0.005339703,-0.018961351
ECG_0128,0,normal,0.03205058,0.060654007,0.09221741,0.08944429,0.10476702,0.10959448,0.122389644,0.122583225,0.15700926,0.12774004,0.12945256,0.10744486,0.033085294,0.001721186,-0.0035140922,-0.04950476,-0.078670666,-0.021773672,-0.13161254,-0.029065853,-0.07556241,-0.039265286,-0.018167354,0.0068328525,0.07659786,0.03604025,0.106168784,0.12546392,0.13577154,0.19593161,0.29330555,0.24492002,0.3142239,0.31388837,0.33044174,0.2805216,0.27122214,0.18256654,0.148075,0.11547727,0.07003391,0.03703006,0.017954836,-0.054072455,-0.113893785,-0.0897871,-0.14408043,-0.157055,-0.1525009,-0.16058004,-0.10956818,-0.13366425,-0.07186779,-0.069580466,-0.034795754,0.037274696,0.0935814,0.29501513,0.5286755,0.8123477,1.0486337,1.3149652,1.5090368,1.5751907,1.3901055,1.0969278,0.77092093,0.510499,0.2843161,0.1773834,0.07691063,-0.050518278,-0.039290205,-0.07133976,-0.14537106,-0.12299505,-0.11220553,-0.110757574,-0.15147723,-0.07235776,-0.025678437,0.040740073,0.016624555,0.067258745,0.12609793,0.18977012,0.23065986,0.28884184,0.27453586,0.35100082,0.33977163,0.37208873,0.43304318,0.33638954,0.3580597,0.3087085,0.32559487,0.3214794,0.26074788,0.2161156,0.22352491,0.15944171,0.1433173,0.114065655,-0.014097916,0.055859137,0.018483035,0.025226604,0.09977815,0.055073358,0.13810171,0.056982808,0.08596677,0.1604059,0.14458524,0.17811243,0.17509489,0.1782522,0.171266,0.17709893,0.17577589,0.18367195,0.10253815,0.065915294,0.028229604,0.052761264,-0.005650476,-0.11650993,-0.14758857,-0.13910836,-0.12617545,-0.14601593,-0.13399674,-0.15143666,-0.09348089,-0.09453405,-0.09164264,-0.031078141,-0.083028436,-0.0025176867
ECG_0129,0,normal,0.0041256608,0.051676024,0.014065447,0.08628258,0.12990029,0.15000406,0.18218902,0.17293878,0.14417845,0.15483935,0.11046964,0.097211614,0.08872204,0.03305522,0.01420541,0.0025881233,-0.030893356,-0.035640128,-0.015758447,-0.06866995,-0.09806748,-0.053497743,-0.030152785,0.006729398,0.0715934,0.017989406,0.15627527,0.20656183,0.20369606,0.23353289,0.22987978,0.25031373,0.275657,0.27032012,0.26220912,0.24215686,0.22742988,0.19641097,0.110494696,0.13160013,0.12578964,0.031741366,0.040373757,-0.067616776,-0.073457934,-0.11993042,-0.08191965,-0.0901625,-0.15119419,-0.1142839,-0.09335066,-0.12964956,-0.102788724,-0.05375249,-0.05741602,0.03583101,0.19661391,0.2698724,0.52881455,0.7983363,1.0842859,1.3671843,1.5777199,1.5502586,1.4047707,1.1681945,0.80582684,0.49961123,0.35991305,0.15341052,0.07334233,-0.041891098,-0.050229397,-0.12377045,-0.10806844,-0.13991818,-0.14875975,-0.12474831,-0.16896272,-0.11109031,-0.021293959,0.0037822402,0.0044626826,0.10005855,0.106017545,0.20269255,0.22428015,0.2609589,0.30555955,0.41588104,0.33927405,0.3831855,0.4052438,0.34946445,0.31861597,0.3289149,0.34378675,0.27977234,0.24872504,0.24694015,0.15948255,0.14686398,0.073315084,0.102229506,0.07907451,0.08202529,0.016467586,0.044349484,0.01718646,0.058934327,0.1257783,0.08959088,0.0774993,0.117139,0.106497824,0.13001943,0.19859369,0.139141,0.18976295,0.17248641,0.1405809,0.14205979,0.08048368,0.102949776,0.022953242,-0.0029232583,-0.041520752,-0.038854722,-0.07296163,-0.19285765,-0.12545253,-0.19734961,-0.15967974,-0.14941858,-0.1459652,-0.102672815,-0.07236764,-0.0886423,-0.05785516,-0.0010445318
ECG_0130,0,normal,-0.04631167,0.01930559,0.10596276,0.04890577,0.10768294,0.11792016,0.20676315,0.13395779,0.1316095,0.10366719,0.116790205,0.100913405,0.03830338,0.064075924,0.011477627,-0.0006941616,-0.062102366,-0.06534875,-0.09200479,-0.04602734,-0.08074077,-0.068589814,-0.057964597,-0.027154831,0.03387457,0.09310038,0.090323396,0.15484671,0.19217902,0.22651975,0.18590423,0.22238204,0.21374309,0.25230008,0.21355863,0.20846957,0.16464977,0.16071442,0.10750205,0.12936935,0.08440888,0.037047047,-0.013668899,-0.10122852,-0.08631126,-0.123539366,-0.11587806,-0.12078558,-0.13847932,-0.11152459,-0.15991887,-0.14695528,-0.07554492,-0.07077446,-0.039549846,0.08792372,0.14966221,0.27915648,0.48262146,0.82241756,1.0954088,1.3612702,1.5454297,1.5600533,1.3999723,1.1466879,0.8280504,0.54766536,0.2849135,0.20362549,0.009524005,-0.0097398935,-0.1019882,-0.093806334,-0.12711944,-0.11640781,-0.112177394,-0.14434464,-0.10104343,-0.034483008,-0.08413433,-0.032269366,0.06251093,0.08594898,0.13689858,0.21170272,0.20392726,0.25513253,0.2890122,0.3286491,0.40222377,0.32535636,0.3459762,0.33736634,0.40849453,0.32851586,0.31120265,0.2415934,0.24778663,0.24561271,0.19126156,0.14629072,0.07178375,0.08276937,0.07659674,0.028404456,0.070472,0.07665817,0.03968111,0.08809249,0.07803247,0.13362761,0.17950141,0.10472541,0.17791091,0.20804155,0.14934368,0.16527587,0.16280177,0.16773069,0.14583577,0.12929076,0.13375318,0.02085009,0.014686648,0.02876559,-0.009776939,-0.0912952,-0.07250389,-0.07440061,-0.13455062,-0.17525065,-0.12319147,-0.09448199,-0.16198766,-0.11651982,-0.061265267,-0.06197756,-0.08598014,0.013337086
ECG_0131,0,normal,-0.029363967,-0.0045067472,0.013687987,0.12980701,0.09284513,0.14568928,0.16397375,0.15494819,0.15490095,0.14602157,0.12065348,0.070003614,0.03939786,0.031264797,-0.00043920212,-0.013371548,-0.019208798,-0.06232712,-0.109938405,-0.15519246,-0.10729682,-0.10918714,-0.06612851,-0.004407613,0.029274624,0.12425808,0.12535259,0.20832436,0.20810811,0.24834004,0.22636205,0.21788874,0.24124964,0.25095746,0.22174306,0.19332252,0.21298331,0.14264959,0.0952204,0.0729695,0.06300138,0.002812594,-0.011453338,-0.022084588,-0.055331767,-0.12052044,-0.16241454,-0.1566455,-0.12854895,-0.12273985,-0.13228275,-0.09261892,-0.054805208,-0.090257786,0.012457015,0.024711598,0.16292576,0.30612996,0.44388804,0.7536354,1.0525602,1.3070732,1.5515208,1.5957139,1.375746,1.1457933,0.8590479,0.53726864,0.30610323,0.14194423,0.062661074,0.007219599,-0.04803104,-0.07803858,-0.11151672,-0.16826913,-0.09549864,-0.15419339,-0.081579424,-0.053621136,-0.07897934,-0.024881775,0.10033253,0.081237875,0.09575752,0.20506002,0.20456907,0.21309687,0.32388455,0.31159666,0.37167373,0.35200804,0.4030189,0.38384178,0.28876746,0.35840824,0.3123109,0.33253396,0.26751444,0.2423018,0.16235663,0.12582462,0.11796084,0.08178945,0.112329565,0.05355963,0.014080617,0.025278684,0.0844921,0.061299805,0.074703306,0.13101909,0.091033995,0.070480086,0.12924038,0.17615528,0.17097874,0.1357166,0.21087487,0.17661904,0.16819717,0.1478276,0.0696578,0.08681081,0.071127065,0.042877056,-0.0047223233,-0.04414504,-0.1414176,-0.11465466,-0.16177705,-0.10654678,-0.11552871,-0.17468922,-0.1367828,-0.110242106,-0.0669462,-0.11570687,-0.09984992,0.00117901
ECG_0132,0,normal,-0.07594221,0.038372103,0.08328666,0.13117719,0.09920942,0.14052464,0.16615042,0.11482202,0.17346427,0.1428204,0.09834716,0.09704982,0.06069794,0.05781646,-0.0074680834,-0.019438425,-0.07088625,-0.10077957,-0.08046591,-0.11666082,-0.06021129,-0.051085457,-0.06717077,-0.00526251,0.0036519119,0.020383367,0.092943385,0.14953983,0.2022962,0.22025324,0.26435935,0.22068904,0.24341747,0.30064455,0.18265542,0.20979817,0.16833337,0.16694956,0.12819174,0.124696754,0.077697664,-0.0066283597,-0.022255503,-0.040101428,-0.05038363,-0.02770698,-0.102212414,-0.1697518,-0.15103365,-0.14398645,-0.15845118,-0.11455426,-0.17482258,-0.05916646,-0.046431504,0.029236926,0.17630199,0.24702728,0.5113814,0.8064399,1.094309,1.3121089,1.5656533,1.5273101,1.3676499,1.1108541,0.80304474,0.4953133,0.31181115,0.13139787,0.066660956,-0.0034933574,-0.013115104,-0.097211465,-0.13407813,-0.16457276,-0.056629825,-0.09579139,-0.12093359,-0.025498582,-0.004081512,-0.047186077,0.014084045,0.07965259,0.10026138,0.17813626,0.24910818,0.22951476,0.31708148,0.37415013,0.37404472,0.37412027,0.36175972,0.40326208,0.3311361,0.35423163,0.3217683,0.32380077,0.23817575,0.20468499,0.1464169,0.16264518,0.10601584,0.06674571,0.049184807,0.074272364,0.017736454,0.019681133,0.08243141,0.06133391,0.10998801,0.08843279,0.11844312,0.14222436,0.19644496,0.20806879,0.2130612,0.16366492,0.1507882,0.19453788,0.19782953,0.17012386,0.109005004,0.099558696,0.06626508,0.013136032,-0.020589015,-0.056593068,-0.112937845,-0.1347882,-0.15412453,-0.19298893,-0.1451543,-0.14739056,-0.11254453,-0.07987587,-0.054241106,-0.02288436,-0.05627368,-0.042924225
ECG_0133,0,normal,0.027922599,0.075078934,0.1122002,0.10864467,0.057985347,0.14665747,0.16326834,0.18765587,0.18889269,0.16187914,0.09889218,0.061934877,0.08089681,0.010641789,0.047599833,-0.07738791,-0.035251703,-0.063058235,-0.0918149,-0.11751127,-0.14608198,-0.084795296,-0.059633832,0.021676177,0.0032572397,0.08209587,0.07209294,0.16545677,0.11952292,0.27862772,0.2328971,0.166289,0.23318595,0.22504368,0.22091329,0.21241756,0.18059966,0.14831915,0.10646467,0.13128577,0.106066115,0.024902953,-0.0051397406,-0.07388784,-0.070434436,-0.09379675,-0.12987825,-0.12749454,-0.13895704,-0.18103993,-0.10707803,-0.13489139,-0.056414124,-0.063148335,0.026988111,0.06778616,0.13914599,0.2631796,0.48215276,0.79861325,1.0934926,1.3428638,1.5501331,1.5348139,1.4086465,1.0909045,0.84449327,0.5460485,0.3427897,0.17863779,0.043985702,-0.023982458,-0.008394256,-0.09957953,-0.087527625,-0.1319221,-0.17828661,-0.1524748,-0.08798337,-0.055259284,-0.03248998,0.027730733,0.048426095,0.060365297,0.150193,0.18612188,0.21048258,0.28488818,0.31067255,0.32094517,0.35670212,0.41879576,0.4232294,0.38398117,0.36816174,0.30395648,0.3725838,0.3211227,0.27821675,0.15137514,0.18490052,0.14571278,0.13921478,0.07907701,0.06523799,0.07674159,0.027617918,0.032884832,0.06134037,0.1064721,0.10557875,0.13147558,0.1203764,0.18238772,0.1025909,0.2295598,0.24301685,0.19622798,0.20536096,0.17057413,0.15023968,0.116913185,0.10714316,0.09440245,0.056499965,0.06826584,-0.023351986,-0.10420379,-0.03996563,-0.15083525,-0.14986154,-0.13685952,-0.13692483,-0.1895365,-0.15779762,-0.16212086,-0.075318545,-0.029936926,-0.070216395,0.029904353
ECG_0134,0,normal,0.027923655,0.013842807,0.006043056,0.061957106,0.10002874,0.18193932,0.14305604,0.11988878,0.15043928,0.09572971,0.13194075,0.06347848,0.039902262,0.045679003,0.05585273,0.03968249,-0.083454266,-0.09054247,-0.07014593,-0.054694105,-0.1491512,-0.06623233,-0.05883163,-0.069396555,-0.013372124,0.05147952,0.11262459,0.18129241,0.19728437,0.24419503,0.23793085,0.22897564,0.24920593,0.27217907,0.2715647,0.21892056,0.17260472,0.18288125,0.15556459,0.14361367,0.049669158,0.012506249,0.018074164,-0.052320924,-0.086055584,-0.063071474,-0.16442646,-0.0776907,-0.16659735,-0.12341389,-0.14613344,-0.120521136,-0.114564866,-0.05006365,-0.042559598,0.015339688,0.18673055,0.2857543,0.48292893,0.7379136,1.1451663,1.3439769,1.5869966,1.5456164,1.3877628,1.1252639,0.88098764,0.4652521,0.3132929,0.14135876,0.040141504,-0.014541867,-0.06987281,-0.08521855,-0.110687956,-0.15988724,-0.110989146,-0.094173,-0.116422966,-0.020256354,-0.004699231,0.018670818,0.061642915,0.08452525,0.1666051,0.22815628,0.25199005,0.25360408,0.307101,0.3563053,0.38717043,0.37406445,0.36479852,0.42586306,0.3342741,0.3187079,0.281189,0.2617259,0.29307857,0.25804204,0.18145148,0.16441607,0.11841518,0.05684863,0.13873251,0.0994014,0.06145785,0.024429414,0.048792537,0.04554476,0.08425213,0.10851116,0.10824313,0.093903,0.21878815,0.17601842,0.19216184,0.16985722,0.13353276,0.16921511,0.14683007,0.15652533,0.13579586,0.10067533,0.07355162,0.06277772,-0.01466467,-0.026562456,-0.07447913,-0.17120768,-0.13771543,-0.17104317,-0.14249709,-0.16990367,-0.11723303,-0.088266544,-0.057862837,-0.016860478,-0.08384197,-0.035935447
ECG_0135,0,normal,0.087834746,0.06390064,0.07225387,0.095055915,0.11618066,0.07767679,0.123435244,0.14673819,0.12452803,0.11703606,0.19327249,0.085258804,0.07322158,0.04169033,0.021029504,-0.040569622,-0.014848864,-0.059337415,-0.12422683,-0.0929829,-0.08939315,-0.075397395,-0.028938433,0.0073658326,0.0422425,0.07868021,0.11342927,0.086513124,0.20999071,0.23041946,0.20758629,0.2585415,0.27415657,0.28645095,0.25589687,0.23300485,0.22888134,0.16361532,0.15358526,0.087998696,0.103340946,-0.015751166,0.019891474,-0.039566647,-0.043603435,-0.124112,-0.12059678,-0.1375579,-0.1352018,-0.1808426,-0.123783,-0.18403882,-0.12671654,-0.12264285,-0.007293301,0.044532005,0.14601146,0.32906848,0.49372154,0.80090976,1.0911795,1.3579476,1.5643401,1.5961071,1.3705322,1.1451802,0.8240827,0.540952,0.31427798,0.13932253,-0.06101511,0.027023057,-0.082727164,-0.098109186,-0.11658942,-0.14399458,-0.11522292,-0.11698401,-0.12165707,-0.07181417,-0.045757785,0.021187406,-0.0035231926,0.05946066,0.15412286,0.16184135,0.20064725,0.25300387,0.3052621,0.33617982,0.35573936,0.3455318,0.40499753,0.41812342,0.30913085,0.30034164,0.35108855,0.3371263,0.19178285,0.24408016,0.23280925,0.123654276,0.16612035,0.08726811,0.08162841,0.0365822,0.08085612,0.07513968,0.10728185,0.10953575,0.08105016,0.19246481,0.15900068,0.15375085,0.12491174,0.12299163,0.13511325,0.15451953,0.22171217,0.1863268,0.13812554,0.13116322,0.10088114,0.101725966,0.017539518,0.01915834,-0.01735765,-0.08500497,-0.041654766,-0.12307376,-0.16286232,-0.11942542,-0.14780523,-0.1339205,-0.17094384,-0.0933249,-0.028797086,-0.10332333,-0.022934986,-0.023524737
ECG_0136,0,normal,0.08068848,0.0708039,0.07398365,0.057258762,0.08830478,0.15807742,0.105730355,0.1101602,0.14626877,0.13859263,0.1279115,0.07962264,0.09248237,0.008559801,0.02214505,-0.019827519,-0.034238826,-0.03718434,-0.09927186,-0.10959011,-0.13488051,-0.1294225,-0.04949656,-0.014901609,-0.005839585,0.04237976,0.15656376,0.17732452,0.14880572,0.2024984,0.24930921,0.2313305,0.23045757,0.24116617,0.27330765,0.25879884,0.17841478,0.18662804,0.1410328,0.07638502,0.061119806,-0.0053868582,0.030281017,0.006476244,-0.08488225,-0.120168045,-0.09165846,-0.102892324,-0.18165064,-0.15385708,-0.1446376,-0.15178528,-0.095101826,-0.09675931,-0.048347704,0.029487802,0.087658435,0.2231792,0.53074795,0.7604125,1.1532449,1.4196898,1.5099471,1.6038224,1.4116035,1.1008092,0.73705393,0.55166334,0.3078015,0.16225572,0.03966922,-0.05333693,-0.07469599,-0.06966335,-0.12061189,-0.13129303,-0.16801174,-0.11291862,-0.13351895,-0.048737448,-0.06678941,-0.015518874,0.1016078,0.07442511,0.11914669,0.1986023,0.17419147,0.30823687,0.33810964,0.35482875,0.26072517,0.36860642,0.34361678,0.41206005,0.39802054,0.35858816,0.28490952,0.33486125,0.24779038,0.2737782,0.19163446,0.16473088,0.104921184,0.1348166,0.090442315,0.10144595,0.056151506,0.048694953,0.07339448,0.10959374,0.11182669,0.103360176,0.06276034,0.16184697,0.111665234,0.16994278,0.1749911,0.13999644,0.19156818,0.23634367,0.14714856,0.15821569,0.17928423,0.10360284,0.024558151,0.015778191,-0.011936817,-0.016524537,-0.052873436,-0.19730313,-0.15876596,-0.14711262,-0.17989871,-0.2571761,-0.15717201,-0.117805704,-0.10972848,-0.09534662,-0.03231731,0.0103272
ECG_0137,0,normal,-0.014057622,0.07476725,0.06725186,0.06794938,0.084150344,0.12930009,0.18000774,0.12538296,0.16388021,0.13742684,0.17630754,0.10451594,0.04393119,0.056505326,0.02644638,-0.03816147,-0.08717817,-0.05656323,-0.08370644,-0.1352543,-0.07659307,-0.08796222,-0.0896854,-0.022239413,0.065230474,0.1047546,0.1392627,0.15912633,0.20452785,0.21872818,0.2039776,0.22295897,0.236503,0.29335433,0.27288854,0.19096048,0.2020799,0.1607333,0.13657214,0.0905508,0.11220279,0.03197297,0.0018740629,-0.03337017,-0.10339816,-0.09743906,-0.09142678,-0.09519607,-0.18265274,-0.19497378,-0.14100541,-0.09538637,-0.09589338,-0.05535207,-0.07294735,0.015368458,0.06644693,0.28059816,0.43827322,0.82260203,1.1358435,1.364754,1.4797642,1.5449221,1.4392501,1.1344407,0.8500587,0.5164637,0.28072634,0.147189,-0.0112668555,0.048901435,-0.057695683,-0.064859286,-0.123825885,-0.16677308,-0.079655685,-0.14937764,-0.08969583,-0.063000694,-0.042547844,-0.030185279,0.032199323,0.055120815,0.15663926,0.19818005,0.22710724,0.25366205,0.37151098,0.30003327,0.3156997,0.37392858,0.37406135,0.4112643,0.3858272,0.34783363,0.33601296,0.30449742,0.31876493,0.22721797,0.16324054,0.15548168,0.040169936,0.09162851,0.10497877,0.07622472,0.05978195,0.06958329,0.08863827,0.109074526,0.09474833,0.08973012,0.049071234,0.16688058,0.17028245,0.17347239,0.15782255,0.21148406,0.172676,0.17068146,0.15484707,0.14873485,0.07415457,0.094601,0.0222768,-0.011906363,0.00019697845,-0.089389786,-0.062791675,-0.11116562,-0.18252812,-0.10407755,-0.14013249,-0.13434958,-0.10518619,-0.072720766,-0.08793913,-0.046919703,-0.022425672,-0.010251476
ECG_0138,0,normal,-0.047502797,0.04006259,0.10688856,0.111594774,0.08586377,0.16861483,0.13732103,0.087332845,0.17654094,0.10622872,0.1699324,0.1272416,0.058043998,0.048195038,0.076063275,0.0037490714,-0.0451123,0.014030337,-0.08208447,-0.07230334,-0.112315096,-0.119094,-0.052851405,-0.010523681,0.036620818,0.02591962,0.13068037,0.12613776,0.20491597,0.24381663,0.22526385,0.22120945,0.3010279,0.2775009,0.24514712,0.26740962,0.20297603,0.15419629,0.1111741,0.103398114,0.09318366,0.07423294,-0.0039053347,-0.0037041695,-0.07899314,-0.12414361,-0.16248569,-0.154564,-0.18627802,-0.089130394,-0.12969056,-0.13153045,-0.05502122,-0.114828974,-0.036254168,0.0925183,0.12800908,0.3582772,0.5267679,0.8218,1.1292458,1.3605827,1.5104951,1.5301875,1.3538682,1.1181897,0.81437695,0.58169574,0.3246609,0.2201934,-0.018252019,-0.055532534,-0.07254554,-0.046087638,-0.11326795,-0.16451529,-0.12978385,-0.15158258,-0.14196977,-0.0163284,-0.05531465,-0.0014531655,0.0338996,0.07607747,0.1071441,0.1717146,0.23786639,0.31327164,0.33671454,0.3025232,0.39169407,0.3906519,0.36306113,0.38379976,0.38361233,0.34835947,0.33541015,0.2641439,0.3154432,0.16173853,0.20100838,0.16052955,0.13801862,0.071356826,0.107265204,0.05491978,0.0152388215,0.0172618,0.05928172,0.01842188,0.13533984,0.1306811,0.17328222,0.18917808,0.14426918,0.14281273,0.09813091,0.17034248,0.23336267,0.14687862,0.15022911,0.11860219,0.11986338,0.11630698,-0.0022728683,-0.03176553,0.018238379,-0.037546925,-0.097076364,-0.06299414,-0.17403068,-0.11707541,-0.15148723,-0.12797704,-0.20701802,-0.12551849,-0.071866035,-0.06733823,0.0040976834,0.036688704
ECG_0139,0,normal,-0.028756617,0.058334712,0.035740547,0.09571525,0.1375703,0.1106307,0.17021291,0.13493295,0.1285829,0.15578967,0.091431364,0.06620333,0.09611265,0.037670955,-0.040277865,-0.0005818983,-0.064456336,-0.11473468,-0.16083135,-0.06265536,-0.11002624,-0.10616778,-0.025035253,0.012497825,0.003129819,0.095891975,0.17250693,0.19144922,0.22238564,0.22519271,0.22381757,0.24844745,0.26794067,0.2135882,0.21750638,0.1805243,0.20753378,0.17530313,0.1216439,0.13124706,0.03869403,0.011845125,0.018805154,-0.012233444,-0.09643684,-0.09373439,-0.1466605,-0.14529698,-0.14390318,-0.13260476,-0.13334268,-0.120467134,-0.13903622,-0.06411265,-0.015607922,0.053196117,0.11074469,0.31234038,0.46368274,0.76969767,1.0809333,1.3226624,1.51642,1.5402951,1.328703,1.108328,0.7620571,0.59226483,0.31323737,0.15308975,0.053496506,-0.00088560337,-0.03254054,-0.13776909,-0.070675306,-0.08310573,-0.12442052,-0.119216494,-0.19324382,-0.11361297,-0.029200904,0.029370772,0.058553398,0.081350885,0.19014011,0.21118891,0.21593453,0.33617592,0.27540645,0.29494,0.34940493,0.35362956,0.37085482,0.40227956,0.36542434,0.34669897,0.3227673,0.22066267,0.2102004,0.20805773,0.15838498,0.14257301,0.16085416,0.09037445,0.03252425,0.03436621,0.10214255,0.09608093,0.073416896,0.019443033,0.09052881,0.110724375,0.1192431,0.120435044,0.14394744,0.14970116,0.14411187,0.22350913,0.20686251,0.16316624,0.16709208,0.14693032,0.17890003,0.103901505,0.06894654,0.009807179,-0.03939294,-0.018057622,-0.06972679,-0.13909288,-0.119463824,-0.119890235,-0.21231502,-0.17384496,-0.12452051,-0.17543122,-0.14695387,-0.07355218,-0.018814921,0.016168065
ECG_0140,0,normal,0.04747228,0.03608285,0.054340843,0.054874,0.106347635,0.15691507,0.16918679,0.1580322,0.16241728,0.17288165,0.11876871,0.13382795,0.04307857,0.03221551,-0.011079278,-0.0024699857,-0.08269283,-0.08229724,-0.14140218,-0.071926504,-0.04682499,-0.041531194,-0.01983851,0.013506089,0.047733724,0.08694462,0.13122754,0.13137887,0.18064813,0.21787614,0.22705796,0.20313473,0.21766816,0.25821283,0.2677611,0.22363706,0.28342283,0.14521864,0.15457343,0.14536817,0.10200236,0.052192174,0.027496979,-0.03843609,-0.022678604,-0.062200896,-0.14886312,-0.12972976,-0.1946372,-0.103762075,-0.1361425,-0.08819882,-0.109962,-0.13144897,0.046981145,0.03646074,0.10232404,0.31924567,0.5642755,0.77654904,1.0862216,1.367676,1.4918122,1.5129308,1.436934,1.1162025,0.7893824,0.5174574,0.33904734,0.090037964,0.0541738,0.05484534,-0.00095330743,-0.07366639,-0.07048736,-0.0812757,-0.12620568,-0.08791082,-0.046503507,-0.114206105,-0.027466858,0.004196512,0.039783224,0.08406134,0.13931404,0.19050081,0.26130778,0.28500804,0.30295515,0.31389755,0.3478648,0.38422373,0.36062065,0.40671316,0.37934536,0.3812537,0.30183825,0.26510042,0.28973994,0.22351569,0.17759733,0.17048647,0.1385738,0.054935023,0.11372865,0.045846995,0.10182581,0.010099653,0.06506254,0.06074889,0.02206762,0.1189597,0.060758784,0.12878537,0.18795463,0.15299153,0.15135206,0.20654018,0.17290755,0.15956233,0.1947765,0.10022093,0.09482531,0.10371785,0.0069450294,0.061928164,-0.032865647,-0.033303108,-0.06312189,-0.118775256,-0.14745018,-0.14630076,-0.12805957,-0.1757661,-0.17150122,-0.07317131,-0.11601559,-0.054815806,-0.039627377,-0.0047014137
ECG_0141,0,normal,0.042911984,0.031059856,0.054815643,0.08600332,0.10278271,0.11558647,0.13162172,0.19998993,0.16734849,0.12423424,0.14596023,0.045192584,0.106148325,0.07326891,0.07043574,0.0040954035,-0.039141264,-0.03391007,-0.10438618,-0.10162028,-0.08615605,-0.027785989,-0.06989369,-0.040537775,0.03383905,0.090038665,0.089767724,0.17116188,0.22770591,0.2517827,0.2477279,0.2474061,0.30678713,0.25177568,0.26879847,0.28210524,0.22553623,0.14289878,0.10405447,0.0977032,0.09131702,0.045883745,0.06160182,-0.027046228,-0.0823883,-0.13469593,-0.08788317,-0.13955863,-0.19340248,-0.14874792,-0.17274159,-0.14143112,-0.106495515,-0.10291629,-0.04676861,0.0102044875,0.11081162,0.25463217,0.48871687,0.75578123,1.1067964,1.3665587,1.5609828,1.5902518,1.403796,1.1336563,0.8367193,0.54501635,0.30836862,0.1484351,0.015884206,0.0061463644,-0.06282403,-0.047376905,-0.08252656,-0.13925904,-0.08502939,-0.1924769,-0.042254224,-0.11644659,-0.029913018,0.0061747334,0.0703998,0.07376143,0.06799838,0.171215,0.22117445,0.20923683,0.3096526,0.30681965,0.38151065,0.36900637,0.44063562,0.37065148,0.37935546,0.34055573,0.2723048,0.28389105,0.27826062,0.23767675,0.17487481,0.10582396,0.13806407,0.105192535,0.09749162,0.049935836,0.00029402546,0.06611892,0.055266287,0.10806804,0.08218665,0.09784946,0.13099453,0.119627446,0.1354723,0.16595575,0.1508519,0.17565663,0.23857993,0.20299314,0.16576788,0.1817896,0.08386664,0.15243764,0.030088374,0.06878193,0.03362187,-0.11213583,-0.045282185,-0.12272389,-0.15011887,-0.12927268,-0.17967755,-0.13111344,-0.1636273,-0.11238501,-0.05390906,-0.053842787,-0.044354998,0.016276889
ECG_0142,0,normal,-0.042194117,0.008449107,0.052612327,0.11770029,0.13006043,0.15174419,0.14578365,0.12645063,0.19064733,0.113656335,0.12908173,0.089445256,0.08176777,0.016249632,0.034926035,0.015097198,-0.022518609,-0.06791552,-0.098665655,-0.0050944327,-0.11397744,-0.042415548,-0.03423379,-0.013552046,0.032297798,0.05320629,0.12367181,0.16055407,0.26698354,0.24789351,0.25260562,0.2673908,0.30990455,0.22220075,0.23510584,0.16614264,0.21724139,0.19825673,0.11135716,0.14968449,0.048465643,0.022266123,-0.0010236638,0.0077279736,-0.09831099,-0.091958255,-0.10005116,-0.12232269,-0.13005626,-0.12657073,-0.15951113,-0.078028604,-0.11001576,-0.083076395,0.008288882,0.013611076,0.14193864,0.26318777,0.5787769,0.85188186,1.0858916,1.3761303,1.5252974,1.5231928,1.3870652,1.1189506,0.7688891,0.5389094,0.30559385,0.15868089,0.044208772,-0.029831404,-0.035637885,-0.07486844,-0.068099216,-0.10563859,-0.12835832,-0.09715158,-0.1595794,-0.013182838,-0.03653498,0.058885925,0.010607939,0.050092977,0.14333893,0.19190969,0.23789667,0.27628738,0.28944793,0.29453453,0.3705326,0.337911,0.34049258,0.36691788,0.37936348,0.40658063,0.35038063,0.33302897,0.27526808,0.23062268,0.25884655,0.109840974,0.106333405,0.082552545,0.098996006,0.028795898,0.07372816,0.06749561,0.079941,0.09017422,0.12747425,0.09773718,0.13438164,0.1154389,0.12588252,0.22183748,0.15410052,0.20176886,0.19632438,0.20696355,0.106780715,0.1619755,0.106872566,0.05972717,0.036378924,0.03977087,-0.0044230074,-0.063376635,-0.12346817,-0.14626296,-0.110488914,-0.1833441,-0.15298472,-0.06574119,-0.12161663,-0.09542991,-0.125801,-0.10225737,-0.009686589,-0.008436005
ECG_0143,0,normal,0.035208937,0.037908927,0.1722113,0.079925194,0.12956041,0.11186482,0.18056752,0.16630898,0.120168135,0.12807159,0.16066559,0.13335967,0.025446106,0.023435153,0.06098762,-0.028266473,-0.043755624,-0.038836326,-0.12257675,-0.11494871,-0.09093967,-0.029713726,-0.010624377,0.012917068,0.02556811,0.10539985,0.10928078,0.17138837,0.2170151,0.26967344,0.23843938,0.24224572,0.2965707,0.29546914,0.22728659,0.19320579,0.24004921,0.12655969,0.093441114,0.101583235,0.07310524,0.0007416023,0.002045289,-0.032103814,-0.08697669,-0.039691743,-0.11040345,-0.105522126,-0.19190468,-0.193361,-0.12906757,-0.07301627,-0.13697934,-0.07145965,-0.06919277,0.010969405,0.13812365,0.27009445,0.46403408,0.7427847,1.0326186,1.3748322,1.5430688,1.5514274,1.3562009,1.1503471,0.8357125,0.5312375,0.30215776,0.1298414,0.05229916,0.029496212,-0.027749488,-0.098548785,-0.09382199,-0.15352339,-0.10052811,-0.14058036,-0.07945333,0.01277893,-0.061866757,0.081036344,0.051407356,0.06113357,0.10850025,0.2519823,0.24253899,0.253728,0.30218762,0.35201848,0.36177647,0.38676575,0.4350111,0.3444977,0.38578263,0.34476092,0.30603147,0.32219765,0.21181545,0.14862406,0.19040884,0.14538126,0.0781449,0.04129136,0.1301083,0.07204965,0.051414642,0.11596346,0.08620244,0.11939583,0.045926042,0.06269168,0.13698915,0.14997035,0.19231623,0.11996894,0.19957201,0.21220756,0.20847826,0.1595133,0.1720852,0.11196958,0.099825144,0.04643635,0.021143477,0.0014388784,-0.041088324,-0.082302675,-0.12828286,-0.055373747,-0.14809671,-0.13511285,-0.20220925,-0.10544388,-0.13038863,-0.13101363,-0.10702417,-0.039356027,-0.12215411,-0.024691245
ECG_0144,0,normal,-0.0035722237,0.029696599,0.14067979,0.083966985,0.14759327,0.1900389,0.16672353,0.12987913,0.1074692,0.15695274,0.16586131,0.10918729,0.10188142,0.112172656,0.028466947,-0.059270125,-0.050726477,-0.031537827,-0.09307529,-0.044586617,-0.086236805,-0.05882201,-0.05473957,-0.0068898327,0.033116333,0.020256493,0.097612344,0.11405309,0.17444067,0.19191393,0.26748377,0.28082603,0.27152726,0.21328408,0.2376438,0.18294103,0.19605938,0.19223414,0.17098829,0.12081743,0.10778619,0.040332858,-0.011617449,-0.013888102,-0.045370772,-0.11642082,-0.111926824,-0.14820619,-0.20847614,-0.13621254,-0.18170512,-0.11881527,-0.15274046,-0.09735096,-0.045147847,0.06857982,0.11632485,0.25262368,0.5141301,0.776113,1.1129156,1.3301783,1.531467,1.6077378,1.3762978,1.1257706,0.76467794,0.50542927,0.32065424,0.13941793,0.0649673,-0.0062730615,-0.10142607,-0.060403284,-0.14726119,-0.14342815,-0.11554558,-0.06864394,-0.13027729,-0.071862705,-0.04008577,0.013073048,0.07220921,0.07150008,0.16271941,0.22094329,0.2812681,0.2857703,0.31301457,0.32485765,0.3182685,0.36805016,0.3851729,0.37505206,0.38437524,0.30332267,0.31554362,0.3498755,0.2855262,0.23810276,0.19539332,0.1385637,0.06610821,0.10632179,-0.0012635536,0.048392527,0.050715495,0.0366904,0.12068206,0.12104781,0.11230901,0.07145366,0.17611936,0.15610445,0.12656699,0.16987412,0.20722133,0.16456313,0.18460907,0.18120842,0.12350111,0.12713651,0.07784965,0.10378448,0.016661787,0.01742186,-0.0680649,-0.09354204,-0.12475138,-0.12289388,-0.12766837,-0.13406916,-0.20260714,-0.15123254,-0.15792061,-0.10167203,-0.10199903,-0.067863256,-0.05590972,0.051773988
ECG_0145,0,normal,-0.038507093,0.021622911,0.06874838,0.086553976,0.094968386,0.08133868,0.12585986,0.121312074,0.19638057,0.20253101,0.1149868,0.0506657,0.0870193,0.004981947,-0.013129412,-0.045116626,-0.06727347,-0.08328589,-0.12501696,-0.11081819,-0.05363037,-0.06985914,-0.040457923,-0.07864337,0.05517642,0.047947153,0.1445792,0.15567757,0.16979232,0.16543515,0.3023745,0.27422145,0.28061065,0.30587837,0.24731044,0.2639288,0.18612093,0.19493887,0.12232226,0.09151632,0.07294206,-0.0054818,0.0052720853,-0.049456663,-0.13219188,-0.114425525,-0.13364793,-0.113791704,-0.13966236,-0.10599157,-0.12726617,-0.14528084,-0.108432055,-0.08620239,-0.017500697,0.034322746,0.11347351,0.2851308,0.5170352,0.75242954,1.0987091,1.3131741,1.5583085,1.5494661,1.4323547,1.0866708,0.8485127,0.55909204,0.30139568,0.13801557,0.013979923,-0.059395514,-0.084422216,-0.12853575,-0.06210896,-0.16554205,-0.11796326,-0.10258348,-0.08943602,-0.06293458,-0.016374374,-0.020025415,0.03931481,0.0748155,0.1714397,0.24402963,0.1919313,0.20977956,0.3253654,0.37120637,0.42074743,0.39852548,0.4236762,0.42813864,0.41038704,0.3733827,0.28253657,0.28978157,0.26465937,0.21662277,0.18252967,0.19654348,0.09602536,0.1165795,0.08168255,0.03243323,0.018527225,-0.0009333404,0.070107885,0.06442018,0.056551337,0.04293031,0.13145822,0.13232356,0.13341556,0.1399714,0.17130683,0.19662939,0.1704936,0.13605835,0.15478298,0.16660571,0.10982156,0.07977715,0.034133382,-0.018022167,-0.054047145,-0.10939455,-0.053858172,-0.100333,-0.1306052,-0.13614434,-0.13925421,-0.16820975,-0.14516133,-0.13192365,-0.018627217,-0.03483226,-0.02852478,0.041014083
ECG_0146,0,normal,0.03719094,-0.007800799,0.05883483,0.09360506,0.1362323,0.1289694,0.14364919,0.13625315,0.17747188,0.09128992,0.10368991,0.037498116,0.033988792,0.043929566,0.013430348,-0.03564689,-0.018538747,-0.032022994,-0.087688714,-0.0822448,-0.09780503,-0.050045803,-0.08003915,0.04219912,0.060942467,0.03254496,0.087189585,0.1636868,0.1765064,0.23210683,0.22634724,0.29586837,0.25496763,0.3239302,0.2586681,0.18287466,0.2630731,0.20577188,0.15262958,0.12603109,0.03436064,-0.021591116,-0.0058631324,0.0012651929,-0.060693793,-0.049420524,-0.083659664,-0.13875854,-0.11270559,-0.10373788,-0.1452749,-0.13507527,-0.10246776,-0.14811818,-0.023726925,0.054141223,0.13666563,0.29521304,0.5018955,0.72271156,1.1390767,1.3494998,1.5066082,1.5743903,1.4128371,1.1283606,0.8375902,0.496369,0.3044358,0.1881584,0.02622005,-0.04897122,-0.05952707,-0.08780076,-0.09055347,-0.16182506,-0.19891143,-0.08801768,-0.13265045,-0.094592944,-0.110263444,0.02403963,0.047198437,0.09292818,0.14146759,0.11922878,0.19819434,0.25716078,0.28582916,0.33094984,0.36942407,0.4065819,0.33739665,0.37807178,0.38779002,0.31922537,0.31521785,0.304029,0.25599447,0.239843,0.1865138,0.14017077,0.08354902,0.100022994,0.07518848,0.02837424,0.06828694,0.08814382,0.03573778,0.04448856,0.058400203,0.048853617,0.17861134,0.12406882,0.12907276,0.13508935,0.16682507,0.16167322,0.22353528,0.134252,0.11037071,0.15179281,0.105397336,0.0710361,0.060692538,0.012769097,-0.02776475,-0.101708315,-0.13933781,-0.13521947,-0.16561076,-0.13693565,-0.20340154,-0.15958816,-0.1405957,-0.118887044,-0.08200101,-0.07523453,-0.05358601,0.03736896
ECG_0147,0,normal,-0.009600689,0.07618884,0.05576661,0.093606696,0.113724045,0.14262575,0.13400967,0.15297768,0.19192825,0.1660557,0.1481827,0.05255048,0.029474378,0.04094677,0.026467858,-0.041825205,-0.073185846,-0.030828992,-0.0650356,-0.058018185,-0.0974722,-0.084453054,-0.01575062,-0.0195577,0.008417198,0.04111686,0.095521286,0.17730184,0.141364,0.23464042,0.21588255,0.243815,0.25033107,0.24469121,0.231974,0.21002613,0.18333542,0.21240471,0.14197664,0.10285364,0.05069246,0.020301852,-0.023845777,-0.017137593,-0.09517303,-0.16808304,-0.12154705,-0.14775851,-0.16579194,-0.12206906,-0.22487505,-0.081374675,-0.075040944,-0.09460255,-0.045663413,0.04765969,0.14826678,0.26585636,0.45469648,0.846033,1.1178826,1.3652402,1.5304146,1.5522903,1.4057081,1.0575776,0.803983,0.51737374,0.3020196,0.17243868,-0.007168101,-0.059495494,-0.082337536,-0.08623212,-0.08501686,-0.07154079,-0.13102075,-0.090740204,-0.07885612,-0.06004316,-0.04549481,-0.01863371,0.004726311,0.049674552,0.14277638,0.17940097,0.2152841,0.29065686,0.3022768,0.3116998,0.35404316,0.40100765,0.35109738,0.38461515,0.36478093,0.32412356,0.31220227,0.24288194,0.25894743,0.17867507,0.21584596,0.14676747,0.1015759,0.12742472,0.04123383,0.035728715,-0.0040521305,0.0893913,0.111726545,0.016109707,0.056851488,0.10130787,0.10300607,0.13659592,0.15129843,0.18111916,0.14963512,0.18830928,0.14690927,0.1593584,0.10442419,0.12310285,0.0914314,0.10603182,0.04212565,0.012342845,-0.027033783,-0.12341219,-0.14920333,-0.12376695,-0.12472302,-0.15205778,-0.17536186,-0.15338275,-0.14521602,-0.09432729,-0.07227934,-0.08204076,-0.03505898,0.008320534
ECG_0148,0,normal,0.012739623,0.08319287,0.064676,0.12915713,0.08308397,0.11655898,0.08253039,0.15463282,0.16542955,0.057928585,0.12215914,0.110934705,0.0812951,-0.0014615917,0.026539318,-0.025972005,-0.03452717,-0.07642002,-0.074180774,-0.056480713,-0.09034936,-0.06032929,-0.006724277,-0.015672827,-0.007018976,0.088794045,0.15390646,0.18971284,0.20810357,0.14544411,0.21805415,0.23258601,0.25606447,0.30196148,0.20817158,0.29062286,0.18900834,0.14980447,0.1665813,0.13436122,0.08953045,0.009456503,0.010450203,-0.07110465,-0.09648243,-0.10354178,-0.1478952,-0.107794344,-0.16556332,-0.15602943,-0.1692754,-0.0975337,-0.12666509,-0.041500617,-8.3575396e-05,0.019149855,0.13322033,0.27066153,0.5195714,0.77678806,1.0766745,1.36192,1.4776748,1.5313753,1.4029646,1.1243103,0.8430588,0.5196997,0.2930839,0.1157953,0.03436196,0.039955556,-0.053618886,-0.10842856,-0.1401649,-0.16843641,-0.14734194,-0.092878826,-0.11297195,-0.10503839,-0.070211895,0.012836672,0.034250397,0.06480621,0.12311228,0.24721013,0.26433802,0.31477135,0.25572833,0.33456212,0.34269443,0.39270398,0.41359696,0.38812962,0.34026963,0.32711747,0.33961996,0.31163463,0.25988677,0.22351079,0.18517652,0.15759954,0.14020915,0.11151291,0.07289686,0.05668772,0.04820632,0.026696192,0.031749725,0.082636215,0.05993859,0.12363148,0.11693661,0.16212323,0.17393515,0.1941805,0.16417311,0.19479647,0.20252973,0.12517433,0.20757754,0.20321788,0.13703218,0.10190087,0.061566208,-0.001035252,-0.029665329,-0.030606784,-0.11849146,-0.14602813,-0.1449997,-0.12532422,-0.17541818,-0.15293583,-0.13860372,-0.14805347,-0.16716297,-0.0962337,-0.025734654,0.014618859
ECG_0149,0,normal,0.014831181,0.051902104,0.04672858,0.06887651,0.1291382,0.12933668,0.17381747,0.16153483,0.18451844,0.12062405,0.14853658,0.15384868,0.066490255,0.04939344,-0.02457013,0.00057055615,-0.018386556,-0.08747788,-0.06802711,-0.081343606,-0.07250514,-0.044491842,-0.028650353,-0.015845558,0.0517418,0.101868436,0.0942343,0.15099536,0.13359314,0.23327678,0.27382267,0.24240516,0.2587215,0.24470767,0.22907095,0.23032194,0.1769509,0.1657532,0.11408863,0.124304384,0.07720919,0.019603029,-0.0034982788,-0.046719674,-0.0382482,-0.11392604,-0.10424494,-0.16053301,-0.12379114,-0.11829657,-0.11033426,-0.08453149,-0.09790792,-0.03862255,0.016585516,-0.0011334881,0.11423316,0.24000178,0.5350341,0.73736626,1.0358036,1.3276129,1.4729921,1.5418155,1.3509399,1.0694602,0.8132529,0.53153205,0.25076914,0.12790383,0.044295143,-0.02972592,-0.071769685,-0.055483863,-0.04558429,-0.12987944,-0.16208658,-0.12269213,-0.0943322,-0.07789159,-0.02644565,0.059709527,-0.014705335,0.06840995,0.17859823,0.16537227,0.25143412,0.28963962,0.34539786,0.3964954,0.3720303,0.32401386,0.36079055,0.4439184,0.3240178,0.36185205,0.24556756,0.24949563,0.28226632,0.2206959,0.1723796,0.12509596,0.05883404,0.11341011,0.06369487,0.012503246,0.051730942,0.06754355,0.04952036,0.06979731,0.082468465,0.07800962,0.120104685,0.15959188,0.18586569,0.1926145,0.15821114,0.20161587,0.19435708,0.15042287,0.14259735,0.15563008,0.14992078,0.023374286,0.09310529,0.04359254,-0.020386668,-0.06676043,-0.07758194,-0.13342358,-0.13841067,-0.18926263,-0.20168579,-0.07620416,-0.1335112,-0.11158672,-0.09489192,-0.09027155,-0.042773113,0.0027702155
ECG_0150,0,normal,-0.005898857,0.011048849,0.07990509,0.09974573,0.1296737,0.15684053,0.1414894,0.14502698,0.1904774,0.10626968,0.0603016,0.109474555,0.045997474,0.0020937133,0.02990286,-0.03059419,-0.09016522,-0.014595899,-0.13393249,-0.092358135,-0.140907,-0.060732685,-0.0634506,0.012902321,0.026221318,0.109030984,0.09796872,0.102913,0.19377941,0.20819211,0.18255132,0.21846262,0.23260446,0.29797506,0.2618112,0.21292475,0.21460427,0.11162771,0.12427798,0.11866195,0.074993335,0.016359484,-0.005759885,-0.029954663,-0.07284576,-0.07486555,-0.11373523,-0.12403958,-0.09681165,-0.12459055,-0.0906407,-0.14881943,-0.1544537,-0.07996938,-0.038907774,0.07631051,0.098428965,0.28250644,0.51535517,0.7856253,1.084053,1.3712916,1.5575143,1.5797231,1.3844604,1.0956932,0.86054516,0.49868965,0.36058,0.18963893,0.091216266,0.0015405033,-0.12525989,-0.1220361,-0.10077399,-0.1407499,-0.13188852,-0.09727039,-0.10526022,-0.11286385,-0.018196622,0.008799332,0.029218413,0.10496032,0.13521534,0.22097448,0.23228556,0.31043044,0.25208187,0.35287178,0.35010225,0.35061723,0.4165578,0.40500945,0.3062494,0.36841273,0.33882728,0.2683403,0.23059909,0.17189981,0.1735469,0.14420202,0.14264022,0.100689344,0.040392052,0.06532543,0.043203905,0.022061326,0.007855353,0.085061625,0.09471657,0.115916535,0.09662956,0.14266777,0.11356545,0.13929513,0.17947605,0.19040008,0.13152856,0.13998778,0.14556494,0.16399485,0.08422045,0.0819417,0.05126523,0.0011769935,-0.018319622,-0.09988643,-0.10896856,-0.07117583,-0.08793687,-0.1197242,-0.11642832,-0.20095068,-0.16386433,-0.12703043,-0.02150068,-0.074830845,-0.011214121,0.011385716
ECG_0151,0,normal,0.010683996,0.032909013,0.029519442,0.013059869,0.15634175,0.11719426,0.09059172,0.16323245,0.1585675,0.15762691,0.14998202,0.0652388,0.038628526,0.024853144,0.027994925,-0.08933031,-0.04841211,-0.04468063,-0.058886204,-0.068500936,-0.052338686,-0.15126792,0.004186723,-0.0017637743,0.066782445,0.033273716,0.058245335,0.20464066,0.15885828,0.20644337,0.25295275,0.27331063,0.28707093,0.25801513,0.20895855,0.24455579,0.22215486,0.11836047,0.1837857,0.03201982,0.10106451,0.013516868,0.016554642,-0.024792092,-0.07367873,-0.08716307,-0.12588975,-0.11795827,-0.082660146,-0.1896529,-0.23851384,-0.14113224,-0.12120205,-0.087088,-0.05993305,0.05870111,0.090890415,0.29839605,0.52235377,0.79211617,1.1038132,1.3890127,1.5267483,1.5232558,1.3980672,1.1381797,0.8411996,0.4796469,0.30135667,0.11735382,0.06336325,0.0027800528,-0.07011756,-0.11274051,-0.09207173,-0.12447776,-0.07963613,-0.062466044,-0.07013966,-0.06931351,0.010000863,0.00057385734,0.022312474,0.06336213,0.11125889,0.18084255,0.24164192,0.22825788,0.29482368,0.34548074,0.38134688,0.37561107,0.389138,0.34118116,0.3390901,0.345122,0.3363194,0.29697153,0.23019348,0.21252021,0.229028,0.1658544,0.11385433,0.06183283,0.050788164,0.05835691,0.059103683,0.06707302,0.067180134,0.055210434,0.06599151,0.16062313,0.10178287,0.09878427,0.10566485,0.15829694,0.20666361,0.16525106,0.22471853,0.17149568,0.18981348,0.11250766,0.08634703,0.08045581,0.05838009,0.003299031,-0.01758626,-0.04188435,-0.13191012,-0.12443475,-0.14864029,-0.1591155,-0.13723376,-0.16131704,-0.19555579,-0.12479295,-0.12590212,-0.050548363,-0.00939034,-0.06521031
ECG_0152,0,normal,-0.02322667,0.044216122,0.023254173,0.11757461,0.14936596,0.13082872,0.12338777,0.08077659,0.17042458,0.19466625,0.17038009,0.08695919,0.0320977,0.05954297,-0.00046034396,-0.011907188,-0.04317575,-0.06985418,-0.05475648,-0.057787742,-0.09990933,-0.09654581,-0.11919081,-0.022060763,-0.006056846,0.08108866,0.10078413,0.14422648,0.21101291,0.22768648,0.23362842,0.3007168,0.2768629,0.23883772,0.22945023,0.24700819,0.20656355,0.13917673,0.16806655,0.14434905,0.10547371,0.078822635,0.057465304,0.011800854,-0.062345203,-0.1069485,-0.17818435,-0.13905077,-0.13264422,-0.14810915,-0.19951609,-0.13726065,-0.08732131,-0.1065384,-0.027169146,0.04547689,0.16586933,0.33625096,0.491865,0.78813493,1.0956509,1.3800159,1.5412635,1.5764009,1.3135372,1.1327093,0.8291315,0.5239618,0.23894234,0.14748499,0.025217483,0.03131744,-0.050626446,-0.11472702,-0.17155999,-0.102761954,-0.10154565,-0.12212794,-0.08205073,-0.08674135,-0.012749925,0.023132794,-0.01247947,0.041766584,0.1933024,0.20899953,0.1898779,0.22360119,0.31452462,0.30482572,0.3525369,0.37497038,0.37908962,0.41213298,0.4214864,0.33258033,0.28708306,0.30169782,0.30460262,0.2075206,0.20918362,0.124412574,0.11936846,0.057749666,0.07251426,0.05466555,0.06906895,0.10344796,0.04387371,0.0063256514,0.07526154,0.10819299,0.1245339,0.1328127,0.19945782,0.17297904,0.17532021,0.15919831,0.12799177,0.1815911,0.16388927,0.10345938,0.107282355,0.0734089,0.025168434,-0.015131573,-0.014207773,-0.06631328,-0.10702475,-0.14005679,-0.13697937,-0.11727732,-0.14324088,-0.15328701,-0.12614875,-0.076765835,-0.07925752,-0.057632294,-0.014405365,-0.0047058575
ECG_0153,0,normal,0.005522326,0.018946268,0.019003827,0.10437986,0.12828687,0.1270578,0.17767975,0.12844552,0.09286229,0.11367666,0.07028237,0.102949485,0.04231564,0.06395492,0.032259684,-0.054000363,-0.0765015,-0.056611095,-0.056216702,-0.15013641,-0.075778574,-0.13478015,-0.06067282,0.02113378,0.117036015,0.061348036,0.07344666,0.13564457,0.18863602,0.1956616,0.20938441,0.23731852,0.26658574,0.24623127,0.21413974,0.20325492,0.18806243,0.14282872,0.12001081,0.12594117,0.063122414,-0.020064441,0.02613782,-0.027596323,-0.114059046,-0.11165704,-0.14705925,-0.11906962,-0.15936786,-0.15159895,-0.14854528,-0.17306603,-0.06451939,-0.05589105,-0.05456139,0.03828394,0.16155383,0.28654504,0.54990244,0.8701577,1.0854152,1.3430587,1.4954591,1.4672436,1.4209205,1.1095638,0.8407698,0.56331223,0.27443352,0.12139044,0.09887491,-0.021123176,-0.08169381,-0.12221767,-0.11422431,-0.07524365,-0.10186698,-0.11020176,-0.052505367,-0.03441998,-0.034742717,0.07663584,0.029265596,0.11656319,0.120574035,0.2081191,0.22029771,0.28455365,0.37999552,0.36765075,0.37634334,0.3531477,0.38744962,0.34809676,0.393053,0.3728042,0.31561378,0.3399384,0.3013451,0.22410646,0.20063818,0.13187292,0.1105649,0.0602677,0.057839185,0.055027537,0.0010142518,0.06741053,0.08620442,0.06608,0.0004073976,0.09162368,0.07667531,0.1192468,0.19838446,0.09585842,0.1539732,0.20741658,0.1593353,0.14836122,0.21749891,0.14659092,0.1366426,0.09256453,0.04875437,0.046588495,0.030800175,-0.110044435,-0.090354465,-0.11550258,-0.14595814,-0.11558,-0.14173347,-0.08840917,-0.10239546,-0.07675631,-0.12994486,-0.0896209,-0.055271994,0.03972812
ECG_0154,0,normal,-0.029014997,0.0054769,0.031879764,0.1766856,0.11361951,0.15158583,0.1123866,0.17887138,0.09279383,0.10522006,0.09456933,0.09937454,0.041085508,0.08013418,0.018442415,-0.046939243,-0.022329789,-0.08444282,-0.103324994,-0.06288332,-0.15781343,-0.046807922,-0.065610185,-0.033114143,0.085487016,0.052576367,0.13953757,0.15942667,0.19814366,0.20825258,0.22804765,0.29596367,0.28263223,0.23632312,0.20921154,0.20582259,0.22992304,0.20817226,0.15787347,0.05812896,0.092645414,0.07164751,0.0005960552,0.019296175,-0.11219417,-0.080151446,-0.15390293,-0.10762054,-0.12983248,-0.09537507,-0.12787819,-0.14078218,-0.12141338,-0.083266266,-0.047461603,0.072941355,0.17059945,0.23997578,0.5043506,0.78449696,1.06576,1.3736821,1.5689669,1.560405,1.4238882,1.0986146,0.8156044,0.50804925,0.31404555,0.15919839,0.075329445,0.020383533,-0.04121587,-0.11666757,-0.15054582,-0.104879886,-0.07741449,-0.116398394,-0.1459828,-0.013750557,-0.030084247,-0.0015135059,0.0016491564,0.08410882,0.15297046,0.19612426,0.20735271,0.26900065,0.28981125,0.38902006,0.3888843,0.3606587,0.34674868,0.38667127,0.3516592,0.33439866,0.28694642,0.25969017,0.2605383,0.2116107,0.2585683,0.16735424,0.08417946,0.04653885,0.08413444,0.04625319,0.090769514,0.058562025,-0.003935039,0.0357348,0.0610662,0.11247457,0.08689432,0.1421199,0.114741884,0.16907817,0.18956487,0.2263748,0.18776035,0.14721209,0.2013169,0.12974395,0.13182053,0.059337568,0.0466268,-0.01537029,-0.016692424,-0.035424087,-0.104138926,-0.13073686,-0.12237527,-0.1697623,-0.1949784,-0.13557746,-0.13863437,-0.121563174,-0.078337826,-0.045615815,-0.038391307,-0.033645526
ECG_0155,0,normal,-0.019157313,0.05116385,0.06961251,0.07760201,0.09435487,0.15422387,0.13995555,0.17267512,0.1723839,0.12520495,0.14499998,0.096960686,0.072910726,-0.03124823,-0.02578192,-0.05375197,-0.061817944,-0.069213755,-0.08095439,-0.08118538,-0.10477704,-0.048111543,0.010061315,-0.02227567,0.0068328637,0.047952797,0.113424174,0.13527644,0.13474408,0.17206629,0.26773483,0.28857785,0.30271512,0.2581027,0.21086067,0.21021631,0.15573655,0.12691475,0.14888304,0.12280244,0.12878326,0.03004736,-0.045345686,-0.043755528,-0.08103883,-0.11543262,-0.1129838,-0.17581098,-0.14429665,-0.12986885,-0.10027732,-0.119350724,-0.07538766,-0.08907783,-0.04126859,0.07296349,0.09118277,0.2727786,0.53705317,0.77628887,1.0806308,1.3525747,1.5286559,1.5662333,1.4112031,1.1205124,0.8472808,0.54127246,0.33263624,0.118463784,0.09869089,-0.012414831,-0.14433447,-0.041076656,-0.109828986,-0.1323453,-0.14060062,-0.10246958,-0.12681267,-0.09360043,-0.061352726,-0.015415163,0.021232044,0.109206766,0.1404958,0.19282474,0.24606739,0.26791978,0.2776822,0.39325038,0.38986415,0.42477357,0.4128389,0.3645257,0.29600438,0.31007499,0.3400985,0.28698,0.24306272,0.14475046,0.18327902,0.11707329,0.09699884,0.11811106,0.041315038,0.030148523,0.05639268,0.07627697,0.043459393,0.11033399,0.042964585,0.055591796,0.07229831,0.08796986,0.16492285,0.13955893,0.13615832,0.1939234,0.20511156,0.20323989,0.18278527,0.10769619,0.11689626,0.09263059,0.029656952,0.013610311,-0.06390877,-0.078366935,-0.07814133,-0.06898034,-0.098536626,-0.12518607,-0.14704908,-0.14843027,-0.17883146,-0.14276259,-0.11805558,-0.048195545,-0.005212817,0.022131758
ECG_0156,0,normal,0.035480283,0.035782658,0.03603252,0.0925968,0.09614135,0.15542498,0.1358325,0.14713767,0.1668125,0.11235731,0.14542985,0.052380506,0.07407451,0.03168727,0.028165974,-0.06748236,-0.09818204,-0.05014295,-0.09733956,-0.09248185,-0.10402118,-0.04146812,-0.03524085,-0.0044560004,-0.008345705,0.08355792,0.08109375,0.13129275,0.1456935,0.2110726,0.26906332,0.25692487,0.2414638,0.25458795,0.24369624,0.22533886,0.20579821,0.14161168,0.14442131,0.05397464,0.087300755,-0.0005423085,0.030717293,-0.113455005,-0.022332309,-0.14987229,-0.15929432,-0.13040508,-0.12965685,-0.1579173,-0.11609127,-0.15255862,-0.11867203,-0.08482329,-0.048291758,-0.025497274,0.13159029,0.2814226,0.5355453,0.7440439,1.0700166,1.3966393,1.5339401,1.5501322,1.3970792,1.1339048,0.8691406,0.5337649,0.27652234,0.16847879,0.029537754,-0.022319332,-0.050779756,-0.1155031,-0.12528947,-0.10620503,-0.13888948,-0.08645307,-0.12974572,-0.105978966,0.012415293,-0.052554544,0.035886794,0.13916685,0.13150619,0.22143677,0.24732357,0.27049655,0.3043721,0.27551568,0.35246474,0.38335532,0.38875264,0.4523126,0.37487245,0.36585224,0.35595173,0.30624747,0.25307673,0.21718144,0.1731532,0.16285297,0.1136207,0.11135603,0.041916676,0.062564656,0.09738729,0.04336741,0.11083062,0.07122767,0.079629414,0.10271202,0.1091342,0.0781187,0.18123162,0.234674,0.19287696,0.19876912,0.17491531,0.20644781,0.15534858,0.1432559,0.061657034,0.061844185,0.054924045,0.0358841,0.0016879693,-0.10691436,-0.13362834,-0.09668251,-0.15548407,-0.11817405,-0.19834514,-0.14912565,-0.13643056,-0.103283376,-0.12490474,-0.12444124,-0.028423067,0.015827462
ECG_0157,0,normal,0.03022394,0.022858381,0.08879088,0.108668,0.15755862,0.13402756,0.09470814,0.14806382,0.14865735,0.15013596,0.07053008,0.083447054,0.09092108,0.03129168,-0.005826312,0.030938651,-0.084358424,-0.035649642,-0.054974403,-0.09651278,-0.08521542,-0.06994619,-0.038758904,-0.029512163,0.013898462,0.057856016,0.10116121,0.14172664,0.119429186,0.21869831,0.22130509,0.19411969,0.2442169,0.23988482,0.27884516,0.2071799,0.22051188,0.21429588,0.122383095,0.105207175,0.121892795,0.03940945,0.006601854,-0.052315537,-0.05195353,-0.101884946,-0.17825937,-0.15003377,-0.18371366,-0.14604852,-0.17037463,-0.11431815,-0.10533837,-0.11320122,-0.046916027,0.051144965,0.16677009,0.25780016,0.47027656,0.8411518,1.0889058,1.3632787,1.5029596,1.5401074,1.434929,1.1277996,0.846458,0.5318882,0.27608854,0.12881777,0.01300024,-0.012487625,-0.025168523,-0.086032145,-0.11921409,-0.14416967,-0.11176675,-0.1527986,-0.13418403,-0.049288336,-0.053098436,-0.015571377,0.03161631,0.10539847,0.13732901,0.15874119,0.20653656,0.26485926,0.31735805,0.3380299,0.3583034,0.37777728,0.38071603,0.35492533,0.39965525,0.33247852,0.32487947,0.22822237,0.24920298,0.18662938,0.1543022,0.22219223,0.1262161,0.1293886,0.0978484,0.08765649,0.04485312,0.09829817,0.08094119,0.06755757,0.08922335,0.09511149,0.12004407,0.13622735,0.16627239,0.22109182,0.14230767,0.21680014,0.16934605,0.20980403,0.14652337,0.1476219,0.1038482,0.025806678,0.096072756,-0.01961486,-0.023843737,-0.091111585,-0.12940499,-0.12035482,-0.15088515,-0.18007627,-0.15050307,-0.19063056,-0.13163924,-0.1215172,-0.16838212,-0.08113162,-0.01950895,-0.03187182
ECG_0158,0,normal,0.015354058,0.046595305,0.034988783,0.093726315,0.1426362,0.109396525,0.14043081,0.18460079,0.120274864,0.14836489,0.08413482,0.08797954,0.07827978,-0.037721563,-0.012683973,-0.013371182,-0.04548298,-0.088315636,-0.11874936,-0.07090384,-0.093900904,-0.05249202,-0.032810643,-0.025098471,0.05891976,0.050684422,0.14657375,0.1906881,0.21815737,0.210352,0.3135415,0.25467935,0.26195014,0.25065172,0.20669484,0.262209,0.18330608,0.20039985,0.17601176,0.12473173,0.049272966,0.022307819,-0.084922925,-0.043591946,-0.04848375,-0.107820824,-0.14099869,-0.1483092,-0.111757316,-0.15104671,-0.08713197,-0.145784,-0.10016432,-0.088763006,0.03009471,0.037919242,0.19617258,0.27226898,0.54902714,0.7861623,1.1142986,1.3239433,1.5355937,1.5015771,1.3911891,1.0746169,0.81168664,0.563887,0.32328925,0.112296365,-0.010417286,-0.004112885,-0.014449222,-0.11978085,-0.04705851,-0.12067529,-0.18119094,-0.16248104,-0.077062525,-0.072406195,-0.0002997543,-0.042591494,0.040243134,0.08382517,0.1280735,0.16955543,0.21686834,0.27595198,0.3173689,0.3466724,0.3982177,0.34035042,0.32745227,0.40884578,0.33813795,0.3355636,0.30263984,0.27102706,0.21191029,0.20253123,0.20315278,0.1494087,0.13386554,0.07772548,0.09927467,0.042908344,-0.01243145,0.059604827,0.07856211,0.049540356,0.117300846,0.073692694,0.1385987,0.18987866,0.1559283,0.16209812,0.17529394,0.23137836,0.19247657,0.2360402,0.16490428,0.1156254,0.09110832,0.07957266,-0.017336229,-0.005581947,-0.039944157,-0.05234524,-0.0310404,-0.11256213,-0.19075958,-0.17242905,-0.14157146,-0.14338352,-0.08666979,-0.08889507,-0.06606647,-0.07195231,-0.00058761885,-0.02684314
ECG_0159,0,normal,0.02904912,0.025142364,0.022080624,0.11189189,0.15981278,0.12349113,0.19348797,0.10041539,0.11010003,0.13018836,0.105387636,0.07279439,0.06888831,0.018556528,-0.0074235206,-0.017898388,-0.07228441,-0.07582483,-0.10497807,-0.1259264,-0.061317634,-0.0176186,-0.012280178,-0.0017244405,0.0074970555,0.05990519,0.14257078,0.08260473,0.17575613,0.23779231,0.20298071,0.26282567,0.2660281,0.20768358,0.24319717,0.20483345,0.21296114,0.19290517,0.15319332,0.10880986,0.07869818,-0.0027417855,-0.0055331946,-0.06399242,-0.041618895,-0.08019853,-0.10288425,-0.08797205,-0.15811762,-0.16588596,-0.15347753,-0.1767291,-0.15238877,-0.05712786,-0.073994085,0.0002807058,0.1292787,0.27250597,0.52976936,0.78443605,1.0652448,1.3896836,1.547005,1.4913212,1.3910441,1.0987164,0.792266,0.5871041,0.31059077,0.14278871,0.04908284,0.0072059855,-0.08293332,-0.10678797,-0.09028049,-0.16597217,-0.09270697,-0.16381003,-0.107534,-0.12425822,-0.07645393,0.032282256,0.06802203,0.118162006,0.088894285,0.14950195,0.2379455,0.2921721,0.28430605,0.32172754,0.32809767,0.4261361,0.3675541,0.3792756,0.36895305,0.38011646,0.29242885,0.32508025,0.21729659,0.25458866,0.13221386,0.14638998,0.16749343,0.113525614,0.08482657,0.026706748,0.028781231,0.090437986,0.069710754,0.09302501,0.08353847,0.09076152,0.14147674,0.14531597,0.14972758,0.1264724,0.20708133,0.19573028,0.16220523,0.20709172,0.16384111,0.14314125,0.13513039,0.097785644,0.052713685,0.0030101966,0.0331497,-0.08155295,-0.066915795,-0.1167224,-0.11943841,-0.10800912,-0.15878744,-0.12811826,-0.12743674,-0.13693644,-0.05622697,-0.04410269,-0.04659775,0.03314237
ECG_0160,1,attenuated_amplitude,0.013925409,-0.006096171,0.016284578,0.039830197,0.048338275,0.05557607,0.06706133,0.08885544,0.08194629,0.02935825,0.046901353,0.048732553,0.02349846,0.027706817,-0.008173,-0.0075571737,-0.01144882,-0.029395366,-0.025829803,-0.031142192,-0.067212656,-0.026886182,-0.0137755135,-0.0074031036,-0.014319054,0.045699984,0.04361025,0.08623671,0.082306534,0.10095781,0.10035734,0.080123365,0.1042637,0.13703108,0.0768586,0.10337977,0.0821435,0.07859003,0.06579161,0.03959429,0.04179488,0.011969717,-0.025159335,-0.029272677,-0.030759206,-0.06061317,-0.05565073,-0.07821287,-0.08038535,-0.06603997,-0.06278522,-0.050755635,-0.047148373,-0.03648596,-0.0016147391,0.0018889264,0.062065307,0.110900566,0.22399944,0.35016233,0.4856329,0.60170954,0.66286707,0.7084499,0.61728716,0.4894074,0.35308108,0.24682476,0.117587015,0.07179449,0.028247843,0.0014376896,-0.043976966,-0.032810535,-0.0431187,-0.053321566,-0.042958498,-0.056866445,-0.05390044,-0.027881423,-0.01597894,-0.0065192915,0.009324652,0.05906178,0.034890667,0.07431155,0.10395585,0.12367477,0.138277,0.13115749,0.15384148,0.16573021,0.17098299,0.16114835,0.17766558,0.16768198,0.14266191,0.125116,0.120408766,0.10346668,0.08501483,0.08558227,0.06373825,0.039248697,0.049104992,0.038406823,0.034627475,0.039392922,0.03599846,0.01949029,0.022860304,0.03996093,0.060974766,0.068764135,0.07486749,0.06083524,0.050066944,0.10398669,0.074619345,0.08812966,0.0610955,0.075287,0.050639212,0.062644824,0.016450725,0.012940459,0.00076500984,-0.0071417238,-0.05066318,-0.046748877,-0.066819884,-0.065145895,-0.06840862,-0.058777604,-0.08320202,-0.06608661,-0.03774404,-0.013487145,-0.0038353761,0.015731847
ECG_0161,1,temporal_shift,-0.00932801,0.055460975,-0.06324808,-0.025231756,-0.15365621,-0.15915658,-0.1870519,-0.1211383,-0.11983963,-0.16575366,-0.16175754,-0.13584566,-0.07642992,-0.14727505,-0.040332157,0.0020503835,0.029237866,0.027599882,0.013197862,0.08652583,0.13083245,0.089534104,0.1341435,0.12958023,0.13115315,0.12005777,0.12745526,0.08181129,0.0736734,0.044878002,0.011505453,-0.058635186,-0.039703008,-0.030934623,-0.053988565,-0.100588545,-0.088372596,-0.07027823,-0.08395079,-0.022198891,0.027194554,0.013714334,0.14128655,0.15766871,0.17020698,0.22588567,0.27771333,0.24953781,0.2398358,0.2505484,0.29341367,0.25344288,0.20960303,0.20187387,0.16923787,0.14341903,0.017914247,0.06931285,0.0073390533,-0.07117627,-0.056402612,-0.050936874,-0.09021883,-0.14173737,-0.12528987,-0.17767815,-0.21627595,-0.10855363,-0.12808561,-0.12116084,-0.08069096,0.0743797,0.14801,0.29877493,0.5341047,0.7930403,1.103502,1.3657755,1.5520407,1.5034512,1.4204941,1.15855,0.780117,0.48808682,0.25659868,0.15079026,-0.016819902,-0.0007347477,-0.08292645,-0.051313136,-0.12554325,-0.121264875,-0.08783899,-0.10643585,-0.108201884,-0.0990719,-0.1191661,-0.01854427,0.05210818,0.10983844,0.18547839,0.2065207,0.20937459,0.28271538,0.32060218,0.34233025,0.36631578,0.36917073,0.39626312,0.31253994,0.3471592,0.35258457,0.315694,0.3021855,0.2665641,0.2535237,0.2054029,0.15479209,0.10283999,0.13368076,0.06315776,0.067277454,0.037571292,0.0044812853,0.0507021,0.027995918,0.05287273,0.097301275,0.08862271,0.1413693,0.15203153,0.16670743,0.16436996,0.15830934,0.16808912,0.15741774,0.1252318,0.15036696,0.1201818,0.06969858
ECG_0162,1,high_noise,-0.028460274,-0.14063297,0.16315107,-0.0412905,0.3292379,0.17802516,-0.07939777,0.3025221,0.044358004,0.07331543,0.12119021,-0.06276573,-0.07183102,-0.10734176,-0.11269787,0.14367764,-0.1610031,0.074973315,0.0982685,-0.16255166,-0.09461559,0.050407775,-0.00065785,-0.07148055,0.268122,0.2198449,-0.09395508,0.29576343,0.22091645,0.06648453,0.19043018,0.2308949,0.40537712,0.30545002,0.43537706,0.013049591,-0.15811151,0.13983959,0.1938286,-0.100030996,0.0288703,0.10832113,0.12561989,-0.24891768,0.067957155,-0.0017294404,0.1599582,-0.1228518,-0.20009181,-0.19236623,-0.3802866,-0.42092636,-0.2265051,-0.109188244,0.027554642,0.019190865,0.27299118,0.12904239,0.6101983,0.7227324,1.1196948,1.3141222,1.8280193,1.6427798,1.0586089,1.2328113,0.694843,0.7900661,0.5271845,0.19764069,-0.0052962517,-0.04993619,-0.013346552,-0.2880788,-0.11914862,-0.27255574,-0.13632026,-0.07364968,-0.05562006,-0.08741143,-0.034360625,-0.26475868,0.049299203,0.07168988,0.22644705,0.17770137,0.3063974,0.24438915,0.03449405,0.29398045,0.32130292,0.5340299,0.4075554,0.34479582,0.25233456,0.47139266,0.015186979,0.24744476,0.12067161,0.08511666,0.46570405,0.110538684,-0.07769714,-0.15222281,0.14194301,0.15225436,-0.06326098,0.0501201,-0.012101805,0.22019236,0.25638738,0.28884634,-0.028279081,0.104834534,0.12815033,0.076845095,0.14282216,-0.22209612,0.20782284,0.09107981,0.13015796,0.3774085,0.18340899,0.2616206,0.016485462,-0.15346852,0.13133587,-0.06339182,-0.21524385,-0.069140285,-0.43629274,-0.21998033,-0.13237202,-0.20180286,-0.34108746,0.0086657405,-0.10759508,-0.045132466,-0.15274698,0.07919679
ECG_0163,1,localized_spike,-0.065528214,0.056738313,0.04264328,0.0613652,0.13729797,0.11791367,0.21233964,0.15157713,0.1707182,0.12676127,0.15754697,0.1099926,0.06734383,0.032481376,-0.058919813,0.004174533,-0.05490227,-0.038247284,-0.07189786,-0.08695468,-0.111804076,-0.029148959,-0.03651269,-0.03648175,0.035760634,0.03711535,1.4476117,1.4811784,1.5570213,0.21889015,0.20286416,0.23524141,0.22465505,0.24231024,0.3048096,0.22679235,0.23269111,0.17827527,0.16510198,0.10975039,0.08557101,0.055064917,0.01403591,-0.041013442,-0.055989634,-0.0937202,-0.13320073,-0.13290669,-0.15183894,-0.16771472,-0.16373451,-0.1337972,-0.14271347,-0.09330425,0.0045335023,-0.019461358,0.11470012,0.28012866,0.51853335,0.76390016,1.0834992,1.3667382,1.4976197,1.5366778,1.4004372,1.0864558,0.78952605,0.5057265,0.2530685,0.14327456,-0.012546143,0.0057385545,-0.16688474,-0.1621424,-0.11114309,-0.120665945,-0.12235721,-0.16399267,-0.07456467,-0.063209705,-0.003295815,-0.01567221,0.08535184,-0.00069157506,0.09869246,0.16912597,0.18200377,0.30674094,0.33056635,0.42690048,0.37696844,0.35923743,0.3726928,0.36385643,0.39948422,0.35305616,0.3676543,0.28327703,0.28607005,0.19236654,0.18083306,0.14922984,0.14238016,0.12688835,0.0254038,0.058633815,0.09478295,0.027616968,0.09786352,0.12099073,0.07150005,0.13082322,0.15634212,0.08934338,0.13810675,0.13511822,0.22554137,0.18103158,0.20696834,0.14455985,0.15511033,0.13530192,0.12853171,0.08714203,0.055798683,0.029541548,-0.08152936,-0.065986454,-0.06357138,-0.092991695,-0.16341439,-0.10747665,-0.15189467,-0.13528961,-0.1264522,-0.1362875,-0.046678815,-0.08851747,-0.013970513,0.024248019
ECG_0164,1,localized_spike,0.011094911,0.05037282,0.049374636,0.07091756,0.10659684,0.116445325,0.1237719,0.15992418,0.15043807,0.1323591,0.06527237,0.109177254,0.03468774,0.0045714118,0.0005770641,-0.018784532,-0.087511145,-0.05324738,-0.109566726,-0.11573782,-0.08987451,-0.077093504,-0.07428581,-0.020955112,0.071717806,1.3838258,1.448946,1.4224311,0.17554477,0.24869855,0.28698924,0.21509042,0.25816175,0.24971846,0.218978,0.19635893,0.21495333,0.2152471,0.14199753,0.06666471,0.1093503,0.051391196,-0.0024527116,0.0009518007,-0.079446904,-0.12699765,-0.11237995,-0.13745414,-0.14096898,-0.19524947,-0.1773196,-0.15275997,-0.12836911,-0.076657236,0.021046814,0.03305929,0.13663763,0.358617,0.44435924,0.8595704,1.0715646,1.3490468,1.5712818,1.5465677,1.3242728,1.1513356,0.7506898,0.54469246,0.3326717,0.1336943,0.083209015,-0.04297029,-0.025988787,-0.09135133,-0.0901695,-0.084233545,-0.12215724,-0.1364775,-0.10028856,-0.02812998,-0.026163172,0.017650956,0.020366812,0.09082361,0.13089803,0.1733764,0.21946044,0.26222816,0.325879,0.35761192,0.36359644,0.33072117,0.3750707,0.46831685,0.41465595,0.354406,0.3469808,0.24256901,0.30918908,0.24554533,0.159262,0.1503369,0.07666008,0.14848602,0.11014256,0.04664942,0.010670538,0.056673612,0.08702677,0.07541593,0.07065841,0.037258558,0.116422966,0.12406247,0.13836597,0.1198582,0.19029737,0.2338076,0.18076608,0.18196265,0.11821099,0.13105322,0.10227066,0.07553372,0.048217706,-0.008818003,0.008999696,-0.06257569,-0.074582316,-0.1242467,-0.11846913,-0.18231118,-0.1893465,-0.24421354,-0.15283915,-0.11401651,-0.11777982,-0.072153986,-0.030099664,-0.010242975
ECG_0165,1,temporal_shift,0.115062825,0.11484396,0.015957907,0.016505787,-0.020723332,-0.055327523,-0.092254624,-0.10906324,-0.115947574,-0.16138503,-0.18727718,-0.13657467,-0.0782253,-0.1483623,-0.08512239,-0.019059092,-0.022714876,-0.019026563,-0.012462918,0.0015675436,0.03845461,0.14682785,0.18088114,0.15211584,0.10172912,0.13988158,0.16569284,0.12724325,0.15589555,0.1190494,0.12376789,0.052898023,-0.0031697736,0.05253589,-0.038468156,-0.07265787,-0.05081629,-0.08102907,-0.101602525,-0.017790645,-0.08214874,-0.025274051,0.012570581,0.08557015,0.12275471,0.13854441,0.1990034,0.21253121,0.21851616,0.24888268,0.23904584,0.181217,0.21880075,0.24934183,0.1949392,0.1664945,0.10210612,0.09131496,0.05997162,0.040250268,-0.019956779,-0.04617933,-0.0866538,-0.09007367,-0.112919904,-0.15811422,-0.13350199,-0.12802847,-0.10464713,-0.15498357,-0.09905171,-0.09174841,-0.06789436,0.034340136,0.1623314,0.29241326,0.48835248,0.7879327,1.1073912,1.3763694,1.5125932,1.5325426,1.3633204,1.1073909,0.7975273,0.54004395,0.3191648,0.13764578,0.056187697,0.020729952,-0.015020529,-0.09009956,-0.09108832,-0.15096109,-0.117826894,-0.10954061,-0.06934923,-0.12861294,-0.0039304416,0.01601619,0.043668624,0.058115616,0.14401543,0.1917553,0.20591716,0.2657302,0.30556086,0.3626959,0.3682793,0.42541546,0.42939094,0.3831547,0.35497728,0.301284,0.32675493,0.25257856,0.28838226,0.23169109,0.21246624,0.13445851,0.15568736,0.07519723,-0.037763435,0.058191814,0.056275483,0.041267056,0.101036705,-0.011898236,0.07587112,0.12501974,0.07246333,0.090928875,0.10681946,0.18985142,0.12067804,0.13285261,0.16273603,0.13889103,0.18511087,0.1088048
ECG_0166,1,attenuated_amplitude,-0.0031535442,0.029168703,0.04200218,0.038536187,0.075104415,0.048054278,0.06596558,0.054060742,0.034919605,0.056016862,0.043268546,0.0342451,0.033109926,0.023492236,0.012377141,-0.021725697,-0.0072989003,-0.0269153,-0.016119016,-0.039740827,-0.016033253,-0.033566922,-0.044013593,0.011930217,0.018031757,0.013539908,0.024388913,0.061114803,0.0713755,0.08003383,0.10318963,0.11506729,0.12079144,0.1042937,0.10917481,0.09629763,0.07915487,0.0960594,0.080050014,0.06491307,0.03481896,0.021526892,-0.0024824403,-0.012773275,-0.023924738,-0.040985893,-0.07162994,-0.060169432,-0.060631298,-0.045911875,-0.08123234,-0.04141235,-0.05326371,-0.04622449,-0.049865603,0.023991466,0.03404307,0.12453659,0.20683214,0.3412524,0.48553607,0.5536028,0.6526549,0.65599114,0.59026146,0.49273476,0.35761806,0.22025062,0.10721087,0.083406,0.0072969384,0.000870704,-0.026383964,-0.027489321,-0.05974425,-0.04327382,-0.06581659,-0.049788956,-0.035768438,-0.03570852,-0.011592498,0.005724551,0.012877592,0.03854111,0.0509445,0.087981455,0.09755096,0.11790628,0.116306506,0.1503523,0.14537637,0.15417618,0.14744599,0.15292268,0.16705656,0.16427206,0.11904308,0.12049223,0.111571,0.09286397,0.09188614,0.06877121,0.039016634,0.03550996,0.017211674,0.031271067,0.03006062,0.0008631631,0.03212314,0.027211895,0.020641439,0.05072397,0.061931383,0.056232344,0.068204805,0.06857073,0.087849475,0.06491463,0.09148766,0.07113996,0.08110921,0.061473083,0.040369127,0.04165237,0.004713791,-0.022699142,-0.0031038774,-0.022991147,-0.035171628,-0.042176817,-0.057671607,-0.066357054,-0.06292371,-0.065282576,-0.051517036,-0.04736317,-0.05219825,-0.03324145,-0.01413861,0.0072800177
ECG_0167,1,temporal_shift,0.027099755,0.096492045,0.03696655,-0.049745955,-0.06808383,-0.06703413,-0.14836003,-0.14711003,-0.16973108,-0.15111609,-0.214883,-0.13464107,-0.11286061,-0.09936019,-0.09450225,-0.051948976,-0.0027169515,0.016092308,0.022772368,0.059614323,0.14806771,0.111039564,0.10343008,0.17339878,0.14528812,0.13454431,0.14256349,0.12572226,0.07604748,0.055419315,0.02448816,-0.03325121,0.020811668,-0.06046418,-0.07071585,-0.04988184,-0.098176375,-0.1425574,-0.06634351,-0.044967808,0.010798849,0.046456918,0.11897169,0.09244398,0.12589459,0.18698014,0.15665783,0.20575891,0.25967696,0.20209332,0.2420326,0.21766129,0.26335543,0.21188627,0.15389475,0.11074034,0.10424985,0.07693704,0.05660797,-0.027696844,-0.030628439,-0.06770355,-0.05443263,-0.116807066,-0.12110973,-0.21953428,-0.15074627,-0.17208189,-0.13643129,-0.11815156,-0.0864699,-0.012861146,0.095168054,0.13518846,0.26484424,0.52796346,0.8262337,1.0949479,1.381028,1.5442356,1.5161859,1.4228951,1.0946076,0.8342851,0.49409258,0.31735224,0.09079566,0.06560138,0.0017925422,-0.04920575,-0.08477407,-0.12682457,-0.079889074,-0.12656201,-0.101969436,-0.062276345,-0.10953879,-0.02128842,0.044253863,0.026024926,0.10222084,0.12099035,0.13158987,0.23924601,0.2511072,0.3709926,0.311694,0.3846601,0.3610655,0.3849,0.3253047,0.37881526,0.34993324,0.31276706,0.3425064,0.25680164,0.2608898,0.1795053,0.11598598,0.08011251,0.110438414,0.07633048,-0.010776397,0.043785,0.054734144,0.050488565,0.0678034,0.08537089,0.13200822,0.12822543,0.16357568,0.1743056,0.17966305,0.2158076,0.20231871,0.19927567,0.1548207,0.1577911,0.14378954,0.1507349
ECG_0168,1,attenuated_amplitude,-0.010456794,0.012590655,0.05246905,0.06336056,0.047636334,0.053883564,0.1058726,0.0948375,0.07262864,0.09833674,0.05488479,0.05121737,0.05004728,0.046609573,-0.02510365,-0.02960575,-0.03867328,-0.044734556,-0.08054816,-0.06838447,-0.06260032,-0.015138289,-0.026895763,0.0013082486,-0.0058012716,0.04786084,0.07240772,0.15468727,0.099138595,0.14413725,0.13516821,0.16810128,0.20703082,0.18527596,0.13580306,0.16632666,0.12521204,0.117146455,0.08208361,0.05801401,0.02698611,0.030443218,-0.000107806816,-0.011503912,-0.02596258,-0.08089809,-0.09255649,-0.12859814,-0.06490964,-0.10214708,-0.08662207,-0.12512149,-0.09671475,-0.08033683,-0.036714524,0.04447357,0.09762477,0.14466862,0.3177149,0.5223631,0.68955725,0.9223202,1.0003165,1.0117408,0.9224021,0.7586254,0.5345928,0.34008813,0.18507831,0.08522092,0.03643283,-0.03843986,-0.04146349,-0.058223747,-0.036450002,-0.070158064,-0.08229447,-0.088218026,-0.061826102,-0.044079725,-0.019584334,-0.043627113,0.019754393,0.029282404,0.12737076,0.12088647,0.12970017,0.1522795,0.20127597,0.2270133,0.2293782,0.24259108,0.2392373,0.2839484,0.24311243,0.1951113,0.17868976,0.1815501,0.16831851,0.1692836,0.12347007,0.07780356,0.07358813,0.0892662,0.04555281,0.007991561,0.049453184,0.009380374,0.05387031,0.05975598,0.06932391,0.030366713,0.068840645,0.10361649,0.12118043,0.15004317,0.11552058,0.14150696,0.12218624,0.09671391,0.07814819,0.066642806,0.059352454,0.025390806,0.030571755,-0.0011960628,-0.019188633,-0.025909724,-0.049067523,-0.08155839,-0.11947877,-0.110759884,-0.11066627,-0.10401185,-0.08015216,-0.091959484,-0.07712238,-0.077460654,-0.03650104,-0.014398284
ECG_0169,1,high_noise,-0.13507843,-0.12703426,0.103196576,0.039949674,-0.17745513,0.10365832,-0.18425812,0.12560196,0.0949198,0.07358493,0.24207684,-0.007365296,-0.08201998,0.32592535,0.14517714,-0.16238901,0.026749967,0.029813152,0.082074046,-0.24613853,0.2868166,-0.096218064,0.13395616,-0.015903994,0.1507007,0.32840148,0.30777356,0.032350853,-0.055632453,0.011392939,0.46299246,0.13577752,0.04985802,0.042491317,0.09514362,0.252917,0.16771452,0.13934648,0.06763377,0.028783282,0.23319158,-0.0030813855,0.13225506,-0.22840011,-0.2544578,-0.07656454,-0.31777737,-0.21108206,-0.00738956,-0.3336578,0.017127758,0.055712633,0.008102275,-0.10651211,-0.050893657,-0.14373082,-0.12974688,0.50928766,0.54995066,0.60009295,1.1728679,1.4865448,1.6958462,1.3065,1.5297477,1.310609,0.7926685,0.4763585,0.3909744,0.10475478,0.08947805,-0.07714254,-0.16071849,-0.15106677,-0.077108264,-0.010315491,-0.17063892,-0.14486158,-0.077214114,0.15828277,0.30536947,0.13754018,0.46082836,-0.009127569,0.06908176,0.3529565,0.28533646,0.26176175,0.4663945,0.48698044,0.18270394,0.4574422,0.45113292,0.6033529,0.3973275,0.2590263,0.17011446,0.2521715,0.19035523,0.16529791,0.56085396,-0.056378223,0.03308927,-0.055826668,-0.020026041,0.033866983,-0.18853374,0.064774886,0.27004448,-0.029642163,0.069293566,0.16723499,0.097841136,0.08797389,0.017909558,0.454887,0.19206956,-0.111231476,0.21599044,0.25127786,0.11054443,0.27621043,0.09490701,0.33395082,0.28390944,-0.0472075,-0.18738465,0.18145055,0.07928098,-0.13685288,-0.050026864,-0.45816398,-0.31032473,-0.0018220657,0.012453695,-0.11103903,0.0993399,0.045529474,-0.47996482,0.05164203
ECG_0170,1,high_noise,-0.06088646,0.011120303,0.13738658,0.16540898,0.051714934,-0.032634903,0.01319693,0.1370436,0.3696268,0.08945427,0.028129464,-0.07095972,0.0037384718,-0.19369487,-0.026197268,0.16901168,-0.11461635,-0.09086837,-0.32481518,-0.028871382,-0.06741135,-0.24780294,0.30473116,-0.2529183,-0.17045252,0.22584802,0.30131418,-0.09230683,0.4034513,0.281534,0.24252076,0.32372946,0.13909242,0.44395918,0.50509584,0.24100922,0.103901245,0.36314517,0.18988568,-0.15916523,-0.068124,0.23565207,0.23016919,0.04436467,-0.093973674,-0.22812101,-0.17937548,-0.58579546,0.15823042,0.028942078,-0.12237337,-0.015320515,-0.16857575,-0.095954455,-0.17173369,-0.270556,0.0587754,0.28947365,0.30609974,0.66407436,0.9932361,1.3819708,1.7632754,1.5127501,1.2177348,0.9176904,0.77180815,0.6044919,0.08281014,0.19537225,0.16117258,-0.16567282,-0.20097744,-0.2240479,0.19135426,-0.028615601,-0.12681603,-0.0498174,0.06555583,-0.024942338,0.068787865,-0.17916729,-0.03887519,0.044554133,-0.21607853,0.07976446,0.2271851,0.42531276,0.6429134,0.26080543,0.23650743,0.5667709,0.4023609,0.28236717,0.4966996,0.57694024,0.22095476,0.45596197,0.24202958,0.108729444,0.15339233,0.06377016,0.54206145,0.10417654,-0.207087,-0.07874202,0.17808565,0.012010315,0.012616102,0.117566414,0.23021263,0.26946163,-0.18797098,0.12456396,0.19104677,-0.058128506,0.2736765,0.08623657,0.3297977,0.18556346,0.06499997,0.086700425,-0.0129900295,0.06271859,-0.13929866,0.03910017,-0.13377415,-0.048170127,-0.14947143,-0.17764431,-0.049633864,-0.018729182,-0.26179793,0.14924787,-0.33502474,-0.11065941,-0.24289525,0.0996788,-0.2979055,-0.18799195
ECG_0171,1,high_noise,0.03192796,-0.1058919,-0.005789501,0.17418954,0.23053423,0.3633153,0.06608593,0.25848916,0.22042301,-0.02330691,0.04611243,-0.086973056,0.2956226,-0.057146847,-0.3633767,0.2004496,-0.076819845,0.11552773,-0.26644406,-0.022164991,0.000983583,-0.2010726,0.044658653,0.08779818,0.5502089,0.23309524,-0.0012703802,0.24757673,0.30863604,0.19458812,0.24979971,0.0915648,0.47616416,0.19169503,0.11139355,0.263902,0.1761158,0.16284774,0.19963899,0.016097488,0.22035526,-0.069630474,0.0010325406,-0.2933062,0.100321725,-0.15448259,-0.062103078,-0.2283294,-0.14819993,-0.1417063,-0.0382319,0.027178816,-0.21643804,-0.098348714,0.0055479086,-0.07268494,0.19312684,0.3053238,0.467661,0.6479877,1.1925122,1.3421692,1.2779654,1.5943462,1.565553,1.0359861,0.89368004,0.47452575,0.04868682,0.14357835,0.006967487,-0.057788853,0.1824394,-0.21027264,-0.017099429,-0.3213906,-0.40676165,-0.42248377,0.017725982,-0.15063871,0.17571786,-0.0429388,0.004798232,-0.20679086,0.25464004,0.17295462,0.47798312,0.45210633,0.24877395,0.74061275,0.523931,0.4077302,0.38174394,0.28695512,0.81732064,0.61647683,0.35037938,-0.013980824,0.0067087086,0.18217954,0.11169811,0.31848758,-0.03240291,0.10839848,0.17830999,0.055378936,0.11459596,-0.112812355,0.2141626,0.2452948,-0.024661742,0.063323975,0.079730265,0.24717468,0.19374505,-0.056182925,0.24100204,0.16996342,0.3038337,0.11441861,0.17656067,0.061283533,0.36114958,0.1407547,0.23125279,0.054196544,0.23874624,-0.17407571,-0.21393685,-0.19112271,-0.15416208,-0.117739,0.07197565,-0.083836205,0.014725861,-0.27596822,-0.11262132,-0.10297618,-0.072883934,0.06569904
ECG_0172,1,localized_spike,-0.04849787,0.03686632,0.036454875,0.09401383,0.088376194,0.1295143,0.14997515,0.1642908,0.19483007,0.14808595,0.13944285,0.08062231,0.111101665,0.025167076,-0.033306073,-0.0028227153,-0.028921522,-0.01786052,-0.12488857,-0.07194033,-0.043602806,-0.055230495,-0.05466899,-0.041074757,0.047067888,0.02224072,0.118507005,0.17507456,0.20662765,0.20290141,0.28234714,0.22049418,0.21193779,0.25364605,0.23481795,0.22953539,0.23245318,0.17219034,0.13354623,0.12792844,-0.010605741,0.07531877,-0.031113047,-0.050903976,-0.06730549,-0.10098323,-0.14230628,-0.16751347,-0.18981294,-0.14149782,-0.106957376,-0.1792846,-0.13194741,-0.06346421,-0.06454436,0.028217167,0.1161682,0.3146475,0.4952349,0.7830699,1.0619898,1.3605766,1.4805303,1.5916445,1.3787223,2.1397517,1.8834864,1.626937,0.33165523,0.12075925,0.024088837,-0.0077765863,-0.055933196,-0.15603371,-0.096825875,-0.12770225,-0.09004452,-0.13748504,-0.0772706,-0.018366594,-0.059120193,-0.05104346,0.045715697,0.07412902,0.13409443,0.18985781,0.25767413,0.2552313,0.3123197,0.33985135,0.3620037,0.37115437,0.39785945,0.4264281,0.3910621,0.39073503,0.35093054,0.31344625,0.25470373,0.21729195,0.2610579,0.16471344,0.12849487,0.11647697,0.036796175,0.011831101,0.038473673,0.043403123,0.041000955,0.081144825,0.115757346,0.073979184,0.1406815,0.1294764,0.14915302,0.17843258,0.17765695,0.212775,0.2073209,0.12494223,0.19018492,0.13199832,0.124714695,0.06551828,0.024187384,0.0119865965,-0.0069088456,-0.05771952,-0.057855524,-0.12110975,-0.14348845,-0.1558124,-0.13403802,-0.16372809,-0.12865876,-0.10399841,-0.08690154,-0.039519347,-0.037682574,-0.014437422
ECG_0173,1,attenuated_amplitude,-0.002449484,0.0021045941,0.01587951,0.04075737,0.04445947,0.072164394,0.11150467,0.10034722,0.11051412,0.082804985,0.08444117,0.030990416,0.036843345,0.035584684,0.0062171286,-0.006224623,-0.021467112,-0.06386072,-0.058328535,-0.065591455,-0.07145489,-0.023608005,-0.012262024,-0.02289994,0.011446955,0.092070855,0.066645324,0.07755025,0.12918833,0.17447662,0.16675323,0.18603994,0.15787184,0.17986909,0.156399,0.173701,0.13923489,0.1511369,0.095688894,0.056075502,0.046426315,0.008018134,0.008590806,-0.033788558,-0.025790602,-0.0844323,-0.08447821,-0.119365655,-0.09722078,-0.0884796,-0.09028768,-0.12389337,-0.060256053,-0.047897853,-0.040742315,0.019431956,0.13185272,0.18624055,0.33414105,0.52309495,0.74730456,0.8907185,0.9771643,1.0461465,0.91859066,0.7346759,0.563694,0.37211064,0.17286624,0.10173137,0.0083662225,-0.006811679,-0.06566242,-0.025273753,-0.07990254,-0.089746885,-0.07753471,-0.07547754,-0.07238686,-0.048891407,-0.06949261,-0.013203019,0.045463786,0.019742379,0.112982415,0.08935471,0.16165274,0.18040048,0.18826997,0.22087534,0.22982146,0.23568794,0.2893442,0.27309996,0.2634115,0.23590752,0.2102734,0.18389894,0.2168327,0.16869715,0.129133,0.09365458,0.08362395,0.11203813,0.034857325,0.026749806,0.059567526,0.013697695,0.002211161,0.06731211,0.06421046,0.079598725,0.06505649,0.1023768,0.123209506,0.0976924,0.08607129,0.11676335,0.095253825,0.11421758,0.10511107,0.090757065,0.03837901,0.068854466,0.010703703,0.04706725,-0.00048280056,-0.026768807,-0.06742353,-0.042535275,-0.06255371,-0.088345565,-0.10864224,-0.08366647,-0.07127552,-0.05616468,-0.085710086,-0.049413573,-0.045256324,0.019406555
ECG_0174,1,localized_spike,0.0035974288,0.054704875,0.06542564,0.058913488,0.15881556,0.18397331,0.15565947,0.17439461,0.18216336,0.14188576,0.100949764,0.109969065,0.105869964,0.06753055,0.0150015885,0.0004047448,-0.07768504,-0.04201288,-0.11646232,-0.06344524,-0.10516766,-0.0256434,-0.09732212,1.0667781,1.0850798,1.1473176,0.12190203,0.19309193,0.17373255,0.20777884,0.24670403,0.20436138,0.26994598,0.30461755,0.20650788,0.21982422,0.18327694,0.1796176,0.13262542,0.13131912,0.08790372,0.032198828,0.0014120516,-0.016903244,-0.07517538,-0.09818493,-0.13483286,-0.12860034,-0.20151924,-0.1892618,-0.09533529,-0.16928224,-0.055818614,-0.11254627,-0.022381201,0.04326674,0.14177284,0.2802708,0.4988712,0.8041216,1.0709735,1.3926606,1.4937247,1.5224711,1.4258258,1.0967491,0.78895015,0.5328002,0.27463412,0.14960507,-0.0008470497,-0.016390467,-0.03318935,-0.053422082,-0.13658299,-0.19004919,-0.11216942,-0.12842573,-0.10099285,-0.06878042,0.020394556,0.038465418,0.016781898,0.088557586,0.0929579,0.18333155,0.24502812,0.27085298,0.26320362,0.3852567,0.30411515,0.39540973,0.34646338,0.41655508,0.36449593,0.28866887,0.31677878,0.28904867,0.22067103,0.21468578,0.1727484,0.18940163,0.17783019,0.0953444,0.09771899,0.0411133,0.10624711,-0.012410108,0.022122009,0.030513953,0.12589765,0.12949505,0.11854143,0.17138678,0.16647023,0.15129608,0.18727668,0.18157908,0.20463249,0.17247127,0.18624857,0.12960784,0.06501125,0.063360356,-0.00215515,-0.0017553088,-0.018226376,-0.079806216,-0.099619195,-0.15866737,-0.09198761,-0.18330841,-0.1508731,-0.16760495,-0.18421333,-0.1909929,-0.121284574,-0.10863208,-0.061831087,-0.013621434
ECG_0175,1,temporal_shift,-0.12994201,-0.13137795,-0.16973059,-0.11645984,-0.12335617,-0.10759673,-0.09223622,-0.0006417018,-0.044812594,0.027074892,-0.010973074,0.020166904,0.09203449,0.08894744,0.15456383,0.12529705,0.13599153,0.1194382,0.16858871,0.13566698,0.08893083,0.10540929,0.07228825,0.08799673,-0.00440737,-0.018244846,-0.030682774,-0.06892364,-0.14806797,-0.06585714,-0.076411866,-0.094729066,-0.030928232,-0.059194986,0.041481774,0.07547452,0.12589373,0.1078176,0.160141,0.16551669,0.18750532,0.29060256,0.26603404,0.25070974,0.20277788,0.18733369,0.24743907,0.15006259,0.1513069,0.1228078,0.062725626,-0.0065379944,0.003909978,-0.046527535,-0.058544405,-0.13499893,-0.11510027,-0.11805482,-0.16068384,-0.14410876,-0.16419508,-0.12209314,-0.059117183,-0.019003052,-0.069227844,0.016155038,0.11941761,0.3251805,0.494667,0.79867625,1.1246568,1.3729202,1.4881757,1.5201395,1.3762757,1.174986,0.82423824,0.55105364,0.34121028,0.12109061,0.008705832,-0.008096839,-0.013346466,-0.05821889,-0.098425515,-0.13787334,-0.108750015,-0.15354474,-0.042745173,-0.08535014,-0.011488541,-0.00087238476,0.06120564,0.06783982,0.15555307,0.14227535,0.20541169,0.2248026,0.26139554,0.37029317,0.37605622,0.3765982,0.36819375,0.39814314,0.4310348,0.30287406,0.30305877,0.26450408,0.27722672,0.24197896,0.18587789,0.12790556,0.1532854,0.0753423,0.08279347,0.023749605,0.039378997,0.016302846,0.08096876,0.048094314,0.09060175,0.115627915,0.11596016,0.13002543,0.13471095,0.17081523,0.238343,0.1949726,0.16493523,0.20310968,0.17897527,0.1420703,0.085951604,0.07374393,0.112685725,0.0060425336,-0.047585312,-0.08366701,-0.085304946,-0.10330888
ECG_0176,1,high_noise,0.0821073,0.023535298,-0.077238664,0.08396399,-0.18564709,0.192393,-0.020643724,0.23011743,0.13047233,0.06976476,0.1282006,0.47117162,0.122245684,-0.24018537,-0.2438421,0.012957037,-0.25081024,-0.16357753,-0.3300696,0.03008092,-0.06666724,0.16542234,-0.13203813,-0.15310064,0.17788146,-0.044358283,0.02810581,0.21797529,0.45434704,0.39463833,0.07493575,0.3347263,0.45992944,-0.014492332,0.5056849,-0.06485249,0.46602944,0.005188007,0.00596216,0.42377937,-0.24721482,0.065060236,0.14733884,-0.289646,-0.026062308,-0.24677467,-0.16112734,-0.12776126,-0.17167993,-0.0983707,-0.17884074,0.051989365,-0.031220483,-0.3853404,-0.054653253,0.15675704,0.05891041,0.31782252,0.46525308,0.6122979,1.1045194,1.3243883,1.6660252,1.521393,1.3567032,1.5322104,0.7625302,0.49927095,0.50533766,0.09538013,-0.19064622,-0.13165905,-0.09264748,0.23308742,0.027001217,0.23584893,-0.120063186,-0.42246473,-0.2516578,-0.047148254,-0.18308309,0.08532587,-0.15001741,-0.10440759,-0.12106214,0.06353763,-0.1688608,0.26994976,0.46438873,0.12421732,0.6347067,0.5810172,0.56534773,0.29911584,0.3743974,0.3096269,0.35836998,0.3724893,0.36356512,0.5855794,0.24108894,0.2288004,0.17203555,0.074046865,0.1795467,-0.0047096107,0.109250456,0.03151827,0.17695078,0.18500385,0.14135215,-0.046726197,0.20127964,0.051404055,0.32402408,0.1450209,0.4554007,0.16694696,0.27363274,0.13010722,-0.057046436,0.017122433,-0.11165017,-0.035048403,0.12204986,-0.0023573064,-0.082872234,-0.09569465,-0.28177476,-0.26768067,-0.26924726,-0.16946028,-0.05737062,-0.17282999,-0.051287387,-0.1844005,-0.046243045,-0.023399256,-0.0030637837,0.13995443
ECG_0177,1,high_noise,-0.11255462,-0.064596765,0.06771649,0.06958943,0.038107313,-0.2501248,0.23641628,0.08832234,0.20598255,0.1100264,-0.07046035,-0.05174007,-0.15801701,-0.07918756,0.08982257,-0.13694538,-0.21776478,-0.32412723,-0.06177471,-0.18413797,0.08752743,0.08449108,-0.25071076,0.054342896,0.013665621,0.035262022,0.102404356,0.046333365,0.26134953,0.02700563,0.10862604,0.2490457,0.29138774,0.18621416,0.33002177,0.30951315,-0.0017766732,0.28396723,0.012079663,0.08355588,0.025045874,0.41330054,0.061207112,0.01637,0.12674442,-0.23537892,-0.082804255,0.03782669,-0.11552085,0.010589137,-0.17610964,-0.044853695,-0.19833112,-0.21219094,-0.1522963,0.46808004,0.2853888,0.51861006,0.7106377,0.72970533,1.3334284,1.4121405,1.7595431,1.3643765,1.5568086,1.0975199,0.8912424,0.6055694,0.40099716,-0.07608352,-0.04978032,-0.13405147,-0.35512257,-0.23799406,-0.23324691,0.04288804,-0.06913902,-0.31747597,0.19484127,-0.2436438,0.02185456,-0.3315751,-0.30230424,0.09983933,0.39548764,0.22976257,0.41843587,0.3348674,0.30402118,0.25462034,0.32913554,0.33295012,0.25609758,0.08407926,0.43277663,0.58922696,0.31663716,0.21529667,0.4173152,0.30489716,0.1849538,0.12401632,0.078894466,0.13302189,0.073558286,0.34051716,-0.010082173,0.27638572,-0.1477492,0.078516535,0.24550018,0.100813195,-0.012114872,0.17486063,0.24595061,0.4748822,-0.15635023,0.40668163,0.21181074,0.38337675,0.29272994,0.13742225,0.25000015,-0.14270213,-0.19414634,-0.19723046,-0.11417682,-0.12425626,-0.07560874,-0.26900217,0.10755088,0.016295552,-0.10887343,-0.16259296,-0.30525893,-0.4151905,-0.12197967,-0.28555983,-0.14633386,-0.13602167
ECG_0178,1,high_noise,-0.02751591,-0.11079948,0.08020381,0.24283971,0.19578546,0.00893251,0.0026611444,-0.040483166,-0.2426924,0.121396884,0.44213986,-0.15275747,-0.074371085,-0.036469836,-0.069855675,-0.10645644,-0.07646112,0.2257355,0.033449855,-0.042114895,-0.19144495,-0.16847897,-0.029250322,0.28426975,0.069277436,-0.06204425,0.11061097,0.2481001,0.5089914,0.3969672,0.13022399,-0.18321557,0.24858041,0.25341657,0.17076579,0.0102288565,0.17223643,-0.14508253,0.32532042,0.20007117,-0.049836166,0.008435988,-0.050952125,0.13272072,0.09189407,-0.16715725,-0.20343554,-0.23872465,-0.0090959035,-0.5235295,-0.29436257,-0.33738324,0.07592039,-0.11685271,0.10921203,-0.11726696,0.41589117,0.7933941,0.16756281,0.81828964,1.3501956,1.1023421,1.2337416,1.6094037,1.2509574,1.2439156,0.63872534,0.4632922,0.2709656,0.13219737,0.18813089,0.12684718,-0.056352794,-0.20312886,-0.0852913,0.2213623,-0.3468815,-0.07942062,0.09429047,-0.12672848,0.06333416,-0.023545165,0.13463746,0.19574305,0.018281754,0.3333834,0.106070325,0.23614828,0.40719798,0.5628005,0.06953433,0.56809264,0.5632055,0.28038546,0.35014546,0.42942637,0.37483868,0.14324461,0.27019715,0.13634887,0.20667402,0.21350296,0.093848534,0.08941637,0.2932843,0.14801887,0.07990712,-0.105599016,-0.14799088,-0.029879741,-0.05101549,0.29747328,0.04318198,-0.063740544,0.13702016,0.06448984,0.34836602,0.34414127,0.11817369,0.008985155,0.36748537,0.47226703,0.015645104,-0.24949811,0.18536578,0.01783441,0.022935905,-0.43537048,-0.23852274,-0.07951304,-0.12160777,0.2270925,0.065239675,0.018481115,-0.49819666,0.034245875,-0.08458709,-0.0736961,0.22153504,-0.04993301
ECG_0179,1,localized_spike,-0.0021858655,0.0033309378,0.093816034,0.101800844,0.14511299,0.10203311,0.19658598,0.17777716,0.13970731,0.15362945,0.13856223,0.14237933,0.05740215,0.027533794,-0.027477998,0.039551318,-0.08154585,-0.07482335,-0.07879351,-0.12339592,-0.04260893,0.036766376,-0.069059916,-0.027000044,0.08877421,0.047209535,0.059655454,0.13807422,0.20661251,0.19471939,0.17857996,0.26167282,0.284805,0.23220628,0.23418136,0.23960365,0.18161844,0.1412279,0.083149254,0.09539942,0.052083608,0.052346334,-0.03095474,-0.034662496,-0.058288544,-0.11998134,-0.10992296,-0.11854341,-0.15602861,-0.1552119,-0.12380368,-0.104074374,-0.08623453,-0.06146081,-0.049627464,0.10058985,0.10111077,0.27445507,0.48835838,0.7952018,1.1222651,1.3364727,1.5139369,1.5268773,1.4407455,1.1084312,0.78907764,0.5618782,0.29993746,0.16195163,0.03690866,-0.07662992,-0.060604826,-0.07138511,-0.12899591,-0.11888522,-0.12525773,1.0787044,1.1212398,1.124463,-0.002605788,0.028861837,0.08836601,0.12136101,0.16276094,0.15447325,0.24925727,0.29181275,0.30541107,0.32206863,0.37437424,0.34595266,0.43113223,0.32851133,0.31377956,0.30753806,0.3309515,0.26563725,0.2611022,0.20908622,0.1648406,0.17339054,0.142886,0.12741756,0.12973633,0.008640663,0.040295158,0.05906105,0.0030865576,0.02420565,0.108407594,0.19100775,0.12938178,0.16737704,0.16011308,0.16154568,0.14852329,0.20477217,0.16339406,0.16907828,0.15822034,0.12776081,0.075850815,0.0914604,0.048469815,0.01128625,-0.026561132,-0.054643214,-0.14061588,-0.12463283,-0.09270394,-0.13470516,-0.238199,-0.1876122,-0.11133488,-0.103185475,-0.11940745,-0.092240684,-0.09664698,-0.003401356
ECG_0180,1,high_noise,-0.08199728,0.07357638,-0.07965868,0.17585006,-0.04115363,0.18828027,0.17760275,0.02472067,-0.035894237,0.08721144,0.27969342,0.23879322,-0.2823016,-0.12829596,-0.054045357,0.0131531935,0.033274118,-0.31913188,-0.03129923,0.21300913,-0.49018764,0.14466713,-0.13469644,0.27709532,-0.21490636,-0.07130689,0.040863216,0.18789414,0.34148833,0.21085812,-0.09402145,0.42114595,0.13000159,0.33673358,0.1548747,0.08742875,0.02239669,0.22036758,0.22237697,0.050129853,-0.26649246,-0.2367468,0.078781314,0.014120044,-0.3292839,0.21773826,0.08416837,-0.055072688,-0.3036986,0.12710178,0.032106064,-0.23987167,0.009012929,0.124245904,-0.20300117,0.22053578,0.046555102,0.51372296,0.3243507,0.6819226,0.8950815,1.529052,1.1061934,1.512075,1.2760395,0.8463262,0.961835,0.60917264,0.18906198,0.3109882,-0.042689715,-0.0014006353,-0.069118746,-0.1489421,-0.41346198,-0.01388782,-0.023674173,-0.3739242,-0.18605733,0.11539271,0.20033354,-0.19107261,0.15295976,0.35221323,0.12635629,0.20808432,0.11099673,0.38434026,0.22008885,0.30505455,0.38685563,0.3595667,0.45515195,0.3857181,0.28637797,0.12450677,0.31744882,-0.22523433,-0.067653745,0.11583418,0.17671844,0.116097726,-0.36625254,-0.12583233,0.40072355,-0.039715108,0.21628107,0.08052806,-0.089514896,-0.09439442,0.29866204,0.5459426,0.24601467,0.1745036,0.2132982,0.041816074,0.019412518,-0.0363461,0.2881568,0.31516495,0.23162511,0.35478812,0.36157998,0.19970986,-0.18516277,-0.11822928,0.06749454,0.16644803,-0.07122844,-0.095258586,-0.0970121,-0.079242885,-0.14463477,-0.2545939,0.34718123,0.11887162,-0.15919262,-0.07291638,-0.09714396,-0.18706161
ECG_0181,1,localized_spike,-0.051911682,0.007682589,0.07898527,0.14099224,0.11415425,0.09488787,0.06607106,0.12597361,0.11886456,0.11479495,0.15291567,0.12348972,0.073323034,0.07071567,0.0135116745,-0.02516073,-0.06189286,-0.04002819,-0.11478314,-0.090578064,-0.13207352,-0.07913244,-0.019531084,0.007849764,0.042127114,0.05410718,0.086743966,0.14719783,0.15547487,0.15371057,0.23000853,0.21290219,0.3031461,0.2870593,0.24713369,1.6235902,1.5912566,1.5766538,0.16550756,0.12900107,0.08691186,0.0594939,0.031783734,-0.057559475,-0.11644679,-0.134894,-0.06264384,-0.07353202,-0.1407485,-0.11896266,-0.12764639,-0.1754276,-0.14367145,-0.09585195,-0.036890678,-0.010203475,0.1403023,0.2868071,0.4809978,0.78332293,1.1053448,1.382892,1.5242374,1.5187747,1.3915381,1.0719042,0.8020159,0.47922513,0.30484667,0.13459547,0.055908088,-0.04019138,-0.038475752,-0.10072594,-0.07821548,-0.09924642,-0.12864901,-0.16086133,-0.08762796,-0.059145313,-0.112303875,-0.06663711,0.01992143,0.01258884,0.16725978,0.15817778,0.20035185,0.23455037,0.29264924,0.3398448,0.36570576,0.35862273,0.38477916,0.29532936,0.3975061,0.37498155,0.31182173,0.3032629,0.22699396,0.23003384,0.16152202,0.16030872,0.103312664,0.11793231,0.05489426,0.057058346,0.04142814,0.050612394,0.0407108,0.067093454,0.08868168,0.13817601,0.10765556,0.13313197,0.15091118,0.1922211,0.12469682,0.20604993,0.21686363,0.15420157,0.180675,0.13280034,0.10045452,0.091168046,0.016670717,-0.032508455,-0.030814739,-0.087121956,-0.017802814,-0.1145019,-0.17116351,-0.16711077,-0.14671285,-0.12868656,-0.15147859,-0.11180492,-0.12925978,-0.08461886,0.008340123,0.003552637
ECG_0182,1,localized_spike,0.019670818,0.04682015,0.08426449,0.06372317,0.14967857,0.13581145,0.11806557,0.14043334,0.16813216,0.1363887,0.14239506,0.08294912,0.048603423,0.008610454,-0.030594021,-0.017074563,-0.04813017,-0.058756255,-0.09514417,-0.11055214,-0.09155136,-0.09289215,-0.054341458,-0.016528469,0.010110977,0.087949015,0.17181358,0.16608657,0.16908874,0.26151356,0.24005489,0.27898404,0.26651847,0.25248298,0.23138843,0.2816876,0.18959306,0.16192333,0.1345144,0.03304653,0.09419898,-0.019415557,0.012982023,-0.019750776,-0.059304856,-0.11744474,-0.12522109,-0.1691552,-0.17430092,-0.13319503,-0.111020975,-0.07386622,-0.16780908,-0.08983744,0.013766975,0.036723815,0.12199356,0.28858587,0.45142913,0.7825346,1.0875012,1.3527312,1.5057582,1.5688592,1.3884913,1.1132972,0.74783707,0.48631257,0.30232328,0.164017,0.09402169,0.041080017,-0.11442592,-0.071812496,-0.0766828,-0.11035524,-0.09642199,-0.13255331,-0.09162251,-0.03233496,-0.03887141,-0.018703237,0.056111004,0.09343809,0.17949949,0.17021899,0.25040478,0.3237128,0.32391548,0.28954482,0.34187743,0.38157827,0.4152122,0.40149584,0.35074747,0.34907544,0.322964,0.28295165,0.22118358,0.22994125,0.19200101,0.12201464,0.07960776,0.14997575,0.023084234,0.06012834,0.052599117,0.065113954,0.038542278,0.08318165,0.06057843,0.0794398,0.12295731,1.194749,1.1737484,1.1901231,0.25116673,0.18497632,0.20344089,0.1454051,0.17600064,0.11115918,0.10624987,0.09339661,0.08005513,-0.02159467,-0.039639145,-0.056042075,-0.07245302,-0.08643774,-0.15009631,-0.17638497,-0.16632175,-0.12539506,-0.12250419,-0.09990483,-0.082027845,-0.058117986,-0.06348912,-0.01791285
ECG_0183,1,temporal_shift,-0.01750451,-0.09461847,-0.11939052,-0.12650968,-0.095415935,-0.16186261,-0.20310691,-0.13820001,-0.122340284,-0.10165958,-0.08208711,-0.07185268,-0.00951933,0.006427675,0.003863503,0.018762156,0.016149769,0.116911255,0.09673134,0.14672677,0.14074261,0.16660303,0.0999877,0.1336723,0.16202958,0.13440168,0.028140077,-0.024816934,-0.02792669,-0.045044538,-0.04755728,-0.058927562,-0.071272075,-0.07207328,-0.11912197,-0.1029827,-0.046397526,-0.003352528,0.014264589,0.0014240728,0.11459457,0.14020637,0.1850344,0.20887719,0.22058034,0.29221982,0.22467193,0.25874454,0.22531459,0.22233696,0.1699199,0.17005678,0.11459997,0.063462414,0.12492991,0.011718411,0.031374414,-0.04761713,-0.085221514,-0.02516727,-0.11506826,-0.20644547,-0.1509368,-0.07981772,-0.14004649,-0.13328926,-0.12539935,-0.07298949,-0.13291004,0.032249346,0.13683033,0.25837642,0.51716524,0.7460834,1.0824685,1.4191422,1.5566103,1.5777646,1.3619806,1.1484495,0.85656416,0.53138304,0.33935633,0.19172959,0.016752917,-0.025258666,-0.031497132,-0.11943284,-0.10008755,-0.10502303,-0.13778761,-0.14213382,-0.06705556,-0.032914322,-0.009059253,-0.037379533,0.020390145,0.11970807,0.12522474,0.21986215,0.2092403,0.2388856,0.28266373,0.37818074,0.33358124,0.34403375,0.33372995,0.3560247,0.3815056,0.32856455,0.36089215,0.3110856,0.2869626,0.21577048,0.18694155,0.17285784,0.114043206,0.07106191,0.06870155,0.096598335,0.007683875,0.07280806,0.060350724,0.078436375,0.06673639,0.14315541,0.09025212,0.121316165,0.12171214,0.196025,0.18529332,0.16248266,0.22027926,0.20790054,0.18657474,0.13169569,0.11200557,0.088507585,0.10960168,-0.0043673296
ECG_0184,1,localized_spike,0.0031066886,0.033432376,0.08844334,0.13623145,0.11401897,0.12323975,0.15920419,0.16975607,0.097250916,0.17324388,0.10761723,0.08782369,0.05072651,1.2879423,1.2569511,1.1212932,-0.056499656,-0.07796917,-0.10434847,-0.12979124,-0.04665551,-0.07231416,-0.036049042,-0.0049798368,0.023606587,0.08665473,0.11856518,0.09673654,0.17653437,0.21653028,0.20630896,0.24574308,0.23675832,0.28012234,0.27019054,0.23637663,0.17704025,0.1797219,0.1852119,0.0775401,0.10381576,0.009634262,-0.017028913,-0.037268274,-0.052960716,-0.0947638,-0.14751418,-0.16381678,-0.13438353,-0.112559326,-0.14079827,-0.1190764,-0.10600959,-0.097374424,-0.028510628,0.044548936,0.11411527,0.2547252,0.49557826,0.7682277,1.0453387,1.3105515,1.5629535,1.4745044,1.4005028,1.0912411,0.8146293,0.49284482,0.30676585,0.16303436,0.07811194,-0.035276383,-0.05237664,-0.09336143,-0.07458785,-0.10222028,-0.11494261,-0.120235264,-0.12335369,-0.13068739,-0.020862145,-0.014372119,0.03034629,0.08065562,0.1543932,0.18944728,0.22048445,0.28477702,0.3254544,0.36582637,0.3493744,0.39180616,0.43375236,0.37507862,0.34311217,0.2947613,0.2939754,0.28011543,0.329736,0.20695144,0.15345603,0.16639234,0.11551677,0.08969114,0.07049455,-0.00042215324,0.06548091,0.037645124,0.0670918,0.06315392,0.11900712,0.10990434,0.1592092,0.15889062,0.11334191,0.19202328,0.17126772,0.18823321,0.18757352,0.16228987,0.121448964,0.13538352,0.10630389,0.11990606,-0.009857428,-0.00860042,-0.031778235,-0.07104794,-0.036822196,-0.086753264,-0.10440499,-0.17965958,-0.1801043,-0.13247444,-0.13161306,-0.09389832,-0.07482608,-0.045742817,-0.029763551,-0.033677362
ECG_0185,1,localized_spike,0.028999463,0.053998362,0.08214303,0.061161384,0.14384952,0.14067934,0.09734153,0.13196194,0.15930228,0.084378846,0.14320974,0.07172784,0.013008399,0.033883702,0.041692264,-0.0046026027,-0.040503845,-0.08547646,-0.059611943,-0.08675799,-0.04622181,-0.05459861,-0.023903908,-0.029581502,0.03750719,0.062300883,0.10056329,0.114015274,0.20138232,0.19577324,0.21512361,0.2740847,0.27687818,1.3077475,1.2656143,1.3222507,0.21405591,0.20684414,0.17436704,0.07035786,0.066781394,0.0075265486,-0.02093784,-0.043119933,-0.104498245,-0.082251504,-0.1052015,-0.11780205,-0.12388931,-0.08534809,-0.13849948,-0.15061834,-0.17523926,-0.1340439,0.0141988415,0.03918787,0.14410044,0.34982356,0.50781244,0.79753727,1.0625259,1.3242974,1.5486354,1.5529168,1.3463073,1.091245,0.81934774,0.5327935,0.2997158,0.13659896,-0.0075880596,-0.0054132394,-0.08156668,-0.13586119,-0.110672444,-0.1363507,-0.14600201,-0.14742216,-0.16399555,-0.06364347,-0.049783092,-0.008132162,0.005423988,-0.0034208316,0.14365609,0.22164707,0.28211302,0.23643911,0.32182813,0.34753162,0.38169864,0.3894082,0.38348153,0.44064984,0.37041456,0.33687842,0.29796594,0.3131969,0.24261147,0.26806912,0.1785895,0.15568152,0.1263856,0.0687737,0.018327257,0.10363853,0.046061836,0.06020497,0.035041016,0.017385619,0.050106935,0.1039425,0.09636955,0.07628036,0.188505,0.1923269,0.17993431,0.2079172,0.15295586,0.15814027,0.11444858,0.16544233,0.15203786,0.104374506,0.064885475,0.017821549,-0.035232753,-0.09324229,-0.08769694,-0.122273244,-0.18926439,-0.14222452,-0.16748409,-0.121457726,-0.110669516,-0.15918532,-0.078642614,-0.08914219,-0.07938255,-0.020966459
ECG_0186,1,attenuated_amplitude,-0.0017039496,0.020093396,0.03460284,0.076278634,0.091414735,0.07368403,0.0853149,0.12656076,0.115423374,0.10232876,0.09561494,0.089449294,0.077818125,0.012486877,-0.013834015,-0.01899881,-0.034111205,-0.07544375,-0.051413063,-0.033854593,-0.034698013,-0.029830411,-0.08421121,-0.0038478943,-0.00016819408,0.05617887,0.08824586,0.0977687,0.11398483,0.15770142,0.13793734,0.18898672,0.13865009,0.17893961,0.16704449,0.15788777,0.14003865,0.1428895,0.060031768,0.07946757,0.053647615,-0.005673267,-0.0030786537,-0.02311611,-0.061952658,-0.081291534,-0.08849062,-0.090597965,-0.11475466,-0.105971605,-0.10400271,-0.05568061,-0.057400722,-0.09932197,-0.064537525,0.0031672036,0.09956628,0.16976605,0.34774977,0.538989,0.74314296,0.9528269,1.0680516,1.0458938,0.9638704,0.79652137,0.5588157,0.39732936,0.18494013,0.09785021,0.069572836,-0.019102588,-0.09934765,-0.035734333,-0.05287649,-0.10480553,-0.07372116,-0.084579326,-0.09300263,-0.07496662,-0.03887482,-0.02683994,0.010321687,0.06419343,0.12780465,0.120602146,0.17216906,0.17283392,0.18232177,0.21157421,0.26612428,0.25525177,0.28259736,0.28268448,0.2447883,0.23076367,0.19947045,0.21624419,0.20029406,0.16407216,0.1387487,0.10936997,0.14200054,0.08083916,0.041892577,0.04505816,0.043538697,0.048206057,0.06343747,0.06257293,0.041665066,0.058867864,0.08141319,0.071931705,0.0896316,0.084657595,0.11934334,0.08610128,0.11349077,0.11744609,0.1056776,0.07406355,0.10751085,0.05250916,0.037264325,0.0083405,-0.03962689,-0.05996842,-0.026731899,-0.098248914,-0.080894224,-0.11966431,-0.07665406,-0.06578348,-0.058113124,-0.05911301,-0.025126742,-0.01955782,-0.02059194,0.043152034
ECG_0187,1,high_noise,0.010838398,-0.007979008,0.38237858,-0.18024795,0.21385895,0.046244957,-0.07923063,0.32806727,0.38264242,0.22174156,0.38978103,0.2398003,0.08554044,-0.09045662,-0.3232253,-0.32878333,0.13040851,0.15857747,-0.10364782,-0.17470151,-0.237113,-0.04089652,0.12565514,-0.04518708,-0.0061377953,0.3284625,0.13823713,0.053636223,0.17449506,0.20870636,0.109206274,-0.29110026,0.3498388,0.26371488,0.17672946,0.2452389,0.17848106,0.23188485,0.13415799,0.28254017,-0.17836098,-0.24726652,0.2569512,-0.14406422,0.25766194,0.030742712,-0.24055204,0.05314519,-0.12439057,-0.10172225,-0.40030453,-0.06929902,0.025145132,-0.051897846,-0.014911583,0.16696402,0.028458,0.21041934,0.29763648,0.5855728,0.9264712,1.3311566,1.4525115,1.7076118,1.1463408,1.1681201,0.6624119,0.7532748,0.091247745,-0.019503906,-0.021897918,0.24652137,-0.09899113,0.01724212,0.032903742,-0.1620712,0.15545714,0.0008878557,-0.20059434,0.07230259,-0.025217103,0.029395657,0.31059116,-0.123747565,0.32528847,0.15070646,0.45304772,0.13981056,0.4565553,0.2990207,0.34119225,0.4104564,0.6637415,0.18614165,0.28862447,0.1721129,0.10244033,0.25515708,0.61679894,0.35215175,0.12937962,0.23022191,-0.03940195,0.008216298,-0.114803694,-0.12733473,-0.11391939,0.17906629,0.20209686,-0.20496078,0.27838394,0.28302392,-0.07391781,0.16941142,0.16852584,0.19024347,0.04274334,0.16884,0.3562307,0.31904426,0.1646706,0.19657148,0.20876504,0.13930242,0.04871519,-0.18026526,-0.19205931,0.0032654477,-0.31262475,-0.14707664,-0.031421747,-0.18023638,-0.023030551,-0.1348391,-0.042989124,-0.17058466,-0.38824797,-0.11293086,0.047829647,-0.051706538
ECG_0188,1,temporal_shift,-0.042637736,-0.1324677,-0.10590768,-0.12906964,-0.11505196,-0.116544746,-0.17533757,-0.16784477,-0.08460548,-0.10590657,-0.081642315,-0.042695552,-0.006832711,-0.016035862,-0.04348672,0.059587356,0.053121928,0.12974638,0.088536486,0.14011018,0.16863227,0.14252631,0.13441084,0.11458543,0.088546306,0.095310226,0.020860698,0.05520969,-0.019407446,-0.0725323,-0.033918235,-0.11005135,-0.1226011,-0.06342596,-0.08682933,-0.09164353,-0.022226812,0.05240406,0.08356983,0.06879319,0.17817576,0.20611605,0.18922903,0.18799806,0.29916307,0.26744413,0.2344432,0.24780321,0.21186094,0.15474616,0.1669531,0.14022745,0.111122005,0.059690963,0.034554645,0.056074355,-0.0452417,-0.05736932,-0.13013944,-0.14050636,-0.14266878,-0.1504279,-0.14797835,-0.14169751,-0.1225407,-0.11278862,-0.08464794,-0.03397996,0.026930023,0.13136934,0.24345893,0.4987122,0.7743285,1.072804,1.3411499,1.525504,1.5066746,1.3374249,1.1297041,0.8187958,0.50909835,0.2801318,0.20034906,0.095367305,0.0074998136,-0.07740617,-0.09045475,-0.15896563,-0.17538933,-0.12269958,-0.07557712,-0.08602101,-0.0730691,0.0051983595,0.004722419,0.037072625,0.08031555,0.1053874,0.119036436,0.27876642,0.24578536,0.29139158,0.34438735,0.3790832,0.38843304,0.37323654,0.35218692,0.3806701,0.34761092,0.31027445,0.32101214,0.2563279,0.2301511,0.121275395,0.19035833,0.12756822,0.11217646,0.05668319,0.032891504,0.045722745,0.027285386,0.058278006,0.069272935,0.0656051,0.11653926,0.11284337,0.13575684,0.14939371,0.13623032,0.16792965,0.19795176,0.13695402,0.19038153,0.1985084,0.16302729,0.05643832,0.05893186,0.06281067,-0.03984761,-0.06158488
ECG_0189,1,attenuated_amplitude,-0.004316922,0.010306928,0.032451387,0.032820027,0.07545045,0.10353265,0.07603382,0.10271525,0.11056479,0.098391496,0.097426586,0.07847143,0.032329638,0.025976595,0.027749538,-0.051066473,-0.06969737,-0.054853734,-0.044635758,-0.071628116,-0.080725335,-0.04639807,-0.015309013,0.0078123645,0.0208968,0.026746066,0.05807508,0.10798198,0.12162546,0.13140976,0.16455176,0.16375887,0.17240386,0.20141965,0.14633748,0.12782526,0.111888364,0.108513586,0.106698565,0.10880822,0.10226773,0.074828774,-0.014660503,-0.038441338,-0.053757235,-0.0765597,-0.099041626,-0.10501649,-0.071130686,-0.08575085,-0.09809751,-0.064326175,-0.07712129,-0.05370808,-0.010171333,0.0145993475,0.05638123,0.18750975,0.34191152,0.51100284,0.7097502,0.9033204,1.0162168,1.0400954,0.8897557,0.7536897,0.52934086,0.3678787,0.18182582,0.08608596,0.066828,-0.02801437,-0.06419428,-0.0378146,-0.04181934,-0.09622265,-0.053608555,-0.08391658,-0.039798956,-0.08106314,-0.034058228,0.0010470169,0.041342556,0.07606488,0.11552703,0.088561185,0.10615823,0.17821191,0.19593725,0.24451564,0.24018294,0.25178277,0.2788052,0.24236688,0.20238051,0.22101344,0.22250634,0.14638963,0.15817574,0.16551124,0.1290905,0.1041821,0.06662821,0.06511262,0.050767712,0.011189575,0.018493794,0.050110336,0.05094126,0.06285637,0.097422,0.06188385,0.051262274,0.094989546,0.08539501,0.0804802,0.058192592,0.13641235,0.13914432,0.11297103,0.09218264,0.0788827,0.074230485,0.026252402,0.022066675,0.019380191,-0.021632867,-0.039147116,-0.08458359,-0.068463884,-0.11213942,-0.107541844,-0.084567174,-0.10430871,-0.086284705,-0.07692923,-0.06803793,-0.0603746,-0.037125275,-0.024971934
ECG_0190,1,high_noise,0.31191838,0.070020005,0.08071892,0.05973627,0.46836972,0.14964087,0.05041024,0.1162436,0.27746862,0.035682462,0.039850447,-0.22135127,-0.06749139,-0.35329145,0.20269144,-0.05866137,-0.2050725,0.03533302,0.17431897,-0.1810349,-0.34949428,-0.10602792,-0.0013985266,-0.18013577,-0.048696253,0.15292425,-0.17328684,0.214788,0.3367179,0.3927141,0.21885434,0.41242948,0.12383072,0.1584929,0.24381404,0.24676122,0.41911924,0.28773218,-0.027045127,0.011560118,0.18991803,0.28866473,0.13766335,-0.235527,-0.17945229,-0.22546887,0.053167716,-0.21743421,-0.046525802,-0.24703963,-0.08339976,0.12287613,0.02862673,-0.14658335,0.056565594,0.20983458,0.4900902,0.11062573,0.57357115,0.7130487,1.1873761,1.3529098,1.6163644,1.6567689,1.3876952,1.4018869,0.5815885,0.5520144,0.43774635,0.1488127,0.0044281976,0.12023725,-0.030935904,-0.45463645,0.03209775,-0.11879987,-0.20717973,-0.0945922,0.04641758,-0.42359617,0.14403793,0.11502884,0.18995659,-0.06398411,0.026697848,0.108068354,0.08920815,0.20723447,0.3403841,0.42875344,0.40914488,0.49942973,0.37284106,0.31888402,0.425641,0.08578379,0.2657387,0.27468753,0.10114516,0.12474487,0.18333857,-0.17062725,0.3764237,-0.07921396,-0.34444013,0.20908439,-0.18673928,-0.28628537,-0.037642393,0.06949985,-0.16672966,-0.060033657,0.164229,0.35268724,0.16087945,0.5015559,0.06657269,0.24277397,-0.036212754,0.4216195,0.3713032,0.053910863,0.05675585,0.01920784,-0.021603283,-0.2096522,-0.33175188,0.061597303,-0.13346276,-0.2159167,-0.15436453,0.17030478,-0.21930873,-0.40116978,-0.3988852,-0.15932296,-0.34855607,-0.19258237,-0.21507126,0.23427415
ECG_0191,1,high_noise,0.10577253,0.2859335,-0.04470787,-0.08355928,0.1982323,0.5590945,0.23488364,0.22921374,0.38953122,0.35512188,0.2819572,-0.028400706,0.2576065,-0.13240065,0.24652725,-0.042482782,-0.1758983,-0.29785603,-0.24243571,-0.0012499796,-0.080500305,-0.292525,-0.30972844,0.0064452332,-0.4282015,0.007718602,0.09227788,0.46988904,-0.15614425,-0.12258953,0.24637316,-0.040519852,0.19169824,0.18969077,0.46985424,0.24921975,0.18471359,0.049075875,0.19092505,0.11664046,0.18039256,0.008798858,0.21016224,-0.19691996,-0.07258133,-0.32297543,0.08485158,-0.34252998,-0.1496627,-0.24960828,-0.26476508,-0.1830413,-0.1905969,-0.0077759125,-0.09506593,0.0035200869,0.25335595,0.13723594,0.42856804,0.87479097,1.0824232,1.2048272,1.7207828,1.4325159,1.5545384,1.1569344,0.86206686,0.46941987,0.18242207,0.06474866,0.29890618,-0.013416055,-0.08959426,-0.14584744,0.18510985,-0.14554971,-0.26064083,-0.024523295,-0.05656316,0.027896233,-0.013816303,-0.11196039,-0.2477258,0.44211885,0.3041017,0.14169098,0.3272303,0.28424853,0.28942683,0.41530424,0.37930453,0.47866058,0.37472796,0.46236917,0.2303963,0.52094984,0.7746755,0.33974707,0.22518528,0.07212325,0.15880577,0.09843028,-0.03466039,-0.024437178,-0.053443857,0.093568385,0.028433327,-0.009314042,0.007027854,0.17687784,0.18743071,0.098803565,0.14264223,-0.092056364,-0.012000634,0.087702736,0.027995354,0.027857462,0.33617625,0.16771461,0.3377978,0.030188315,-0.15346873,0.043578297,0.0608909,-0.071487725,-0.10040796,0.06940859,-0.26260567,-0.092163675,-0.2556544,-0.049611606,-0.21886352,0.26605678,-0.48471332,-0.24662445,-0.32712474,-0.025408339,0.20648505,0.23822595
ECG_0192,1,high_noise,0.06760329,0.1059172,0.066927016,0.43696612,0.0136450855,0.2350255,0.47337767,0.17689598,0.14676195,0.12874773,-0.08834647,0.10183167,-0.2112491,0.046900325,-0.23610438,-0.15649115,-0.012924211,0.09653633,0.23265663,-0.31102568,-0.3973258,-0.35922536,-0.14360803,-0.044266034,-0.006778029,-0.16438594,-0.070963465,0.08564688,0.0067034275,0.1563413,0.15107505,0.52157867,0.30788916,0.12916547,0.28067958,0.32067516,0.21176834,-0.08101713,0.1135356,-0.13782565,0.13402449,-0.17336969,-0.13268572,-0.0074061183,-0.09652104,-0.1041015,-0.071386695,-0.20218866,-0.15601285,-0.08017629,-0.29498658,-0.2815659,0.060779445,-0.19275273,0.29074052,-0.024521371,0.14987727,0.36295328,0.6529355,0.6431386,0.64605385,1.5203173,1.4783639,1.4708697,1.4941803,1.242591,0.67815053,0.6096597,0.39108765,-0.25107825,0.19854696,0.03742552,-0.0051961434,-0.038454916,-0.14536934,-0.16032088,0.09672543,-0.2754704,-0.13799039,0.010631045,-0.22784783,0.014942027,0.29886258,0.07288141,0.14513502,-0.02276774,0.25191322,0.27633792,-0.13437474,0.5038283,0.48071614,0.40205377,0.36220747,0.2396579,0.30867472,0.045386434,0.43326157,0.27199516,0.4303134,0.21384169,0.15091823,-0.1212898,0.18250608,0.1902546,-0.012284981,0.26671764,0.08638819,0.08918626,0.2464932,0.47572872,0.0014410563,0.084960245,0.2783762,0.027620254,0.17160863,0.25345778,0.21816154,0.38086605,-0.09203403,0.042792078,0.28524905,0.15787546,-0.0526475,0.39794782,-0.15181604,0.10798486,0.094630145,-0.08923017,-0.3248331,-0.10652179,0.08337124,0.020511067,-0.029657155,-0.3504526,0.030275935,-0.11406356,0.042042576,-0.19648424,-0.36134607,0.09388257
ECG_0193,1,temporal_shift,-0.10295434,-0.10347335,-0.10588892,-0.10384788,-0.10597581,-0.17193867,-0.12215485,-0.13544393,-0.14609247,-0.026287917,-0.06134734,0.03187494,-0.03497368,0.036877975,0.0003988857,0.10241462,0.06469841,0.14415164,0.15912443,0.17087404,0.11665794,0.16160204,0.1854581,0.08459646,0.033299953,0.020565044,0.0226546,0.0027228175,-0.0290097,-0.09873841,-0.1405521,-0.10907452,-0.057416037,-0.08348877,-0.014968323,-0.060136504,0.012008906,0.0811268,0.14830409,0.12531532,0.17692715,0.21519344,0.21499965,0.25967476,0.2487995,0.31155336,0.21111435,0.21576452,0.2151529,0.15312524,0.088093236,0.13624182,0.036191933,0.03673509,-0.02734756,0.0039712563,-0.062950894,-0.04250823,-0.092936695,-0.16742134,-0.10894607,-0.20006597,-0.1338369,-0.10044405,-0.07622616,-0.08076398,-0.078949176,-0.0008303792,0.15320995,0.2719129,0.5024949,0.7537656,1.055324,1.3003522,1.5113784,1.5297186,1.3790503,1.1291344,0.7784517,0.5872914,0.32029498,0.20831679,0.025203304,-0.007274429,-0.041805208,-0.06777717,-0.110324115,-0.09739611,-0.17430186,-0.09246317,-0.071292296,-0.07362551,-0.07997882,0.080480635,0.035353947,0.07404911,0.12637831,0.17823242,0.220975,0.2923799,0.4040513,0.3532923,0.32286784,0.40955648,0.43616718,0.4087238,0.32693535,0.3534334,0.31389758,0.2554374,0.2314596,0.25215405,0.17282084,0.11705052,0.13436519,0.08659525,0.101791814,0.072842054,0.044038665,0.046010368,0.00020919368,0.013949208,0.06110203,0.07384048,0.1127379,0.13928086,0.16524985,0.1805929,0.20117545,0.1704589,0.13850465,0.19351733,0.15519081,0.17300369,0.16085425,0.025502933,0.088821396,0.05786989,-0.05226469,-0.106052786
ECG_0194,1,high_noise,-0.14421317,0.21640138,0.096601434,0.18059938,-0.0885934,0.21819559,0.06346303,0.015461316,0.2111756,0.038161274,0.36090702,-0.1192185,-0.23491266,0.022455752,-0.2691717,-0.07466677,-0.1897111,-0.17337216,-0.1488366,-0.26693472,0.20377854,-0.18745099,-0.40438744,0.114795774,0.12240234,0.25916272,0.2854539,-0.068018995,0.03455077,0.102010205,0.106420286,0.12868561,0.43706906,0.5772664,0.03231879,0.3810891,0.35741773,0.5888067,0.19980906,0.05150588,-0.1364837,-0.15685141,-0.032393184,-0.15593286,-0.0032622823,-0.035878357,0.2346374,-0.33635792,-0.0886857,-0.34773317,-0.18407378,-0.21542872,-0.040449608,-0.07678247,-0.2533036,0.059386373,0.15655836,0.22860649,0.5227376,0.6914002,0.70007604,1.3679389,1.6411184,1.6890633,1.507276,1.0967971,0.88672495,0.14774217,0.2669094,0.21908331,-0.04476334,-0.07045947,-0.026744038,0.018894171,0.11321047,-0.22206555,0.14814585,-0.34115005,-0.15087606,-0.28453755,-0.12753633,0.17832384,-0.15075411,0.0014445712,0.19223881,0.53676397,0.38422737,0.37235558,0.32993814,0.55567825,0.42956826,0.19984265,0.3968891,0.5401466,0.2586419,0.0827193,0.42070797,0.0440902,0.2573771,0.25736612,0.2501895,-0.17235857,0.40872374,0.08564038,0.14149696,-0.01978652,-0.0053744735,0.048367828,0.009291493,0.22349729,0.07189133,0.2043996,-0.052709162,0.0570986,0.29968736,0.14567962,0.2540477,-0.0034602007,0.49443793,-0.005296789,-0.065204926,0.026548035,-0.107370086,0.09898396,-0.14683561,0.14487578,-0.14786546,0.060813878,-0.0042477082,0.018587688,0.085249946,-0.53122705,-0.02962522,-0.1335226,-0.35743025,-0.20289868,0.027291501,-0.18382773,-0.06889705,0.087081276
ECG_0195,1,temporal_shift,-0.03618577,-0.053703424,-0.061627142,-0.120818086,-0.14239866,-0.220025,-0.07745822,-0.14965548,-0.13432062,-0.07899741,-0.11494164,-0.012806707,-0.0022505466,0.029855633,-0.005993746,0.07255184,0.06289031,0.100804836,0.10286518,0.12120169,0.11647475,0.18134458,0.15214166,0.17884386,0.10722431,0.10326388,0.04982416,-0.008967912,0.0287678,-0.0119721135,-0.062221922,-0.12271461,-0.08815458,-0.094611384,-0.08674143,-0.06624144,0.015273916,0.001891864,0.020171478,0.06661842,0.13147764,0.112257,0.21930619,0.2401337,0.22711544,0.27151647,0.2120246,0.23097001,0.23255692,0.2643338,0.19794214,0.19275628,0.15267089,0.14934808,0.061360385,0.011626111,0.011117208,-0.07619548,-0.09584964,-0.12582952,-0.13862967,-0.16938743,-0.1830229,-0.13489087,-0.17818151,-0.096777566,-0.06919068,-0.10986329,-0.003318964,0.0111959595,0.14463086,0.3122504,0.48692915,0.760388,1.1283698,1.3929439,1.4875553,1.5585345,1.3679998,1.121885,0.8018807,0.53375965,0.3460621,0.1521221,0.018583149,-0.036143113,-0.05606279,-0.07568241,-0.10712775,-0.09696141,-0.13258873,-0.10528308,-0.1051374,-0.10449595,-0.061389405,0.007926922,0.05200181,0.1365923,0.13147515,0.17717625,0.23096578,0.32202,0.34071326,0.32847172,0.33378014,0.28179252,0.35915563,0.365807,0.38933474,0.34082156,0.31165278,0.30915305,0.22903012,0.20060085,0.19321346,0.16335851,0.1111354,0.091495946,0.045530044,0.06713019,0.06424975,0.08554514,0.045588408,0.086532034,0.061527386,0.103493795,0.13040088,0.07470039,0.16777426,0.20954672,0.19321917,0.23345579,0.13680911,0.19606607,0.13903694,0.081964575,0.10512983,0.08783771,0.042770177,0.06508497
ECG_0196,1,high_noise,-0.10351598,-0.05987987,-0.2238977,0.21062243,0.18939094,0.09463522,-0.00014378794,0.22246782,0.17631695,0.37430364,-0.22062106,-0.009780886,-0.10154896,-0.04324368,0.010703841,-0.0553802,0.071870536,-0.13627182,0.05733362,0.18011224,-0.2059916,0.2196678,0.09265668,0.18834883,-0.047824766,-0.104922816,0.24137072,0.009136864,0.00088340725,0.14571622,0.18509418,0.32028425,0.39106017,0.1639413,0.57699645,0.060289383,0.23766866,0.17710564,0.0075340495,-0.19753267,-0.13890408,0.2807634,-0.12443778,0.3299111,-0.42110196,-0.23951055,0.11483439,-0.15343599,-0.415693,0.035043098,-0.22287315,-0.2193425,-0.14580867,-0.3988045,-0.21273385,0.15340646,0.22118337,0.26246634,0.4071437,0.7248938,1.2004808,1.2764645,1.6748667,1.6670611,1.1908698,1.1411167,0.9513638,0.64506,0.42773753,-0.038018968,-0.03775594,-0.22025137,0.1801456,0.048949964,0.036776476,0.06603225,-0.24869227,-0.15784568,0.051400505,-0.1930903,-0.1029966,-0.15849707,-0.09739122,0.18405247,-0.11550859,0.2147681,0.14323045,0.321954,0.15068299,0.5459079,0.41134924,0.4124249,0.37983277,0.4041518,0.27232456,0.63721824,0.078924485,0.13035375,0.12875654,0.41850585,0.036187686,0.42900178,0.4859873,-0.07855966,0.065376036,0.09247162,0.03910584,0.16813831,0.1664698,0.18283378,0.066055946,0.15045814,0.26361078,0.04006186,0.07344851,0.30836713,-0.0654452,0.36887872,0.25533786,-0.12691215,0.11171117,-0.07488255,0.13644707,-0.110484146,0.11893492,0.15373476,0.064184144,-0.14741184,-0.11222367,-0.15477963,-0.068805724,0.1003892,-0.051208377,-0.55471396,0.07784128,-0.24101047,-0.037814263,-0.17810771,-0.17047028,-0.041476328
ECG_0197,1,localized_spike,0.009860046,0.025229465,0.033736262,0.06622408,0.079957865,0.12280071,0.14269504,0.15190859,0.13290147,0.13148385,0.12755886,0.026776463,0.05102013,-0.01665519,0.009081736,-0.011000605,-0.07079985,-0.04961802,-0.14619716,-0.07446685,-0.07251034,-0.05750915,-0.065368876,0.0029837298,0.04128769,0.063079625,0.16246451,0.14618859,0.19458646,0.20496236,0.26458272,0.2587616,0.25380784,0.2864763,0.23957342,0.21435015,0.18173605,0.21878251,0.15062742,0.1490818,0.11726166,0.03735006,0.00013520976,-0.045827217,-0.07476395,-0.094991624,-0.15977214,-0.07469802,-0.16497245,-0.17867202,-0.122938864,1.3153338,1.3231415,1.3304393,-0.04320846,0.046886355,0.119987324,0.2574962,0.4981512,0.759997,1.0792569,1.3644259,1.5132132,1.4959623,1.3934773,1.1339508,0.82526517,0.5367466,0.2855372,0.18312107,0.00068672706,-0.010271134,-0.14603916,-0.05872413,-0.09368596,-0.13306685,-0.13037455,-0.06859827,-0.12855765,-0.063976616,-0.052167483,-0.04812489,0.07953668,0.027937481,0.18780231,0.19961467,0.21276951,0.276668,0.3200084,0.31363693,0.38574168,0.39007902,0.3721318,0.4220977,0.33775404,0.3431854,0.33392757,0.31028697,0.28086323,0.21483642,0.20484811,0.10826346,0.070827,0.11177602,0.056163054,0.089948274,0.026657969,0.028259939,0.0765938,0.0809908,0.07554818,0.08092758,0.111863956,0.1355938,0.1543424,0.20339973,0.20012744,0.13279618,0.13723856,0.12861916,0.1322429,0.17635268,0.13004898,0.11010139,0.034722637,-0.010055844,-0.06993705,-0.0712639,-0.12573469,-0.13499548,-0.11239543,-0.17579961,-0.14413059,-0.20473269,-0.19076288,-0.15921876,-0.105916,-0.10089692,-0.039221983,0.011144404
ECG_0198,1,attenuated_amplitude,-0.033521447,0.03149849,-0.008198309,0.032232877,0.06942433,0.06518695,0.056139186,0.06544724,0.055303883,0.054459043,0.022043578,0.044423316,0.004329199,0.0034005363,-0.0049353745,0.0040643997,-0.023119802,-0.019302422,-0.005979562,-0.013248129,-0.029910907,-0.03393966,-0.022208087,-0.0050328686,-0.009678637,0.02760444,0.025769025,0.059488345,0.06471067,0.08742126,0.12462653,0.1031357,0.093046665,0.10433925,0.09951971,0.09944038,0.068183325,0.063579075,0.062235598,0.041302666,0.048893657,0.01821601,-0.006396204,-0.023250077,-0.030467253,-0.032084364,-0.06483999,-0.071330175,-0.05560957,-0.080503635,-0.062059164,-0.050573032,-0.056546595,-0.0077926326,-0.003537306,0.0040841,0.06761271,0.14359948,0.22276147,0.3181844,0.45062947,0.54934514,0.62595445,0.63170755,0.55586,0.463247,0.35631672,0.22205204,0.12443125,0.07544732,0.027164405,-0.024400331,-0.024775855,-0.0194509,-0.057055227,-0.041999105,-0.040348444,-0.055802863,-0.022383511,-0.03988856,0.00011530636,-0.021309828,0.0153359445,0.031943895,0.071524665,0.083919466,0.100475915,0.11358611,0.12930521,0.13198248,0.18236247,0.1588332,0.16074298,0.15040895,0.14804843,0.13843955,0.11550139,0.1275828,0.118157886,0.09916723,0.059757568,0.070064105,0.03346744,0.06031659,0.026244964,0.018311333,0.0026885099,0.015667688,0.030770278,0.01842269,0.025992813,0.04220174,0.042404182,0.047283906,0.049322933,0.056948647,0.08519349,0.06805241,0.073115505,0.06317633,0.05916085,0.067022316,0.033477202,0.046194024,0.017127031,0.014920347,-0.030350745,-0.005475889,-0.044119284,-0.06465684,-0.051691256,-0.04726627,-0.059436895,-0.07661244,-0.06676096,-0.048203748,-0.019521067,-0.024137283,0.00825811,-0.00278081
ECG_0199,1,high_noise,0.16139503,-0.21693671,0.11251174,0.13134725,0.3567086,0.15884897,0.026359115,0.10206429,-0.0062734117,0.27521935,-0.068604134,0.22275731,0.12899709,-0.07926008,-0.22979121,-0.043275204,0.1233461,-0.111463025,0.11081299,-0.040741757,-0.12233319,0.18585889,0.15168037,-0.0033761244,-0.12412187,0.019013273,0.2234945,0.0044869627,0.08281176,0.365348,0.09516892,0.053482123,0.43052578,0.12067673,0.04745635,0.026796453,-0.20215155,0.18733032,0.14463831,0.033149343,-0.026842676,0.01605919,0.010072039,0.15826543,-0.04874708,-0.0044784215,0.20095359,-0.21775003,-0.1692121,0.059391778,-0.25755402,-0.29557186,-0.24388827,-0.14800659,0.24475732,-0.12192717,-0.13374199,0.30043074,0.63680005,0.75240463,1.0802113,1.3451393,1.9311644,1.5470294,1.1648616,1.2193515,0.9056401,0.59953666,0.41442105,-0.0625927,-0.191636,0.34387016,-0.19778475,-0.065631814,-0.08875476,-0.21151653,-0.009486924,-0.16915059,-0.0331284,-0.19486706,-0.37816393,-0.15191033,0.21199286,-0.18196677,0.041649878,0.16665632,0.33330053,0.65314955,0.24066232,0.23302217,0.4619915,0.24952437,0.41234127,0.36793464,0.155642,0.3665553,0.13607131,0.4259849,0.17176156,-0.004160391,0.0788856,0.1986149,-0.04076571,0.050529197,-0.075779624,0.06615801,-0.111622654,0.26294383,0.21870503,-0.029552285,0.079481296,0.168459,0.22026251,0.19834642,0.21756917,0.010357166,0.19288276,0.18122555,-0.03207794,0.3991066,0.029812472,0.11086755,-0.17740914,0.02623588,0.09469513,0.144096,0.054248158,-0.05859325,0.04271416,-0.2282071,0.026724754,-0.05480436,-0.32292667,-0.051106073,0.004068796,-0.19851232,0.052351262,-0.37869704,-0.1200359,0.286546
ECG_0200,1,high_noise,-0.08700378,0.029918153,0.21042381,0.365462,0.21779066,0.21138737,0.26829097,0.315306,-0.23654273,0.12303495,0.0768765,0.23772852,0.27962816,0.45333618,0.010463876,0.07859439,0.05659412,0.12937856,-0.18031795,-0.27731785,-0.1478101,0.011351189,-0.03811324,0.071967565,0.09867083,0.31388772,0.085804045,0.14620678,0.21402934,0.2839775,0.306423,0.05759775,0.5029864,0.42830598,0.11000459,0.25860667,0.06180473,0.3198606,-0.021378277,0.12113397,0.23425613,0.0445658,0.16607302,0.13633338,-0.14289257,-0.0053541805,0.030057488,-0.43151358,-0.012006726,-0.15394615,-0.21620855,-0.066141136,0.13697422,0.15892181,0.117683545,0.18777797,0.23732421,0.20814118,0.51359403,0.5275089,0.89913756,1.3068073,1.3201466,1.5331303,1.257118,0.9530792,0.7798833,0.4394118,0.13886975,0.08651173,0.17016901,-0.18106407,-0.45843062,-0.052061975,-0.06140966,-0.14317594,-0.1275757,-0.14941494,0.013102329,0.34770843,-0.21424273,0.061294526,0.010910074,0.23664032,0.023168685,-0.11645321,-0.041177843,0.47764564,0.6146352,0.17753479,0.7270644,0.42783442,0.544405,0.44431716,0.36783373,0.03365223,0.22776502,0.5380922,0.25137532,0.10713153,0.25864574,0.011364772,0.45503512,-0.083706126,0.27325964,0.0963366,0.061810713,0.07095916,-0.18145572,0.1071121,-0.020943746,0.19406402,0.19485708,0.38426667,0.057310876,0.13331099,0.19114824,0.29121622,0.18258765,-0.092881344,0.3193252,0.09348902,0.11385424,-0.07114167,-0.053854216,0.018202353,-0.24502678,0.22878666,-0.3401255,0.036107484,-0.0008631723,-0.28379428,-0.15121028,-0.2618456,-0.30193377,-0.34302545,-0.21725993,0.014144833,-0.10285269,-0.00028837458
ECG_0201,1,temporal_shift,-0.10489703,-0.13381226,-0.14099683,-0.12940884,-0.097858496,-0.023007251,-0.063941866,0.0012008712,0.029723903,0.023913693,0.12351251,0.09269481,0.08417631,0.16575435,0.16956039,0.21207225,0.15106422,0.12773353,0.09380606,0.06642565,0.069683805,-0.011256596,0.007449504,-0.033374783,-0.0804762,-0.06587405,-0.019305218,-0.056508526,-0.06404614,-0.05021901,-0.059007958,0.0069530653,0.024029119,0.084168665,0.11849618,0.117507756,0.17165208,0.17568392,0.21490926,0.24751055,0.27102327,0.23495153,0.22186486,0.2606691,0.106750585,0.15909697,0.13378328,0.106899954,0.06750812,0.0639855,-0.03454917,-0.034125056,-0.089620605,-0.10056949,-0.14253826,-0.15496455,-0.17369913,-0.17138821,-0.17571218,-0.14224966,-0.13861516,-0.06778529,-0.036142357,0.0417371,0.110662885,0.27838758,0.47329295,0.8153572,1.097701,1.4279574,1.5266943,1.5457879,1.4002827,1.1228727,0.77611476,0.57422453,0.29173893,0.13870049,0.010659065,0.018586721,-0.025337506,-0.10340551,-0.10504932,-0.068681136,-0.14827287,-0.1382622,-0.11970764,-0.04989089,0.011976938,0.0085765775,0.038633533,0.07269261,0.13658552,0.14738141,0.2222418,0.29965556,0.3075077,0.3625852,0.30842802,0.33431476,0.35544902,0.3837682,0.4291088,0.29686007,0.3907536,0.26205936,0.2481972,0.2566945,0.16500637,0.16257067,0.1774705,0.10419598,0.05331573,0.10557886,0.07860342,0.068085656,0.04244832,0.08107672,0.10473263,0.112587124,0.14520854,0.15938829,0.16997433,0.15299483,0.16803089,0.16992098,0.18497942,0.16893944,0.14491434,0.11795452,0.1543142,0.104933776,0.046143085,-0.03971633,-0.0376176,-0.09629013,-0.08343875,-0.109291896,-0.12712236,-0.16079362
ECG_0202,1,temporal_shift,-0.20057732,-0.1518454,-0.12333814,-0.15718207,-0.096649185,-0.07325326,-0.05176166,-0.051107325,0.057445638,0.02075474,0.065342575,0.09192476,0.13042405,0.12874918,0.142431,0.13839413,0.112814054,0.14231299,0.1128982,0.1418288,0.04077268,0.11192674,-0.015142118,0.027041279,-0.059222184,-0.0796767,-0.06833905,-0.075784005,-0.0790775,-0.12716398,-0.05019487,-0.012674076,-0.024103712,0.030716805,0.08834575,0.0738795,0.17726095,0.16440767,0.18250321,0.2299401,0.26538718,0.25185457,0.32356066,0.26509386,0.22026496,0.21207207,0.14336757,0.17042872,0.058332052,0.050911322,-0.0036666081,0.0010559504,-0.019743638,-0.065357424,-0.12866978,-0.095803395,-0.14900836,-0.123018794,-0.16911191,-0.117257245,-0.14473927,-0.12234251,-0.14700453,0.025835166,-0.014316532,0.19046889,0.30118412,0.5180879,0.73741394,1.0562538,1.3660314,1.5078477,1.5075903,1.388785,1.1209213,0.8435395,0.45971984,0.2826026,0.10396929,0.060699694,-0.041961614,-0.08517285,-0.038192946,-0.12999934,-0.12371728,-0.10792585,-0.16001144,-0.05156451,-0.081288494,-0.056072988,0.019996118,0.045988057,0.12545492,0.12976335,0.16026942,0.25320375,0.2503488,0.32930925,0.3045514,0.3510368,0.41165125,0.3781365,0.42016107,0.4022514,0.39131698,0.29836744,0.30539617,0.29650956,0.25360662,0.20772094,0.14421408,0.18205813,0.0810209,0.07984684,0.023345912,0.021600308,0.07743087,0.017062567,0.07532052,0.12870386,0.05060039,0.10079046,0.115437105,0.17144953,0.21754615,0.19694579,0.17743619,0.08596751,0.16107497,0.15021165,0.11294196,0.13520014,0.11275852,0.024871651,-0.03186655,-0.020028785,-0.087163575,-0.09624429,-0.14674376,-0.14270392
ECG_0203,1,attenuated_amplitude,0.008188577,0.009050747,0.028675405,0.04011286,0.06508203,0.050123453,0.055509795,0.0906037,0.06863965,0.044840053,0.02838722,0.05101544,0.03962586,-0.014937641,-0.0057747066,-0.027532158,-0.01799736,-0.008585814,-0.017452972,-0.03241435,-0.032776874,-0.023197757,-0.0061068595,0.014958591,0.009052281,0.02626369,0.0347756,0.10274883,0.11234895,0.10393288,0.12600581,0.13750775,0.15192547,0.12316092,0.13516645,0.10262531,0.0992247,0.07781315,0.06862523,0.06428105,0.039096754,-0.012706886,0.0015921657,-0.053566646,-0.02092942,-0.06701976,-0.066990994,-0.06756505,-0.059773333,-0.05687636,-0.07025318,-0.060054034,-0.042877965,-0.025160538,-0.025198158,0.021709466,0.057723105,0.11981469,0.22843648,0.381617,0.5074368,0.6419421,0.7498358,0.73361266,0.65237236,0.5391016,0.38230205,0.24246863,0.17072976,0.07278013,0.024762899,-0.018446205,-0.036685713,-0.057321217,-0.0292333,-0.037228797,-0.034115657,-0.05188032,-0.065469526,-0.044184137,-0.013260778,0.0068571996,0.018250484,0.056751758,0.059841268,0.08154599,0.12359744,0.12107281,0.16228786,0.16511679,0.15610589,0.17632264,0.18104135,0.1642464,0.16594261,0.15464324,0.15367608,0.1152464,0.13781463,0.10209936,0.116453685,0.073458046,0.042912863,0.04877002,0.0285057,0.019047284,0.03599396,0.023913212,0.02025391,0.023935582,0.051400926,0.043928277,0.069895804,0.0600181,0.070515595,0.09075689,0.0850967,0.10802876,0.11197943,0.065021366,0.06880161,0.06086797,0.07548653,0.033473812,0.027500546,-0.004825427,-0.028743463,-0.047654707,-0.04720454,-0.06774331,-0.044950023,-0.087374374,-0.08710036,-0.074126065,-0.07176423,-0.053597562,-0.0348775,-0.023818983,-0.030768527,0.009077802
ECG_0204,1,temporal_shift,0.10438219,0.09342826,0.09619596,0.04829736,-0.0014022911,0.017081933,-0.03083783,-0.030053983,-0.09308582,-0.118785806,-0.15676169,-0.14093274,-0.12826228,-0.16129602,-0.10444282,-0.13283,-0.12557276,-0.042308696,-0.017046204,0.0036493563,0.014217476,0.082364395,0.102867454,0.1253994,0.14591351,0.11496769,0.15352443,0.15529656,0.09854494,0.1525434,0.15564221,0.0561023,0.037081335,-0.006247261,-0.0654919,-0.05401777,-0.13277599,-0.12288862,-0.08796481,-0.078940496,-0.07785982,-0.014898944,0.012510713,0.01641363,0.066612475,0.11836895,0.20134193,0.21187034,0.14056642,0.21701837,0.20973842,0.18909557,0.27758634,0.21423908,0.21577318,0.19490577,0.12447051,0.10116436,0.10822487,0.06154981,0.07332782,-0.002198246,-0.07293271,-0.074388735,-0.112897746,-0.105630234,-0.11125143,-0.16905548,-0.16529603,-0.0981798,-0.19716485,-0.092691526,-0.034523536,-0.050175514,0.050442386,0.08204275,0.26370922,0.49236745,0.79092366,1.074626,1.3344051,1.4984487,1.5173998,1.3481534,1.1444061,0.8649615,0.4865437,0.36153588,0.12077936,-0.0073684044,-0.010582125,-0.07230522,-0.06343831,-0.1147684,-0.11872878,-0.09558973,-0.089756705,-0.15091169,-0.07836692,-0.050353993,0.012056856,0.042788263,0.07990389,0.14747043,0.118497714,0.18894933,0.20213589,0.32219586,0.35248008,0.38278735,0.37333277,0.39359868,0.34959185,0.32964236,0.3580175,0.3472466,0.2733039,0.26901162,0.26746017,0.14394319,0.15165342,0.17604387,0.13661738,0.052967258,0.05760349,0.047101066,0.08168904,0.074366756,0.07432686,0.08513322,0.10119771,0.10412556,0.13925686,0.14735056,0.17756443,0.14454848,0.20925282,0.18737023,0.1358246,0.19185363
ECG_0205,1,high_noise,0.30102414,0.13496782,0.0029151654,-0.13966812,0.16344924,-0.025446713,0.015894953,0.25055882,0.2048577,-0.34181023,-0.07865058,-0.11809639,0.17504384,-0.1237468,0.4097121,-0.22933581,0.16916774,-0.2259797,-0.18823498,0.17929667,-0.3334729,-0.16988637,0.046281137,0.008926642,-0.1223568,-0.019358113,0.13700743,0.11742345,0.22966671,0.6138978,0.26690298,0.4059342,0.46247092,0.16310236,0.049166895,0.34941182,0.35728854,0.060639586,0.3040382,0.22147037,0.3567856,0.0492833,-0.051855918,-0.11414405,0.07053378,-0.26856405,0.3532764,-0.035610553,0.2520936,0.075179785,-0.12185238,-0.014536618,-0.07165457,-0.20105344,-0.04471783,0.090620466,0.21945265,0.080477595,0.29942754,0.8234076,1.0047058,1.3020275,1.7599745,1.6099908,1.324992,1.0202525,0.84368986,0.5141467,0.128519,0.012834265,0.02606883,0.28287485,0.13256717,0.025009146,-0.09138253,0.19848002,0.18458278,-0.26400122,-0.0071433694,-0.14445263,-0.098191895,-0.118924744,0.008223876,0.3135731,-0.09818259,0.3505992,0.30633023,-0.10486712,0.20777273,0.34386614,0.4754198,0.13375813,0.46625212,0.7161236,0.6232122,0.40152034,0.38670212,0.30138773,0.25090113,0.29471168,0.0480087,0.4592839,0.051469732,0.09649314,0.062034186,-0.1098736,0.18562952,0.17504494,0.13190614,0.14892823,0.0032006102,-0.11106168,0.18627892,0.0048419116,-0.054036714,0.19501363,0.40599826,0.39480323,0.21755601,0.1125359,-0.023984851,0.114354774,0.2440004,0.16206889,-0.06309139,-0.13751289,-0.054849423,-0.109476574,0.04813702,-0.13348846,-0.0135273,-0.050355528,-0.25864643,0.09168512,-0.09606386,-0.042224202,-0.004478877,-0.295656,0.052206814,-0.06743729
ECG_0206,1,high_noise,-0.27849588,-0.081209555,-0.027294215,0.016165765,-0.025471762,0.1487469,-0.026142392,-0.00352245,-0.13801108,-0.06858242,-0.008351225,0.15362187,0.19472691,0.19485669,0.0027431482,0.31269214,0.020438652,-0.27630118,-0.21400605,-0.008512422,-0.172197,-0.17258501,-0.122615956,0.12425401,-0.04621929,-0.018510696,0.37008402,-0.040375028,0.09483819,0.046799093,0.06758053,0.25106996,0.21740988,-0.058690015,0.575769,0.15874103,0.09210706,0.057159383,0.10053552,0.017158184,0.086953744,-0.014987766,0.12468456,0.09667366,0.037299883,-0.11270264,-0.11328704,0.02612639,-0.0064021717,-0.42383096,-0.28262883,-0.13458078,-0.2701586,-0.19518274,0.09192403,0.20034914,0.0024061562,0.058668464,0.7081022,0.8364689,1.1700534,1.1387876,1.6626077,1.4885211,1.3024865,0.99777305,0.6635396,0.21807936,0.20114107,-0.04511211,0.10102826,-0.19058804,-0.22799881,0.0358414,-0.14553444,0.025753064,-0.17715237,-0.22703268,-0.17527235,0.09201161,-0.2105825,0.085341044,-0.20848826,-0.19286665,0.005119815,0.21777174,0.42632568,0.32064068,0.4654008,0.32439297,0.8671338,0.20019567,0.4197693,0.15512186,0.14442165,0.31365034,0.68760806,0.1536775,0.27651665,0.09421089,0.0420215,0.03345111,0.17334989,0.17865375,-0.14334418,0.29196393,0.3007252,0.3056823,-0.21961217,-0.049895532,0.36970446,0.3895201,0.45852944,-0.06089393,0.28835377,0.0503138,0.1407068,0.28335556,0.075991064,0.23852837,0.10689957,0.4127853,0.05119471,0.21339677,0.24238133,-0.14850079,-0.05438419,0.022297997,-0.2542607,-0.11570065,-0.06890191,-0.01929945,0.16905491,-0.083905816,-0.14580227,-0.3834971,-0.07952843,-0.06329905,-0.11900816,0.14085916
ECG_0207,1,temporal_shift,0.09408092,0.068617605,0.036201578,0.0910384,-0.031756103,-0.050110273,-0.10243247,-0.1123777,-0.13447782,-0.17231926,-0.15269144,-0.11469433,-0.13692431,-0.13995881,-0.096328825,-0.0551219,-0.07048117,0.0113182785,0.0061230883,0.001621211,0.046251412,0.047436617,0.11150271,0.16365165,0.13784392,0.16329384,0.11584854,0.13780215,0.09989397,0.091397256,0.06593522,0.009760398,0.025262412,0.013899012,-0.10270763,-0.057284478,-0.023194125,-0.09189719,-0.040023554,-0.11311878,0.046494152,0.027641807,0.03296587,0.07434337,0.12035231,0.08570074,0.196624,0.20560716,0.2024548,0.20777085,0.24178918,0.2685437,0.26794028,0.24892002,0.22751048,0.1364298,0.12906274,0.11625155,0.06203879,0.0063829343,-0.04600747,-0.10398324,-0.077584326,-0.021989476,-0.099265836,-0.11872741,-0.12087166,-0.1645302,-0.12359272,-0.13403627,-0.14060737,-0.09563762,-0.017472088,0.04077484,0.086047105,0.31508335,0.47277242,0.7670527,1.0517159,1.3937386,1.5361781,1.5300803,1.3887239,1.1071676,0.7804603,0.5683885,0.33374217,0.20212194,0.025843732,-0.0031826682,-0.11592524,-0.06408178,-0.12936567,-0.103692465,-0.10733374,-0.09139654,-0.105945766,-0.10659557,-0.029336642,0.012634188,0.087666854,0.11455029,0.16474871,0.13450208,0.19604918,0.28793052,0.3181866,0.33453935,0.3648404,0.37085402,0.39024395,0.33949488,0.39334777,0.32440662,0.3211767,0.29799882,0.25508153,0.1896998,0.11964423,0.20191495,0.11923214,0.06822482,0.040382095,0.06594062,0.095576994,0.07839025,-0.003131433,0.07789496,0.1283694,0.079962894,0.11790223,0.14875796,0.08352976,0.18638337,0.16687492,0.16296856,0.13667561,0.16452771,0.13591559,0.14770778
ECG_0208,1,localized_spike,-0.014602732,0.09335621,0.052370563,0.12086643,0.10486918,0.13281378,0.12856999,0.16928634,0.20121373,0.15284143,1.2451174,1.3163085,1.2399884,0.0058358354,0.032870762,-0.028935904,-0.09701434,-0.06668169,-0.1058905,-0.10436151,-0.023715595,-0.07298807,-0.07005799,-0.04629584,0.021309773,0.045151494,0.07160699,0.15590234,0.2103027,0.18588457,0.23031448,0.23379572,0.2719205,0.29478285,0.28779384,0.22042762,0.21989134,0.19912452,0.14327358,0.093152456,0.03610315,0.025731059,-0.03208131,-0.06373154,0.006976715,-0.09957338,-0.122001775,-0.12480597,-0.15303238,-0.16914445,-0.04901142,-0.16826963,-0.1502722,-0.074226715,-0.09090187,-0.00313841,0.11367765,0.21641612,0.5151146,0.7301507,1.0987425,1.413202,1.5149263,1.5387173,1.3793062,1.1122063,0.7953043,0.53100884,0.29293117,0.109054625,0.06765595,-0.030852465,-0.089587875,-0.041076176,-0.21542703,-0.15441272,-0.09320321,-0.076479234,-0.11808007,-0.026584623,-0.0562237,-0.019812958,0.067661256,0.04368465,0.14567819,0.1773378,0.2389721,0.2884973,0.30383903,0.30686483,0.3931292,0.40352446,0.3850436,0.37940568,0.3508759,0.33634552,0.33261424,0.29430118,0.2733592,0.23307317,0.14887966,0.16878757,0.12183653,0.12103511,-0.0017885037,0.028344573,0.055698983,0.102449186,0.02299151,0.117988214,0.119216435,0.09234877,0.11485788,0.104914084,0.14180893,0.14928299,0.18706553,0.16732323,0.14130887,0.16813688,0.1538646,0.13975419,0.14453956,0.11670734,0.061634574,-0.0063039926,0.0065882094,-0.06285591,-0.13069758,-0.09808417,-0.15135512,-0.10955672,-0.1831615,-0.12765679,-0.12085057,-0.13402501,-0.061887488,-0.081451766,-0.048140563,-0.012616509
ECG_0209,1,temporal_shift,0.005176386,0.013030198,-0.06365427,-0.108184025,-0.1534496,-0.14446415,-0.16023766,-0.124493934,-0.1360102,-0.16645923,-0.12084999,-0.1100468,-0.019442163,-0.045226082,0.0033516486,-0.0006055885,0.0042581665,0.084905475,0.09903158,0.15700501,0.15079778,0.10376809,0.16370718,0.14646259,0.14898865,0.09875663,0.097186595,0.038146026,0.0052941227,0.020042194,0.041126862,-0.014048616,-0.12082621,-0.028184671,-0.07551025,-0.08433306,-0.09429611,0.01864861,-0.068020396,0.02608683,0.070674285,0.14965929,0.13349864,0.22555396,0.30865473,0.28941607,0.2651476,0.23271899,0.25138396,0.23568422,0.22872889,0.21490265,0.196107,0.12942563,0.15880921,0.054499894,0.06112915,-0.010090031,-0.040521815,-0.07402882,-0.11556467,-0.15168706,-0.15077704,-0.16934277,-0.14887443,-0.12665297,-0.13540651,-0.08716649,-0.078760475,-0.08591353,0.00052583753,0.14311372,0.26135454,0.5049093,0.7280909,1.0964646,1.3784741,1.5100299,1.5096308,1.4024737,1.1217688,0.75441873,0.53179854,0.3058018,0.14317936,0.05318882,0.016428746,-0.04992788,-0.04654271,-0.09534366,-0.109264985,-0.10789745,-0.18817231,-0.07871115,-0.05019793,-0.052875906,0.01776358,0.049269225,0.06057529,0.08102192,0.16775846,0.16795048,0.27432728,0.28923815,0.33161443,0.3484943,0.3192705,0.41607332,0.42262885,0.34723723,0.32233906,0.28679773,0.30766636,0.23104592,0.21619761,0.19299746,0.18144585,0.1075175,0.08497073,0.09427129,0.07563398,0.06698473,0.047311913,0.029528398,0.09259923,0.109432206,0.08953138,0.13913466,0.08378558,0.20330636,0.16259204,0.16709286,0.15329403,0.14061207,0.23436758,0.21868792,0.16219378,0.124486625,0.10441288,0.022902273
ECG_0210,1,temporal_shift,-0.1473669,-0.138815,-0.16363539,-0.18788332,-0.15259175,-0.11515386,-0.16784011,-0.14234625,-0.09685485,-0.011402176,-0.03271009,0.044571016,0.048777495,0.054873213,0.073112905,0.09036635,0.10130363,0.119149946,0.17722729,0.19343214,0.083830625,0.1690438,0.07020475,0.1126945,0.075208165,0.043947514,-0.02855585,-0.016650947,-0.082005024,-0.04729276,-0.07443023,-0.101216964,-0.0931942,-0.068363264,-0.06290024,0.0020291114,0.029566951,0.052271094,0.086624295,0.14572726,0.15545008,0.20822026,0.22608787,0.22182487,0.301948,0.27004242,0.23472248,0.25414342,0.20839794,0.18250683,0.11460771,0.13051808,0.029685639,0.046149336,-0.042952735,-0.011169446,-0.046926726,-0.07492928,-0.13074894,-0.18605393,-0.18429244,-0.13886338,-0.08929278,-0.15116334,-0.09893908,-0.13737813,-0.048677783,0.07363688,0.13553639,0.28734314,0.51676214,0.8012964,1.1146926,1.3742268,1.5678512,1.5246869,1.3756149,1.1241162,0.8711285,0.51784116,0.3077559,0.120564304,0.04677212,-0.008266115,-0.090951726,-0.041776486,-0.06900261,-0.13328338,-0.11247155,-0.14165038,-0.08163294,-0.048223965,-0.0015368244,0.023095174,0.058717586,0.06764482,0.16680923,0.15300259,0.21387883,0.31374082,0.33116737,0.33891234,0.4019315,0.39171544,0.4222467,0.34922335,0.37371844,0.31135195,0.32729766,0.30561027,0.27438742,0.26325896,0.1110114,0.16206001,0.06762135,0.11729524,0.062431835,0.048338685,0.01860193,0.057354234,0.032556802,0.0817488,0.098150484,0.13304439,0.04334735,0.08549341,0.13313924,0.1691537,0.21008994,0.2375904,0.13945903,0.15172483,0.15746762,0.12449403,0.11965829,0.039751045,0.02852101,0.039585482,-0.002591412,-0.007346014
ECG_0211,1,localized_spike,-0.010898211,0.06968953,0.079494655,0.08397263,0.077029645,0.16161272,0.17185865,0.13818261,0.09668658,0.09927591,0.11746954,0.07107452,0.046132013,0.035499908,-0.029444857,-0.04016524,-0.08575458,-0.07846643,-0.060731288,-0.14486907,-0.079476126,-0.0753889,-0.038874075,-0.0070220167,-0.01375727,0.036804505,0.1258537,0.20445192,0.19512287,0.1687707,0.288525,0.2836928,0.2660051,0.27277064,0.26837456,0.23780811,0.2583692,0.19974421,0.18656388,0.11088818,0.03566308,0.011788703,-0.037384164,-0.02542059,-0.11111034,-0.10867886,-0.1082611,-0.14652528,-0.07610499,-0.15279934,-0.11859743,-0.18996418,-0.0960943,-0.014651555,-0.025814306,0.07437879,0.109810464,0.30710584,0.49830735,0.78660107,1.1233978,1.3529357,1.5692102,1.4984761,1.3824664,1.091854,0.7374045,0.5070319,0.2551426,0.16393365,0.03025384,-0.045574334,-0.022208106,-0.07958014,-0.04614608,-0.12968129,-0.13405977,-0.124863185,-0.09335803,-0.011790666,0.0028052388,0.0068368977,0.06555644,0.036161374,0.10989521,0.18120424,0.22477297,0.3117705,0.33437735,0.3373694,0.36301434,0.37609082,0.42635864,0.35666558,0.36005583,0.40184268,0.29010844,0.31631994,0.27906805,0.23668149,0.1791216,0.19592625,0.10227903,0.1613337,0.039201826,0.09222435,0.060621943,-0.037403256,0.102578364,0.058042433,0.054317713,0.09804318,0.13031828,0.12490621,0.15305848,0.14217126,0.16293348,0.2024789,0.22782192,0.1678049,0.11791155,0.110349335,1.2751299,1.2610184,1.1501771,0.049427375,-0.03937219,-0.053453643,-0.05221145,-0.080873795,-0.11452407,-0.16587815,-0.1428729,-0.18213113,-0.13239124,-0.13925001,-0.12919834,-0.075257294,-0.036901474,0.017832262
ECG_0212,1,attenuated_amplitude,-0.017140059,-0.00015326757,0.022166964,0.048671216,0.02290089,0.04128641,0.07657115,0.08052662,0.0674264,0.040931784,0.058326006,0.037987173,0.025605034,0.023530707,0.01833835,-0.01155353,-0.027687179,-0.018829726,-0.035598252,-0.034130003,-0.032962997,-0.012925883,0.0066872537,0.0077014356,0.023978064,0.029483035,0.0401686,0.062255062,0.11160493,0.09468901,0.109854504,0.0968622,0.087747045,0.11007185,0.10478848,0.09165682,0.08572141,0.0786569,0.094941065,0.031037802,0.017015059,0.014769178,-0.021884618,-0.043957643,-0.023643877,-0.03578905,-0.039977904,-0.038172737,-0.051925264,-0.04427301,-0.0507339,-0.042995356,-0.056911018,-0.004713825,-0.009912674,0.0013932472,0.05902959,0.12135097,0.23324886,0.35531938,0.47753784,0.60629576,0.6680529,0.6596538,0.6158922,0.49882865,0.3508489,0.21148703,0.1374485,0.060905546,0.028858017,-0.008883768,-0.036209617,-0.055900212,-0.04269867,-0.019814258,-0.06628117,-0.03893877,-0.07640935,-0.03969045,-0.037948232,-0.019403433,0.02953161,0.043869853,0.06427527,0.06933941,0.110841386,0.100808606,0.12255773,0.15812598,0.16376515,0.17448086,0.16208212,0.16864112,0.16420409,0.17137147,0.12611522,0.15474176,0.1011202,0.08312265,0.07174725,0.065641,0.04438591,0.030535622,0.032762177,0.028992103,0.022944203,0.009582923,0.013138209,0.043202907,0.03922349,0.06442201,0.04141974,0.050227497,0.063911915,0.060304593,0.07048872,0.09926873,0.08789991,0.07913352,0.060370114,0.07502975,0.044798814,0.010959069,0.034719773,0.002887619,0.025245415,-0.02980765,-0.029762348,-0.06788001,-0.0542627,-0.052296624,-0.06857176,-0.071843,-0.04668108,-0.055299837,-0.05169768,-0.028333405,-0.018674955,0.009782714
ECG_0213,1,temporal_shift,-0.018973444,-0.07450114,-0.08532662,-0.103734605,-0.12044675,-0.14247878,-0.14210041,-0.1915618,-0.09443464,-0.09854182,-0.088748425,-0.07909293,-0.026736444,-6.506522e-05,0.0074895,0.019013317,0.014542155,0.17106552,0.07552092,0.11690171,0.13412619,0.1362215,0.20208773,0.121707596,0.1059945,0.1071969,0.043630064,0.014756561,-0.0064373314,-0.021650495,-0.09092327,-0.06809424,-0.12694375,-0.10680994,-0.020841215,-0.08683688,-0.020575453,0.02481531,0.017678928,0.040211353,0.11361311,0.10834241,0.22771779,0.22546157,0.20507096,0.19475313,0.27156562,0.27229777,0.22087261,0.22253357,0.20283729,0.1659292,0.09572458,0.07700705,0.08081187,0.04135284,-0.0060070315,-0.035511225,-0.061152447,-0.100108124,-0.11367417,-0.15086752,-0.16986936,-0.18055297,-0.15568446,-0.14712988,-0.06405772,-0.073615715,-0.020275524,0.02902361,0.07852178,0.27057472,0.5102442,0.8019803,1.0669767,1.2979676,1.5487083,1.5166686,1.3688462,1.0995504,0.82314545,0.54837054,0.3305137,0.14063266,0.009560175,-0.07220978,-0.053954218,-0.10231928,-0.099393085,-0.06848264,-0.11860965,-0.06594658,-0.090081066,-0.089855626,-0.034483653,0.02135074,0.01299046,0.0879673,0.104663394,0.2357691,0.20011006,0.21245699,0.22916624,0.30418164,0.3877202,0.34995884,0.37466577,0.39403272,0.31366223,0.3205055,0.30575037,0.3221674,0.25323698,0.25882584,0.15703437,0.17866683,0.10038028,0.143887,0.085469194,0.0553844,-0.0167782,0.071853474,0.0704583,0.046280306,0.10063148,0.097947836,0.07355092,0.105739474,0.140071,0.18894039,0.13797611,0.16540089,0.19681205,0.16662005,0.17054853,0.12884556,0.09416336,0.052007902,0.090362,-0.021538422
ECG_0214,1,high_noise,-0.032151587,-0.0014778279,-0.15350741,0.20251228,0.20184189,0.2581457,-0.06852109,0.42335734,0.34539768,0.35046136,0.11326514,0.22814444,0.049632385,0.36764905,0.07926497,0.087774314,-0.11811959,-0.10607831,-0.059535176,-0.071239896,0.020300223,-0.09090664,-0.2444072,-0.011517442,0.18220924,0.28792095,0.36384183,0.19539306,0.043734957,0.40832734,0.15404403,0.24241461,0.5130043,0.2625827,0.21638678,0.3101496,0.19719277,0.45833823,0.32580656,0.096702315,0.12544233,0.109330766,-0.18846154,0.083940245,0.257265,-0.041378584,0.11823504,-0.36767834,-0.40417284,0.054723725,-0.21514823,-0.15205725,-0.26323983,0.0027659754,-0.20677517,0.10248867,0.21997623,0.2521896,0.38598657,0.93419003,0.9354331,1.4578799,1.4545747,1.5841018,1.2188499,1.2642641,0.76830876,0.55973405,0.42876953,0.24610397,-0.040705647,-0.008225755,-0.06955862,-0.104377344,0.03028763,-0.25758457,-0.13118012,-0.27194822,-0.1774776,-0.26915547,0.17765746,0.034918565,-0.03681432,-0.043349802,-0.074717164,0.12977412,0.45399958,0.32845563,0.3578662,0.38311416,0.18443342,0.06857991,0.23689897,0.41384757,0.39402002,0.28123796,0.30830747,0.16111754,0.24301594,0.15732177,0.11251416,-0.11719877,-0.022349885,-0.082542755,0.025685813,0.0053476444,0.093925655,-0.0125554195,0.06490768,-0.14961383,0.2641422,0.01041363,0.034841906,0.33013245,0.16168013,0.06292758,0.078532115,0.18211985,0.13267682,0.04913109,-0.017125849,0.25024474,0.054456264,-0.04031374,0.1666781,0.13385631,-0.16007762,0.18833733,-0.3344314,-0.054412186,-0.17377885,-0.24344695,-0.15915368,-0.12110854,-0.28467965,-0.19251186,0.12605487,-0.21817383,-0.0013798502,-0.21967262
ECG_0215,1,temporal_shift,0.08689462,-0.020643322,0.022153007,-0.032700058,-0.047438033,-0.16280532,-0.14698012,-0.10330793,-0.13300736,-0.17814422,-0.11965964,-0.13810952,-0.11307385,-0.056873072,-0.016610872,-0.022391226,0.027332025,-0.0067597483,0.061602104,0.06391366,0.067291394,0.18608956,0.14077869,0.09810264,0.15491718,0.1336833,0.11976744,0.112962745,0.08112639,0.034989797,0.031428453,-0.0051010214,-0.02993984,-0.08345338,-0.10574417,-0.12907642,-0.15122257,-0.092124484,-0.045009665,0.038866453,-0.024305157,0.069213495,0.10812888,0.12678649,0.16081333,0.17956455,0.25149766,0.2026866,0.2373361,0.22819111,0.22644645,0.23655036,0.2171171,0.17179988,0.1713558,0.08454546,0.080923654,0.04366367,0.026647786,-0.042129036,-0.1201069,-0.15431875,-0.13984722,-0.110027984,-0.15281127,-0.10870076,-0.13205661,-0.13382979,-0.12992936,-0.10219848,-0.02056833,0.002634604,0.108517185,0.28148195,0.48217633,0.7662015,1.0424398,1.3616248,1.5259237,1.5156331,1.3657066,1.1264384,0.8223323,0.51404214,0.31373522,0.19811921,0.041597158,-0.007107352,-0.03559676,-0.06756039,-0.13301869,-0.14453478,-0.13166617,-0.08516215,-0.082700506,-0.07522599,0.0051788017,-0.02935775,0.0055348044,0.040641204,0.15590096,0.20032929,0.22248141,0.24549699,0.29145738,0.28601292,0.34271327,0.3227737,0.35943723,0.34442705,0.40592778,0.3251735,0.34589136,0.32369137,0.25919294,0.22830425,0.2023472,0.0743982,0.10422996,0.0632586,0.0708691,0.0163155,0.075488724,0.0054863356,0.030353637,0.088331446,0.09859229,0.066912025,0.12770131,0.084305555,0.1478291,0.12373531,0.19055703,0.1746877,0.19262978,0.23392618,0.18314117,0.11378395,0.08573915,0.023878766
ECG_0216,1,high_noise,0.16540794,-0.1792141,-0.18712471,0.20080522,0.103284225,0.2307567,0.07725565,0.26409668,0.18803003,0.15075938,0.26639533,0.22286105,-0.16036098,0.3150524,0.35551992,-0.10171117,-0.19167796,-0.16609237,0.17423293,-0.21896166,-0.36756214,-0.0605765,-0.25010535,-0.12615333,-0.023156187,0.117349274,0.13517705,0.1392083,0.28836927,0.3965021,0.3523344,0.54767567,0.33449775,0.2146834,0.235063,0.3124775,0.3105202,0.34021872,0.055871256,-0.38955802,0.08869987,-0.17293227,0.07181608,-0.101101495,-0.035030555,-0.3803753,-0.19305006,0.116139814,-0.2786223,-0.3827751,0.014733301,-0.13635172,-0.085159436,-0.11816455,0.060903817,-0.06746581,-0.2585154,0.50272423,0.42477858,0.7262856,1.0882034,1.3388447,1.4108502,1.6192926,1.6890327,0.8142117,0.9867534,0.59410626,0.31327078,0.25178218,0.22063687,0.015338287,-0.111189306,-0.41539305,-0.013682298,-0.14519425,-0.121895835,-0.04728972,-0.15552983,-0.27708504,0.0033165494,-0.07018512,-0.06820009,0.10075581,0.4297064,0.16634285,0.138663,0.013106596,0.42876238,0.46383286,0.2890876,0.45550013,0.3692833,0.42637202,0.3030126,0.35584593,0.3953459,0.35719326,0.40151358,0.1440392,0.15951155,0.065764256,0.17782418,0.16170315,0.14366616,0.12521638,0.26804814,0.05349833,-0.10272739,-0.031177817,0.03659233,0.007916744,0.24479443,-0.09347416,-0.21676375,0.09966961,0.39412248,0.4328306,0.42990056,-0.21389192,0.3871956,0.08716385,-0.1328466,0.15653363,-0.15175286,-0.06336378,0.059055753,-0.16911848,-0.025631737,-0.24609207,0.10802426,0.04297452,-0.24619439,-0.22115533,-0.22987293,-0.058374472,-0.20514181,-0.24674726,-0.3002236,-0.058324102
ECG_0217,1,high_noise,-0.16617227,-0.11078181,0.081173584,0.22255407,0.11304398,0.25240013,-0.16496037,0.11532551,0.022055823,-0.02989521,0.026407193,-0.1649121,0.08448849,0.01736715,-0.085534625,-0.008849672,0.20114237,0.16718155,-0.2058343,-0.40007317,0.017808195,-0.074403234,0.07585158,-0.07413298,0.066970594,0.052605823,-0.2500472,-0.06772177,0.17771453,0.36720684,0.2865531,0.25037223,0.20186381,0.1977395,0.28042,0.31276476,0.30552307,0.201279,0.37676758,0.07674759,-0.08583941,0.01539604,-0.19211999,-0.1909545,-0.14556992,-0.17508072,-0.101336114,0.044190645,-0.20412633,-0.29627353,-0.0045556654,-0.19665407,-0.2918941,0.19659035,-0.18152906,0.10657772,0.23872893,0.15673219,0.54504895,0.98376983,1.0304749,1.5575346,1.3542695,1.7935721,0.9858777,1.1291845,0.90132594,0.6826904,0.44251394,0.08391404,-0.009221023,-0.17253041,-0.25888246,-0.33756006,-0.46631646,0.0050890464,0.32635418,-0.15730174,-0.23355448,-0.0986399,0.1831223,0.22717601,0.2414169,0.079909444,0.36558703,-0.0338336,0.30200323,-0.054496523,0.5768115,0.02803306,0.30421713,0.0513544,0.0719008,0.47134534,0.34411523,0.18947798,0.47104374,0.21142745,0.3539082,0.08266529,0.31148836,0.047550425,0.18192881,0.21547471,0.3921422,0.07302271,0.08751361,-0.05379682,0.11620399,-0.027702807,-0.28118744,0.14779513,0.29201463,0.08022948,-0.16362451,0.05651236,-0.06397111,0.25955382,-0.09860521,0.35090885,0.24328364,0.29672182,0.11151569,0.1652894,-0.019850876,-0.22759873,0.10703035,0.035380695,0.23039909,-0.18148823,-0.1772754,-0.31826612,-0.051738515,-0.25893956,0.13204032,-0.25491306,-0.3342093,0.07244979,-0.20252977,-0.07856357
ECG_0218,1,temporal_shift,0.087378785,0.015840791,-0.038839452,-0.058530457,-0.086643286,-0.123446986,-0.11581217,-0.14749181,-0.12622154,-0.19156791,-0.08974345,-0.14707062,-0.12189524,-0.15404277,-0.04931238,-0.018283844,-0.0062832995,0.052593954,0.08757599,0.091024846,0.11815084,0.18735589,0.14314483,0.20047593,0.12634085,0.14164943,0.06312319,0.08041846,0.076306134,0.04633818,-0.017977051,-0.03616104,-0.046651687,-0.04342956,-0.10141659,-0.06925444,-0.077762,-0.12001546,-0.013193458,-0.029109908,0.027411306,0.08848264,0.11690358,0.09152972,0.17040549,0.243003,0.25686795,0.26518235,0.19934429,0.23392746,0.19659881,0.20683698,0.18655872,0.16710028,0.13250251,0.10668448,0.09164744,0.085587166,-0.030927496,-0.033087105,-0.07426964,-0.026922232,-0.117488585,-0.14709876,-0.09746453,-0.16567782,-0.15034033,-0.12244746,-0.12469396,-0.04069092,-0.11089778,0.060789727,0.18088777,0.28930855,0.49550498,0.7703417,1.111175,1.3464882,1.4729432,1.4943832,1.3721948,1.0982049,0.84320486,0.5142793,0.33760458,0.13922012,0.04290166,-0.00751719,-0.1485521,-0.06982688,-0.108692415,-0.1093482,-0.13263813,-0.084557325,-0.05472725,-0.10116404,-0.051681776,0.050445043,0.03435978,0.14608626,0.2058111,0.13739604,0.25080648,0.2032081,0.2929385,0.386082,0.35123435,0.41024792,0.36081892,0.42229468,0.36915353,0.38241497,0.289065,0.30863118,0.19328868,0.14854762,0.1870953,0.15831491,0.13160525,0.078756265,0.06677865,0.031148216,0.053087592,0.01441985,0.086428136,-0.011481629,0.11220651,0.0924361,0.10993551,0.1488317,0.17732945,0.17599395,0.17322873,0.1983296,0.15833089,0.18583122,0.16124259,0.19933432,0.109004445,0.058795124
ECG_0219,1,temporal_shift,-0.08716829,-0.20039487,-0.15255092,-0.17579347,-0.12312545,-0.11244497,-0.13794096,-0.12170811,-0.046826378,-0.0016302068,-0.019987375,-0.05345107,0.050281353,0.054239962,0.105806686,0.15323296,0.14499192,0.14668097,0.14035162,0.19673213,0.14346224,0.07968487,0.1628882,0.063633725,0.058107384,0.006336683,-0.03148894,-0.016270623,-0.09469021,-0.10768939,-0.04604041,-0.079399906,-0.085462995,-0.020304015,-0.0065262085,0.024697416,0.06893885,0.11768436,0.1571678,0.17398284,0.2847569,0.17317382,0.25013158,0.31396806,0.24085002,0.20048079,0.22531183,0.21265958,0.19931524,0.15085405,0.07573435,0.06950098,0.027745424,0.0077168695,-0.05451401,-0.119554944,-0.09240665,-0.11086505,-0.09182506,-0.13019785,-0.14734828,-0.13115846,-0.13327633,-0.09674752,-0.07356453,-0.06252123,0.04334017,0.07847625,0.3011923,0.47372946,0.79766864,1.0570188,1.314874,1.4994406,1.595164,1.3845996,1.1297024,0.8100342,0.51825476,0.26604208,0.15106195,0.050409164,-0.04452917,-0.05932982,-0.062623136,-0.12246732,-0.13189754,-0.14278258,-0.14586934,-0.056468572,-0.040738788,-0.051453903,-0.020250577,0.027185831,0.11241003,0.13356309,0.12110199,0.25221196,0.22186948,0.3482604,0.3268746,0.3650432,0.3246671,0.34643763,0.40493903,0.25813913,0.3744728,0.31312189,0.3609477,0.2304198,0.14081886,0.1591498,0.123770446,0.11863427,0.07350403,0.06090877,0.06507362,0.06409407,0.03720848,0.045440525,0.081808925,0.087400846,0.15340045,0.11772087,0.16118228,0.1426545,0.12854035,0.19615498,0.20820726,0.12986879,0.17180562,0.15824416,0.16219242,0.11815251,0.010190689,0.00022994619,0.011414377,-0.052653927,-0.035078548,-0.08691549
ECG_0220,1,localized_spike,-0.01353382,0.031884156,0.033793144,0.13017474,0.16791925,0.068795316,0.13221657,0.09226233,0.11421666,0.14118883,0.15973923,0.10654995,0.062321912,0.0526569,0.009124626,0.018347105,-0.077002004,-0.08470566,-0.07171241,-0.062628664,-0.13654122,-0.11228762,-0.04386696,-0.0015136969,0.023194432,0.04279974,0.09808771,0.17704341,0.20511994,0.27340114,0.27287555,0.27826905,0.22392236,0.24514088,0.20565282,0.25517303,0.2522592,0.19834219,0.09072744,0.1203151,0.062099434,0.09440191,-0.047873743,-0.052057754,-0.08617678,-0.13175505,-0.17794764,-0.12813596,-0.14649518,-0.1486555,-0.08779289,-0.13422793,-0.018611997,-0.09000081,-0.02609612,0.03349006,0.06150192,0.2513547,0.49475536,0.8139618,1.0839171,1.3753504,1.475362,1.5635469,1.3981254,1.1699864,0.8621459,0.5355591,0.27047205,0.19291735,0.05289737,-0.029011834,-0.097675,-0.026004864,-0.13705653,-0.099597305,-0.07957113,-0.12792769,-0.11430506,-0.06843855,-0.045813043,-0.02700864,0.01112245,0.116809726,0.15361562,0.20989513,0.22408058,0.17957719,0.29531834,0.35071415,0.3624959,0.34088722,0.37649095,0.37842682,0.3708502,0.34900966,0.29818365,0.23150586,0.24687268,0.20062533,0.16594735,0.13277268,0.1282789,0.080980346,1.1885579,1.1882256,1.1715001,0.08870347,0.031768117,0.08046574,0.093586214,0.073682755,0.12508732,0.13355073,0.16526353,0.18642546,0.14956686,0.21446608,0.16794904,0.22055419,0.18908606,0.12268862,0.124157086,0.045310166,0.0015181258,-0.0010572003,-0.051674977,-0.0340673,-0.0941414,-0.10117578,-0.12423795,-0.12598418,-0.121721566,-0.18774189,-0.11394179,-0.11593014,-0.13837753,-0.09133835,-0.030653823,-0.033053067
ECG_0221,1,high_noise,-0.18745963,0.10219706,0.20444162,0.1129341,-0.10195736,0.1186949,0.08194215,0.27902848,0.21612506,0.17512612,0.08408942,0.33931482,0.102715954,0.28754726,-0.15305367,0.054517042,0.047311623,-0.07762909,-0.118381135,-0.2127189,-0.07097949,-0.14259323,-0.24974304,0.13439928,-0.2675181,-0.22195944,0.16387093,0.16715531,0.18277733,0.13243146,-0.117258206,0.23709609,0.14652097,0.40752053,0.21892355,0.36550307,0.2822143,0.40538558,0.4129332,0.17546722,0.07306573,0.032858647,0.1215581,0.1724015,0.10812099,-0.0303977,-0.21138567,-0.23470084,-0.3398967,-0.50661284,-0.36366788,-0.1547314,0.020750811,0.002399425,-0.21848516,-0.053348556,0.3006394,0.25026768,0.48824346,1.0290257,1.0255615,1.5428935,1.7765992,1.46412,1.662144,1.3739939,0.8350266,0.31511006,0.6215768,0.22764653,0.14101939,-0.09539986,0.21604623,-0.17465118,-0.11217534,-0.216587,-0.010174794,-0.041957512,-0.17209643,0.13081679,-0.31947654,0.18994994,-0.16846849,0.069481045,-0.08864092,0.09296769,0.46547478,0.33023247,0.19010095,0.17837393,0.11962739,0.30648786,0.32482722,0.23371042,0.30374837,0.24451683,0.2506291,0.65081835,0.36656755,0.39280373,0.021978188,0.17537472,-0.013854606,0.11944274,-0.031658564,-0.27517262,-0.08925542,0.08019417,-0.043143902,0.011264087,0.11044414,0.12190191,-0.14256267,0.36829117,-0.057716075,0.4331961,0.04950589,-0.030237734,0.035321016,0.2583642,0.28967124,0.19375265,-0.10235173,0.2497294,-0.35201097,0.11898236,-0.059312034,-0.08939065,-0.109560765,-0.15833035,-0.3862797,-0.0073764366,0.14862168,-0.43833476,0.08869726,0.005846002,0.028704703,0.14903036,-0.24854796,0.32589203
ECG_0222,1,temporal_shift,-0.16133593,-0.17067571,-0.13956457,-0.10915117,-0.13690023,-0.12127198,-0.0448147,0.024919352,0.009165913,0.024267975,0.037182234,0.055254065,0.06426508,0.11176813,0.18723696,0.14246231,0.18760201,0.18304661,0.14905913,0.16137642,0.10462089,0.03973626,0.059463266,-0.03271153,-0.029053118,-0.06962312,-0.077156335,-0.08626051,-0.1191096,-0.07523457,-0.07703156,-0.05494253,-0.037644915,0.039505307,0.004740561,0.18173908,0.14815712,0.19738433,0.22710142,0.23348032,0.26517868,0.2134171,0.24964431,0.23023793,0.27850267,0.19163142,0.1602433,0.071163245,0.10833002,0.060360745,0.07364928,-0.00028438977,-0.05497261,-0.0946758,-0.07751708,-0.12016981,-0.1456886,-0.14551337,-0.12798488,-0.09405199,-0.13215218,-0.11665016,-0.08859053,-0.002998307,0.079091236,0.19416328,0.25937402,0.5067363,0.7738006,1.138094,1.3824391,1.5268537,1.5248859,1.3843111,1.1372355,0.8337862,0.53892463,0.28449112,0.14609896,-0.054666113,-0.027360722,-0.06765928,-0.115989484,-0.107581794,-0.12088871,-0.1252807,-0.13432728,-0.11969263,-0.103135966,-0.08106026,0.041969344,0.024923343,0.06441758,0.09530237,0.19996351,0.22754027,0.22509655,0.3214075,0.33599153,0.3564286,0.40718135,0.41497582,0.3588282,0.3375569,0.35123533,0.32480994,0.24732696,0.2775247,0.26464272,0.22159679,0.14926255,0.14916977,0.099199966,0.09849703,0.0648575,0.04782346,0.04997735,-0.058601983,0.06788261,0.06414332,0.069474585,0.10673294,0.16249554,0.15981612,0.19178115,0.18055044,0.1732198,0.14015226,0.18968733,0.115367174,0.12961107,0.1104713,0.06665165,0.03163607,0.01303992,-0.022255678,-0.07643187,-0.0697758,-0.15002029,-0.1851894
ECG_0223,1,localized_spike,0.004985775,0.02380758,0.103605226,0.12088023,0.09287634,0.17148536,0.11699019,0.13376322,0.16488501,0.14152473,0.9226503,0.940742,0.88650656,0.03389645,-0.0038106379,0.0018954587,-0.066461235,-0.08316363,-0.062116038,-0.0675903,-0.05288594,-0.06475206,-0.096087776,0.007461584,0.011013897,0.061634652,0.14586298,0.1267934,0.16898155,0.19069073,0.21014217,0.24621345,0.27192888,0.3002159,0.22963832,0.19714843,0.18997528,0.19987704,0.16431634,0.1558203,0.087709494,0.053233355,-0.028805338,0.0014972611,-0.028500577,-0.08317899,-0.13193302,-0.09235849,-0.18808305,-0.21608703,-0.1402326,-0.14328317,-0.056835264,-0.09861389,-0.038889375,0.036104616,0.13259444,0.3216097,0.48210487,0.7453145,1.101254,1.3542423,1.4380804,1.5303003,1.409077,1.1094335,0.79857594,0.5537328,0.29870984,0.14762321,0.08355252,-0.047664374,-0.049009148,-0.12904318,-0.07974157,-0.14577423,-0.11898304,-0.11185232,-0.05119852,-0.06503144,-0.01545141,-0.03651209,0.026266882,0.085767955,0.15118471,0.13932392,0.2009318,0.2685537,0.31883064,0.308771,0.38110453,0.2935768,0.40161502,0.41181585,0.36620134,0.32190332,0.3541578,0.32567906,0.27568203,0.21029775,0.21726485,0.14114083,0.11793484,0.097969525,0.14427267,0.011218906,0.017656472,0.026968744,0.06294097,0.102742545,0.0813326,0.06674071,0.1184378,0.14370877,0.19500273,0.1457149,0.20445375,0.17799306,0.17094284,0.18994926,0.13709186,0.08816124,0.108431965,0.11217277,-0.010314668,0.006476079,-0.004207572,-0.04412845,-0.0949003,-0.121240385,-0.14454457,-0.12845564,-0.12125962,-0.1228352,-0.116508536,-0.10445329,-0.066182844,-0.050598767,-0.08128056,0.05916865
ECG_0224,1,localized_spike,-0.020121895,0.048360102,0.114876345,0.114547834,0.13423893,0.122731976,0.17149058,0.11468443,0.13614833,0.16183439,0.13882668,0.109524414,0.074978195,0.1015806,0.014547278,-0.043715682,-0.033482302,-0.119816706,-0.0835959,-0.08829616,-0.0752187,-0.095466964,-0.067440525,-0.012414853,0.0003853065,0.08879259,0.13216838,0.17000405,0.21655478,0.19824545,0.23880574,0.26117977,0.21009618,0.23399808,0.22383545,0.19112647,0.15241802,0.14685394,0.1326978,0.103745095,0.059573215,0.0742778,-0.0065290113,0.00023822374,-0.07039334,-0.09645363,-0.19881585,-0.09710535,-0.2020163,-0.16376363,-0.168131,-0.07586625,-0.05765932,-0.08897209,-0.022231907,0.017254096,0.116383724,0.3001847,0.5145029,0.7282393,1.1303245,1.3203288,1.5189443,1.5551473,1.3417374,1.0759729,0.8336772,0.57738537,0.2880117,0.12650937,0.0294857,-0.013780475,-0.017457237,-0.08364739,-0.12110886,-0.12804116,-0.104921155,-0.1528537,-0.16141312,-0.085832335,-0.032258842,-0.000687628,0.042974122,0.090815574,0.15919267,0.13745224,0.19734623,0.3197404,0.27289146,0.34596384,0.3556751,0.36508206,0.38632312,0.36309347,0.30357456,1.6666663,1.6300865,1.6448369,0.24420512,0.19092692,0.16333391,0.15555176,0.10008506,0.12970218,0.073763765,0.09172203,0.03986546,0.09914639,0.10187589,0.14073393,0.09437415,0.16720666,0.13650897,0.16737528,0.17750672,0.18067916,0.1962833,0.15180603,0.15479682,0.16612555,0.14427713,0.1462203,0.13034606,0.06377882,0.006204649,-0.01535271,-0.07537811,-0.086123645,-0.096098624,-0.19140437,-0.086927,-0.12670031,-0.1740161,-0.17913947,-0.12124891,-0.11334568,-0.0669691,-0.08166895,-0.038260374,0.031645715
ECG_0225,1,temporal_shift,-0.16951223,-0.11854771,-0.13106869,-0.12801336,-0.10449321,-0.07755841,-0.09206736,-0.07427483,-0.022299381,0.004077736,0.026602196,0.037729997,0.13216402,0.078428626,0.119387135,0.14037786,0.19115879,0.1334487,0.15907097,0.11173381,0.14159322,0.11160746,0.032156672,0.012393466,-0.0009898962,-0.018791828,-0.050716776,-0.05497737,-0.10636858,-0.10460549,-0.04025155,-0.08016716,0.051019657,0.056709386,0.084166676,0.10221112,0.16412047,0.1909923,0.22231643,0.21901514,0.24560206,0.25463542,0.25104517,0.23347434,0.24686785,0.20045252,0.12567429,0.104765505,0.14080113,0.06794481,0.06924234,-0.032774877,0.006761934,-0.035196364,-0.07253083,-0.12646899,-0.19170755,-0.1656528,-0.12781896,-0.07784026,-0.12146473,-0.12709756,-0.062101375,-0.06238403,0.023614505,0.10127616,0.23443349,0.53622097,0.82079357,1.0735027,1.371721,1.5277591,1.5069548,1.3867152,1.1368221,0.812985,0.5444201,0.34691128,0.13030119,0.0071420693,0.01959003,-0.08578588,-0.15610024,-0.1067937,-0.107402585,-0.18456262,-0.12140291,-0.08592699,-0.10899084,-0.032788273,-0.023924092,0.043242328,0.12727907,0.13250701,0.13499774,0.21894337,0.23382343,0.33484226,0.34211707,0.3350965,0.36211827,0.35721692,0.34468913,0.34528542,0.34404683,0.33068463,0.23643704,0.24049316,0.17848572,0.1832296,0.1386479,0.105501644,0.13799874,0.07200095,0.08624751,0.07214929,0.028889274,0.036052734,0.06822993,0.060297232,0.120456964,0.1804945,0.10113001,0.13890328,0.1687428,0.1658521,0.14853814,0.16847278,0.15165767,0.14072129,0.16956589,0.13832188,0.082203016,0.037929356,-0.020781258,-0.055971738,-0.059493445,-0.1559908,-0.13968335,-0.13213392
ECG_0226,1,attenuated_amplitude,0.0063224263,0.014189754,0.023725355,0.029518241,0.028202087,0.060999323,0.08347525,0.0592326,0.07208774,0.055885922,0.08107688,0.028916132,0.026919862,0.010875833,0.0048282775,-0.012245814,-0.048552465,-0.030274898,-0.03604221,-0.028947636,-0.03615509,-0.02953311,0.0079413885,-0.027127124,-0.0095210625,0.03830688,0.029491981,0.09059476,0.0787738,0.10639519,0.08778071,0.115372874,0.09923623,0.11311309,0.12560257,0.08688164,0.06158318,0.06673693,0.06498484,0.056537423,0.05681376,0.0064787595,-0.00045564523,-0.020914547,-0.050616354,-0.033095565,-0.028994976,-0.076252796,-0.06470313,-0.0599242,-0.051959507,-0.053952985,-0.044259027,-0.055603996,0.0062238174,0.021013692,0.0396521,0.11940622,0.21475405,0.34148148,0.46491846,0.57028186,0.63158625,0.63653034,0.57410204,0.4834039,0.33435488,0.22674316,0.13549009,0.04976878,0.012378404,-0.02043056,-0.029283982,-0.03399654,-0.0545592,-0.05537118,-0.061242945,-0.048080526,-0.056141384,-0.034077223,-0.020024138,0.0038702637,0.018668585,0.032828763,0.048356105,0.09153921,0.116447985,0.10473656,0.12639052,0.11590219,0.16024746,0.1606191,0.14978956,0.15259048,0.1728812,0.14550215,0.14955144,0.1405975,0.13012376,0.088910714,0.07882989,0.0489714,0.057909552,0.04890096,0.033959102,0.02990781,0.030779043,0.02007772,0.01813804,0.04298663,0.03205357,0.062934525,0.06333503,0.069483064,0.066557676,0.06725527,0.08139571,0.07395899,0.07538891,0.04427,0.0884824,0.06501663,0.04522361,0.03610126,0.012958982,-0.01489752,-0.0011801372,-0.013787783,-0.014139144,-0.048521463,-0.055730134,-0.045199703,-0.04796012,-0.04693624,-0.065409586,-0.0248037,-0.021686254,-0.029168798,-0.018257676,0.014820219
ECG_0227,1,high_noise,-0.0726298,0.08507985,0.039833635,-0.063770086,0.21009095,0.040474832,-0.080585845,0.1115741,0.17140405,-0.16246681,-0.025228709,-0.18156701,0.03523149,0.021851981,0.17159557,0.03487058,-0.22009261,0.13237898,-0.09089319,-0.41948184,0.054433025,0.08126051,-0.003549294,-0.20214413,-0.12083985,-0.09193284,0.45415783,0.47974193,0.4731806,0.021856911,0.09743327,0.17449753,0.7238858,0.23362038,-0.048862904,-0.10965186,0.050084684,0.27179098,-0.0214813,0.13699828,-0.2518211,-0.008682634,-0.21788591,0.165085,-0.29778656,-0.1822392,0.010631752,-0.20073493,0.13456127,-0.35160223,0.019268248,-0.12958275,-0.16845997,0.040046126,-0.4523438,0.1405197,0.0009662013,0.29392064,0.6858588,0.89385056,0.8111383,1.6064647,1.6145167,1.6984737,1.4390881,1.0312903,0.8182545,0.44644684,0.22829942,0.5253596,0.00747164,0.44417763,0.10447831,-0.057568025,0.03168386,-0.10595759,-0.46164584,-0.12387901,-0.12569278,-0.20295985,0.048239205,0.2665407,-0.07774413,0.012242565,-0.116508655,-0.090597644,0.3946784,0.34956205,0.41386962,0.71995705,0.46437478,0.47305602,0.7317777,0.7357215,0.08207172,0.124395244,0.27500606,0.18135197,0.08939438,0.2282329,0.0720216,0.32944864,0.014142739,0.09101028,0.29390857,0.13040715,0.17358628,0.21380796,0.12702014,0.09393601,0.32807466,-0.009464386,0.21002367,0.0014547749,0.05037395,-0.15956843,0.2567047,0.008896233,0.39788902,0.2021383,0.25025842,0.34617332,0.08204862,0.0744921,-0.21261801,-0.28640124,0.1914873,-0.113591954,-0.13671283,0.049946737,0.25923705,0.038827363,0.070212975,-0.35211658,-0.29159182,-0.18816552,0.058606714,-0.1034271,0.18281989,0.042242665
ECG_0228,1,attenuated_amplitude,0.015677512,0.03087885,0.029192908,0.03993421,0.060767855,0.06610432,0.047500167,0.07077269,0.085097544,0.07074104,0.064395495,0.0293917,0.018483402,0.0259392,-0.011802195,0.0101491455,-0.0010825432,-0.033127144,-0.060040474,-0.05418222,-0.03315163,-0.018387923,-0.004669691,0.030605953,0.020175666,0.03211343,0.05609534,0.05695252,0.09192773,0.09574997,0.11718768,0.10293195,0.119619064,0.11946662,0.11921011,0.12357368,0.0848044,0.058998782,0.05854367,0.07001444,0.014826011,0.008718086,-0.016210383,-0.011941231,-0.026824582,-0.05741388,-0.085046194,-0.04927197,-0.05976091,-0.06083622,-0.061719716,-0.05860477,-0.056560934,-0.038963832,-0.0025519484,-0.0046185446,0.04868498,0.14332281,0.21053484,0.38615444,0.5476356,0.6593774,0.7587704,0.73504704,0.6776392,0.54014564,0.39130303,0.24194157,0.14863436,0.10725041,0.021858945,-0.021433325,-0.01236401,-0.039257467,-0.041737642,-0.1001982,-0.073999316,-0.053375028,-0.047181465,-0.04763831,-0.034944866,0.014189715,0.020236256,0.02825708,0.06286063,0.113736376,0.12275817,0.14688592,0.1436817,0.1517245,0.15798399,0.21431401,0.19252086,0.1824824,0.16513796,0.17956872,0.18553787,0.14947242,0.11799897,0.11231855,0.11118458,0.0816264,0.050772615,0.067490675,0.03795852,0.0078513855,0.015855175,0.024300227,0.021453349,0.033552665,0.042299397,0.037475944,0.04117379,0.08167204,0.07102556,0.078663826,0.07794012,0.09687284,0.07948271,0.08125337,0.06000055,0.050874315,0.0773352,0.043282557,0.046681553,0.009544596,-0.013035285,-0.046429742,-0.037731666,-0.06124024,-0.049263593,-0.076854475,-0.09084915,-0.08895314,-0.08564861,-0.036197167,-0.04511412,-0.036467467,0.0006328165,-0.009727019
ECG_0229,1,attenuated_amplitude,-0.030353226,0.011601711,0.024655996,0.034119762,0.082112774,0.06991478,0.073719196,0.08015057,0.09365022,0.0811481,0.053038076,0.05769973,0.066423774,0.024102436,0.025248947,-0.019552087,-0.068083175,-0.0513666,-0.041169677,-0.05565669,-0.06654114,-0.033197366,-0.06791469,0.0074237087,-0.027911544,0.008440367,0.06399978,0.113364354,0.06952277,0.12607591,0.14722586,0.1372422,0.17096677,0.13419402,0.14542672,0.111223236,0.1159824,0.1006343,0.10052228,0.09957006,0.021093879,0.0065221074,0.008890854,-0.021331754,-0.056290228,-0.062168553,-0.05271164,-0.045286432,-0.08725991,-0.07390951,-0.07306761,-0.07538746,-0.072292104,-0.037139792,-0.004545019,0.0019950923,0.069363475,0.17439084,0.2832072,0.43434745,0.6222821,0.7425057,0.8765022,0.8828629,0.8009086,0.6188915,0.46529925,0.32218164,0.19203532,0.090277575,0.05235256,-0.00044101028,-0.022879405,-0.040922232,-0.08897647,-0.07817531,-0.022317206,-0.04578623,-0.020220894,-0.012998041,-0.04152698,-0.025058104,0.04402385,0.040308524,0.09797393,0.12843063,0.13691108,0.14810911,0.16272049,0.17989372,0.19820093,0.20709841,0.19636345,0.22384532,0.21761966,0.19182308,0.16775878,0.17111734,0.12362582,0.13186796,0.10138832,0.08433768,0.107718125,0.049585667,0.027238771,-0.008616156,0.007069464,0.05446344,0.023295896,0.029962745,0.055252444,0.09101774,0.0689123,0.047891516,0.08053425,0.060784247,0.1139045,0.11167597,0.07219805,0.123745054,0.076868676,0.09459249,0.08465647,0.04831083,0.021295967,-0.009371811,-0.024994025,-0.070531934,-0.0546593,-0.09989763,-0.06034613,-0.07004685,-0.08469422,-0.08411173,-0.1026761,-0.08400579,-0.0275476,-0.016714212,-0.026015148,0.0042713173
ECG_0230,1,attenuated_amplitude,-0.0058705066,9.5277595e-05,0.0139704915,0.03984087,0.058077943,0.11116969,0.10744057,0.103187375,0.07841537,0.09808964,0.097923145,0.07158304,0.051890817,0.031963542,0.0016068142,-0.01232976,-0.037761617,-0.016681895,-0.052281052,-0.0809767,-0.02511953,-0.033746567,-0.01137175,0.0063977703,0.023830974,0.049206045,0.06692875,0.105009496,0.12755941,0.15912816,0.16773401,0.15500702,0.16876751,0.16701373,0.15404734,0.14637019,0.121782415,0.118750535,0.10035278,0.08533143,0.017530816,-0.020072034,-0.022920338,-0.0047058356,-0.03001965,-0.0752998,-0.047801025,-0.10863302,-0.094491385,-0.0882369,-0.081150055,-0.068529665,-0.06794774,-0.05184005,-0.02998522,0.027362702,0.09908921,0.1900487,0.29671323,0.4671491,0.729471,0.90149033,1.0166026,1.0171156,0.8940237,0.7134228,0.5044789,0.3256609,0.18361916,0.09710173,0.0305263,-0.01854392,-0.039086923,-0.08091457,-0.08603642,-0.08846599,-0.050224427,-0.08035882,-0.1131624,-0.054305483,-0.038779102,0.021742476,0.0036658417,0.047899455,0.050782587,0.095663555,0.18017307,0.2036388,0.17670478,0.18626733,0.22831818,0.2500868,0.2940355,0.272463,0.24205062,0.20641738,0.21355523,0.2107165,0.15582825,0.13658868,0.1318947,0.0936083,0.124679394,0.07169907,0.053410005,0.052871354,0.033965647,0.044041622,0.062336795,-0.0027275253,0.07122902,0.027564267,0.09614539,0.07575055,0.12179277,0.13385476,0.11866619,0.11934364,0.10747141,0.11821388,0.11363665,0.099626064,0.07099688,0.03653429,0.03512204,-0.0026619963,-0.020115832,-0.055108815,-0.07604988,-0.0886382,-0.08461274,-0.12372141,-0.11654627,-0.09956112,-0.06739993,-0.09216546,-0.085949816,-0.062036976,-0.017742097,-0.018569397
ECG_0231,1,attenuated_amplitude,-0.005714297,0.02839909,0.0017363131,0.040724907,0.042834103,0.053674765,0.05029706,0.054251317,0.03927576,0.054570198,0.044548392,0.043955043,0.043538384,-0.016196743,0.022145929,-0.0054099765,-0.0133088,-0.04637433,-0.022267872,-0.049504973,-0.045248233,-0.016513469,0.0032118575,-0.004879017,0.002689803,0.042335805,0.03301064,0.083527,0.08869768,0.08746446,0.103932165,0.12101286,0.120846905,0.101934016,0.1119997,0.11835606,0.11237141,0.081940144,0.065266944,0.03238512,0.023101794,0.010322561,-0.010093475,-0.011934403,-0.031713247,-0.03715399,-0.0467258,-0.052400142,-0.050404258,-0.049039092,-0.056427408,-0.047852643,-0.052078243,-0.009221451,-0.010771859,0.038993772,0.06163598,0.13040054,0.21807034,0.34077594,0.48115095,0.60321146,0.6755849,0.6850862,0.60713327,0.46850207,0.3629273,0.23668744,0.12369051,0.07500748,-0.005119767,-0.00899451,-0.02273628,-0.045774113,-0.040468868,-0.02960649,-0.028070278,-0.053907517,-0.0329065,-0.034221772,-0.013419174,0.0012809017,0.0039917543,0.053172115,0.06634901,0.11425944,0.08596291,0.10576263,0.13735755,0.15474775,0.15822235,0.14996716,0.18586245,0.17951083,0.1555924,0.13502038,0.15473053,0.1508343,0.114813074,0.08304235,0.09618805,0.048852324,0.0547697,0.023059648,0.03257539,0.025994996,0.023187617,0.035339206,0.013825045,0.01285259,0.036770012,0.047147557,0.04229828,0.06974466,0.065601505,0.06034987,0.07849691,0.08199463,0.08150162,0.07236947,0.059555754,0.05021559,0.035545323,0.024956387,0.02060507,0.0068346295,0.002421429,-0.021889413,-0.035038352,-0.056910634,-0.08400764,-0.069856085,-0.04723148,-0.0852597,-0.064444944,-0.055084616,-0.044501472,-0.05097578,-0.032793444,-0.008670933
ECG_0232,1,high_noise,0.15528311,-0.012152269,-0.09254564,0.3831166,0.36557728,-0.36355478,0.34219632,0.3752622,0.012035598,-0.08251825,0.13135427,-0.17611691,0.15677324,0.15594883,-0.3099762,0.020965612,0.009244527,-0.2719795,0.1869524,0.20829843,-0.19404203,-0.33025625,-0.11073696,0.19594055,0.26858458,-0.08330262,0.24897468,0.17292592,0.15653718,0.37635696,-0.070604,0.12849171,0.511797,0.20438857,0.1165937,0.31352857,0.2662601,0.07780973,-0.07538051,0.35418454,-0.1144477,-0.10192838,-0.0131377205,0.06026882,-0.13368139,-0.07515822,0.0714816,-0.10625503,-0.22289899,-0.33389658,-0.16785546,0.17882134,-0.2921795,-0.07177464,0.018521119,-0.08181492,0.3019068,0.5893984,0.66719896,0.63965935,1.128553,1.3273355,1.3844441,1.6265007,1.5107604,1.1666955,0.8287452,0.55166394,0.27614227,0.0013150368,0.368041,0.11734982,-0.13848564,0.008027785,-0.19859014,-0.07438865,-0.06702355,-0.33082214,-0.02354243,0.034000393,0.03350433,0.03287828,0.29274055,0.24646765,0.39970893,0.033201583,0.21986364,0.29489535,0.3376193,0.44022536,0.36369362,0.51638347,0.4997044,0.67657197,0.19719891,0.38301814,0.16946287,0.38163963,0.4569992,0.27124655,0.36673445,0.36258182,0.05089774,-0.119587086,0.09218265,0.069409005,0.061912686,-0.2552791,0.08499038,-0.22774564,0.18711926,0.024187138,0.1264634,0.23655827,0.48034337,0.12837124,0.39212137,0.23644474,0.3824651,0.122357175,0.005886323,0.037317675,0.14653867,-0.05396623,0.08776741,-0.09820852,0.029511133,0.10066706,-0.26665998,0.15083967,0.039439157,0.10113941,-0.3256053,-0.22701897,-0.117005736,-0.09146676,-0.057271622,0.09898038,0.10432794,-0.027510384
ECG_0233,1,high_noise,-0.12041093,0.1386207,0.3546867,0.24904533,0.12624924,0.31662348,-0.07406812,0.23071171,-0.18800499,-0.11997292,-0.24880026,0.036502894,-0.066091105,-0.0095877135,-0.035852317,0.12477376,0.24991083,0.25374296,0.09184207,0.08572001,-0.3810578,-0.15072796,-0.13482752,0.19801514,-0.18292837,-0.07776448,0.30425516,0.06386465,0.2571402,-0.1457974,-0.007025171,0.22828661,0.18481985,0.2727174,0.25795692,0.25077295,0.32426488,0.3876236,0.302721,0.2836925,0.15590698,-0.027342776,0.042391002,-0.033490162,0.042034246,0.048459124,-0.22268763,-0.41934305,-0.15017274,0.011560092,-0.011807283,0.007789856,0.05348105,-0.23965436,-0.034355212,-0.028961267,0.28687012,0.37896007,0.31322348,0.86699533,0.8741988,1.5354892,1.5155313,1.7721071,1.5381062,1.0897454,0.8029464,0.75206417,0.22957352,0.48897266,-0.043884456,-0.17481539,-0.12668008,-0.06397378,-0.16510008,-0.3976853,-0.2703231,-0.47442475,0.035793506,-0.11150588,-0.22523531,0.15134165,0.18409933,0.09391972,0.07428998,0.21881016,0.115359366,0.01839607,0.17351069,0.39612672,0.2283513,-0.06453428,0.39740506,0.5984428,0.35988635,0.27298743,0.43671614,0.23880646,0.19536915,0.043926843,0.19884159,-0.014139082,0.08835564,-0.012338313,0.074527286,0.29881075,0.07396389,0.1072012,-0.13872096,0.07231871,0.12018634,0.2958824,0.32145077,0.16578454,0.26614037,0.25733712,0.02576363,-0.045648593,0.22740091,-0.18757369,0.1523107,0.09602637,0.16587558,0.055294376,0.0075388164,-0.14594817,0.086255625,0.0072147297,0.14899258,-0.08957039,-0.3382324,-0.4764388,0.03397483,0.092927106,-0.17817672,-0.12598687,0.09702176,-0.46875757,-0.026753,-0.028798128
ECG_0234,1,localized_spike,-0.01993907,0.07938731,0.07748198,0.127369,0.094898544,0.11615441,0.14596581,0.17487597,0.13447987,0.11466785,0.117865786,0.13263932,0.076677054,0.03145499,-0.0037753445,0.010187268,-0.041858427,-0.06272254,-0.101519845,-0.07590602,-0.114517994,0.732834,0.8441577,0.8606368,0.061927762,0.115129404,0.14444126,0.15391527,0.16038918,0.24656744,0.24265766,0.26494932,0.27711996,0.29058155,0.2510711,0.24760416,0.17780957,0.17804436,0.12933199,0.07690203,0.069939,0.0054353,0.030833261,-0.11391428,-0.10124052,-0.13059887,-0.12552467,-0.15784086,-0.13186589,-0.15536983,-0.14751868,-0.12822704,-0.10038956,-0.093182005,0.038274467,0.020688059,0.1175524,0.2613993,0.49113643,0.78315693,1.0721214,1.3518522,1.5186915,1.5693601,1.4038523,1.1277018,0.8798883,0.5439114,0.3324268,0.17953497,0.060694106,-0.003056008,-0.046046432,-0.0823471,-0.064583085,-0.097109556,-0.14510953,-0.0655885,-0.1048339,-0.093992546,-0.02825617,-0.027391618,0.096008964,0.11658409,0.112897284,0.22923215,0.29381993,0.24726488,0.2726008,0.37605003,0.36164927,0.37263277,0.35353196,0.39212722,0.36234513,0.28322864,0.32910177,0.29949743,0.18839961,0.27133682,0.17147608,0.16955838,0.080288485,0.08009374,0.044877212,0.08027703,0.05451315,0.054766178,0.05797806,0.09034881,0.087718494,0.03608994,0.10245053,0.14094244,0.20317702,0.14391145,0.16122037,0.18403012,0.18453309,0.15254249,0.19389433,0.17660418,0.14752747,0.05040909,0.058037452,0.012514394,-0.010103741,-0.053541463,-0.09291906,-0.084904894,-0.115519114,-0.11874175,-0.20865603,-0.15770471,-0.15238905,-0.15836257,-0.08230181,-0.07474604,-0.103604786,-4.854279e-05
ECG_0235,1,high_noise,0.3395754,0.053747248,-0.09224645,0.32598248,0.27661198,-0.12427741,0.117693715,0.15254146,0.49465477,0.06936497,0.06876726,0.13251567,0.21368192,-0.09562213,0.05988271,-0.036478736,-0.11817808,-0.14235632,0.24428779,-0.17639121,-0.07439927,0.007697603,-0.114595376,0.040050354,0.20673984,0.14802603,0.1107267,0.4598881,0.033261675,0.24119204,0.092364565,0.19972835,0.18132669,0.35983416,0.21998613,0.2365395,0.075857036,0.11709159,0.25014895,0.07532442,0.2150852,0.03027844,0.11668391,-0.09193504,-0.28789386,-0.3875478,-0.2446251,-0.3102527,-0.034627452,-0.3117901,-0.112816036,-0.02912716,-0.03826489,0.06602515,-0.15701382,-0.089459084,0.19145201,0.028617771,0.26097524,0.7570105,1.478739,1.3386328,1.4331043,1.5726326,1.4885011,1.1285677,0.774336,0.48589244,0.24601927,0.1848965,-0.066668525,-0.028122911,-0.31920332,0.21995993,-0.13770823,0.11028674,-0.08242746,0.27653456,0.010259634,0.04326363,-0.19791892,-0.30715626,-0.17637895,0.49197337,0.07854946,0.2069058,0.097030796,0.4773483,0.38821736,0.32893488,0.42221686,0.36777198,0.48316687,0.45807487,0.72471553,0.33674,0.31178364,0.14187904,0.5178843,0.24975167,0.23045073,0.02641654,0.23872356,-0.12696633,0.08741796,-0.26085705,-0.03211159,-0.31834745,-0.16821963,0.015323002,-0.14994363,0.12210193,0.19842237,0.3342121,-0.03076317,0.277356,0.16314217,-0.009978427,-0.085137896,0.34195906,-0.007047702,-0.0059626545,0.05748906,0.27820385,0.3224543,0.023279142,0.10247759,-0.21672806,-0.16200718,-0.18782528,-0.10881316,-0.08417307,0.11797132,0.013189501,-0.24972917,-0.04239216,-0.067518815,-0.37070975,0.21335281,0.2412801
ECG_0236,1,localized_spike,-0.020140568,0.02362234,0.043310676,0.08570937,0.08591024,0.1703515,0.13703634,0.2029563,0.1869831,0.12595306,0.10643267,0.11094213,0.056994427,0.018780954,-0.0050916034,-0.025945585,-0.017645389,-0.08594436,-0.1224166,-0.10583643,-0.06314265,-0.013048044,-0.05852751,0.011318756,0.02577643,0.08896652,0.121930525,0.14859359,0.16901375,0.23634577,0.259792,0.26648614,0.28504768,0.25059468,0.24297822,0.22426508,0.2664409,0.18099791,0.14242199,0.13210456,0.052403875,0.049190175,-0.008377866,0.0038548263,-0.110573664,-0.13687758,-0.1430638,-0.16245067,-0.14803417,-0.14700069,-0.11251166,-0.074694775,-0.096656844,-0.05277077,-0.077343345,0.08090119,0.14120658,0.30708814,0.49406436,0.7782919,1.0813922,1.3156488,1.5249722,1.5285655,1.4359481,1.0986587,0.8130896,0.5024146,0.3324369,0.1767849,0.064075515,-0.06943525,-0.07503328,-0.09510773,-0.116581045,-0.17532414,-0.10725583,-0.08694255,-0.1867801,-0.055022687,-0.0727671,-0.026995445,0.022150097,0.012213674,0.08961658,0.16067035,0.28207624,0.26872575,0.22902349,0.33959842,0.4349656,0.37280497,0.4030792,0.308492,0.37249088,0.4241098,0.302482,0.34723213,0.22222444,0.22086555,0.14548655,0.089402325,0.15118068,0.06223102,0.048023265,0.11571088,0.07629841,-0.010208035,0.05777217,0.07778002,0.08294888,0.17011583,0.088938825,0.19899385,0.13787098,0.19480732,0.15659511,0.20280479,0.14712399,0.14761986,0.19246174,0.16145793,0.1661876,0.089522116,0.04721511,0.03664509,0.0022350806,-0.087055,0.75548434,0.82202345,0.725747,-0.15379418,-0.105716355,-0.093285464,-0.11923641,-0.17161332,-0.13227285,-0.025357949,-0.044271365,-0.032695234
ECG_0237,1,localized_spike,0.022243498,0.054328106,0.0866546,0.10803963,0.11849087,0.16017862,0.20353335,0.16688156,0.11680897,0.13662553,0.108648874,0.16898967,0.059896592,0.03825005,0.011480316,-0.09821931,-0.058110803,-0.05570341,-0.08496231,-0.079645485,-0.10750777,-0.074807435,-0.03244752,0.02455389,0.04012206,0.11066378,0.10846826,0.11981122,0.14472842,0.22180274,0.22615834,0.31286108,0.28997537,0.24528632,0.22866099,0.2513642,0.23334217,0.13996188,0.122491814,0.10724279,0.031477585,0.06820511,0.08808307,-0.0072463667,-0.045737445,-0.15724885,-0.13634689,-0.17054857,-0.13801037,-0.13463025,-0.14671975,-0.14666553,-0.12275999,1.0230421,1.1066326,1.1153399,0.11482071,0.2807573,0.4973904,0.75489634,1.1415786,1.4012061,1.5664141,1.4992954,1.3991165,1.1084228,0.7501275,0.54392844,0.29184964,0.14257996,0.043183275,-0.009455355,-0.016215289,-0.12720656,-0.15647987,-0.10454583,-0.17582545,-0.12256775,-0.1358776,-0.11365486,-0.032137677,0.004879854,0.055299588,0.0761511,0.16763364,0.17373319,0.29102847,0.2751225,0.26117873,0.4074801,0.3892067,0.4272224,0.32598123,0.3548575,0.3736981,0.28713027,0.34509203,0.28364372,0.26522076,0.18642235,0.13692833,0.09296427,0.121390015,0.09588121,0.064557076,0.012670252,0.049718257,0.060219713,0.08155141,0.08209908,0.030106481,0.12296875,0.12680085,0.061540853,0.18509142,0.1455571,0.21185988,0.17501026,0.16398327,0.16674317,0.19824219,0.19694415,0.078027084,0.040975556,0.06399928,0.05770522,0.019476132,-0.07977235,-0.11466654,-0.066325605,-0.13379878,-0.14791629,-0.1507667,-0.09649205,-0.13441029,-0.15383959,-0.087119356,-0.077935524,-0.07237951,-0.038015667
ECG_0238,1,attenuated_amplitude,0.015122502,0.015441648,0.016330227,0.06953632,0.09156416,0.05856538,0.10940654,0.12667951,0.06395873,0.09760708,0.06654489,0.053755887,0.05218132,-0.0100099305,0.006611681,0.009025066,-0.023771139,-0.039429992,-0.107784346,-0.035555393,-0.04192552,-0.047936372,-0.038248964,8.319232e-05,0.0052600554,0.05485142,0.09398025,0.08768535,0.11976751,0.15839276,0.15217568,0.1741781,0.17544563,0.13407919,0.17298588,0.181344,0.10557933,0.16941744,0.101389706,0.05002602,0.015339578,0.054892007,-0.005227077,-0.008559696,-0.039247986,-0.084489405,-0.07177334,-0.11309101,-0.12145074,-0.0646167,-0.098484054,-0.087161995,-0.07146426,-0.08124055,-0.012150488,0.023130506,0.099052854,0.2205149,0.3521625,0.54082745,0.71729916,0.9321441,1.0296519,1.0630475,0.95455974,0.76039857,0.5362398,0.3967315,0.2354994,0.10587,0.06364171,-0.0049911235,-0.06635105,-0.031024445,-0.05640485,-0.11269794,-0.09863402,-0.08379637,-0.022701636,-0.063910484,-0.042091936,0.0038030767,0.0088075325,0.04404861,0.09417161,0.117806695,0.18590084,0.18302162,0.23418574,0.23249185,0.2753717,0.28646955,0.28992504,0.2549657,0.23908156,0.24646723,0.21486723,0.17143147,0.22365071,0.1496906,0.11413152,0.08178782,0.09798109,0.079308584,0.03701964,0.040037703,0.042178698,0.02086215,0.06499461,0.066148944,0.08937703,0.05900317,0.037511867,0.08796154,0.09101983,0.10731116,0.097408414,0.13253355,0.14551377,0.16044064,0.11843278,0.094119616,0.09774274,0.080843434,0.03709464,-0.036486685,-0.017607676,-0.039000012,-0.08089175,-0.068564445,-0.12372459,-0.13263653,-0.11875985,-0.11050042,-0.10097527,-0.056196216,-0.090985976,-0.028163346,-0.017749716,0.017886434
ECG_0239,1,localized_spike,-0.060140774,-0.0015884236,0.036297746,0.052766852,0.1217548,0.16346973,0.12903382,0.19712853,0.14057447,0.09566277,0.09336826,0.09108931,0.08956488,0.05736167,0.054990165,-0.051430576,-0.0056490945,-0.07289417,-0.08993505,-0.16066284,-0.081483714,-0.087939,-0.011946175,-0.042053565,0.06565031,0.038021658,0.08360584,0.1799031,0.17111951,0.15279311,0.17521968,0.25948042,0.31026995,0.23549333,0.23387584,0.26168814,0.21290618,0.18555021,0.16043074,0.10070609,0.07680803,0.058463965,-0.038977318,0.025065279,-0.07735573,-0.11962251,-0.13271885,-0.16892138,-0.20101741,-0.19144075,-0.11506078,-0.1693183,-0.06684058,-0.13215701,-0.029766157,-0.0334191,0.15314233,0.2414386,0.46439302,0.7334049,1.1002336,1.3546681,1.4916387,1.5171717,1.3509177,2.2584128,1.950469,1.6383699,0.23506379,0.111126065,0.07312432,-0.035309963,-0.058826435,-0.056934215,-0.06881024,-0.13416506,-0.07994645,-0.0998012,-0.13213374,-0.071132496,-0.045685045,0.024849692,-0.013901365,0.05187191,0.12258637,0.2009753,0.22091705,0.25481358,0.30773115,0.30860716,0.4065481,0.39184543,0.3322174,0.4038553,0.3959389,0.38621527,0.35403034,0.2753812,0.21019126,0.20760792,0.23702778,0.16480607,0.08455279,0.09403699,0.08436115,0.020509401,0.09309509,0.047778312,0.05946363,0.057955086,0.07015976,0.10342019,0.12668414,0.07451662,0.17817354,0.16657096,0.222841,0.20423567,0.19720054,0.10428739,0.0806876,0.11853264,0.017371014,0.0603815,0.065864526,-0.022879252,-0.054128885,-0.062203143,-0.10952224,-0.1334355,-0.12087734,-0.18896124,-0.11297592,-0.15443008,-0.11810887,-0.12318746,-0.086062804,-0.05432806,-0.047323376,-0.01666375
