timestamp,vehicle_count,avg_speed,occupancy,weather_severity,congestion_index
2023-10-03 00:00:00,193.92076421122715,70.15797849594219,0.269857627994228,0.4090032947965826,30.229339763388094
2023-10-03 01:00:00,176.2747713777527,70.686235938055,0.23087655473726137,0.1949779849657287,22.181177685561266
2023-10-03 02:00:00,178.50931395520084,65.11444664961753,0.2526779804836596,0.3655079168224936,30.47262282703742
2023-10-03 03:00:00,200.8030260325737,64.85417754936329,0.26269178441647495,0.29012184934069085,29.19689120808296
2023-10-03 04:00:00,182.93402607980184,71.48521613025633,0.23639053099044,0.3795690365676474,29.295019189312796
2023-10-03 05:00:00,236.34360311832896,61.332674282106936,0.30781220193675274,0.008024717765386602,36.48891469134948
2023-10-03 06:00:00,277.79941253991456,61.457450747812075,0.45398927454973537,0.22378100682446173,45.89713308476271
2023-10-03 07:00:00,366.40020617507525,54.25937740954996,0.5663101025570406,0.23955306497695683,60.276598150240225
2023-10-03 08:00:00,384.14258690982945,51.50307680465183,0.6230315614295104,0.3622555779300972,68.85066780928548
2023-10-03 09:00:00,354.2184356348902,52.81098206677227,0.5325272204516809,0.136881231787216,55.44982477443862
2023-10-03 10:00:00,300.64459772787734,63.587060772648634,0.4077024512596045,0.0,49.33998424232737
2023-10-03 11:00:00,240.7438649155859,67.81194787238802,0.31608575291591146,0.05529405081707431,38.19632171499559
2023-10-03 12:00:00,202.6549690453373,74.77312380589771,0.3448930629011757,0.23901136257203667,32.65757482561025
2023-10-03 13:00:00,208.6619221826572,66.97651123558092,0.3383799263657106,0.2614991605905997,34.07028769713806
2023-10-03 14:00:00,282.4243438903287,63.75901864942668,0.5692026928266527,0.5530746620724971,52.53496154825399
2023-10-03 15:00:00,334.46695273012125,52.06534508944404,0.5270382259456446,0.3548943593184578,56.828219587537184
2023-10-03 16:00:00,385.93702440167465,53.01748327233843,0.6646393282539858,0.26467545026166805,66.42216687442397
2023-10-03 17:00:00,410.2040224520618,48.61230201869383,0.6820160854895689,0.2441695701793412,71.81507165174646
2023-10-03 18:00:00,407.1727313577069,49.66938974289002,0.6521506173917145,0.4487530087905447,74.34285662528436
2023-10-03 19:00:00,327.2983599882225,58.215005864674595,0.5816157522658465,0.14378011861166112,53.78376088531883
2023-10-03 20:00:00,255.4632972470404,67.32549980005734,0.44873086312898863,0.2247489182066922,44.80148348186896
2023-10-03 21:00:00,214.20509561034888,69.22891662608957,0.2420465803600919,0.05393353837510573,31.42925078251733
2023-10-03 22:00:00,195.61181718917402,65.02985762719926,0.2780927814607152,0.5054030887651547,31.747076693965788
2023-10-03 23:00:00,181.81582195771657,67.65055850869773,0.28128109514049754,0.32064980866029047,26.571741260878042
2023-10-04 00:00:00,198.060197913885,73.06123271708688,0.2415882285832364,0.12264580671928973,24.82085407455752
2023-10-04 01:00:00,198.94970936980255,71.27834252669814,0.21270611224015162,0.22939809814270457,29.591628867392398
2023-10-04 02:00:00,188.4988597452734,65.39530120672198,0.289673476372295,0.3417371373771304,28.74022373161601
2023-10-04 03:00:00,203.87659411872173,71.36857042868242,0.20078840282854893,0.20487059570999042,31.325362060990372
2023-10-04 04:00:00,194.7189764394597,66.8130796665175,0.2947688474735604,0.15379528809173185,29.799811286784724
2023-10-04 05:00:00,237.21230236143464,68.02145593949639,0.3705177026349227,0.13223073652282036,40.22357746457819
2023-10-04 06:00:00,302.8845045698076,58.256495687136955,0.49570685466848596,0.3110131418634007,50.716055333974545
2023-10-04 07:00:00,373.0476308240394,54.575140790976555,0.559052629102034,0.1855502297420767,60.62856834358842
2023-10-04 08:00:00,403.7496028874495,51.29050855704206,0.6772818183057259,0.1683236077427057,67.88909273645984
2023-10-04 09:00:00,367.30951116895085,60.47716015952333,0.5606254282821854,0.009508884090026981,61.26651148033099
2023-10-04 10:00:00,317.6995145997795,61.60318399838925,0.4908452801082705,0.26397530377489054,54.37225281851402
2023-10-04 11:00:00,221.42805602136605,69.15300345111561,0.3250487634945252,0.21737978101745653,34.63027242539414
2023-10-04 12:00:00,202.80807701300293,75.48389036897625,0.3728484416477076,0.19210329724444636,35.12915200405643
2023-10-04 13:00:00,212.518620082827,66.57433798325344,0.3407267327733757,0.2857787219479693,35.784670999385234
2023-10-04 14:00:00,252.91612295164674,65.49088038634967,0.48875648335509536,0.38464040729246163,41.83385016400688
2023-10-04 15:00:00,295.79540990642766,53.89232070903553,0.5967965741100418,0.3762817849492843,57.06021973585614
2023-10-04 16:00:00,412.4271236171666,52.92591481284611,0.6659114906273226,0.34949113016195726,69.45720786572349
2023-10-04 17:00:00,404.60968101571393,46.32776840539881,0.7068958920642889,0.20667934984557018,66.0258140613193
2023-10-04 18:00:00,394.34649238476624,51.355506878050505,0.6282452987435404,0.14794029953057647,66.54250249430514
2023-10-04 19:00:00,304.2394410323018,59.501758120508974,0.47818508143527433,0.06209518456196128,47.1240148742752
2023-10-04 20:00:00,267.22732813472777,65.44736916314682,0.42448514669385407,0.14323182867914525,41.25455843737079
2023-10-04 21:00:00,200.699527437807,63.81294852647211,0.3539562054811484,0.25353701712458254,35.140651383693005
2023-10-04 22:00:00,173.50543520798328,67.99808466582002,0.21455345966530096,0.10846849810255313,26.962580750809245
2023-10-04 23:00:00,185.58131113640374,71.14590499275678,0.2780836431077929,0.2672902850411397,27.66620353231513
2023-10-05 00:00:00,169.49387620400066,70.47054664433976,0.29235051243933097,0.07621779797586442,30.16742610108212
2023-10-05 01:00:00,171.44724578532714,68.501517394136,0.3087288708190695,0.0,29.830245236390454
2023-10-05 02:00:00,183.09738218524072,68.5979958104928,0.3196295336850342,0.3974931017556631,30.5551063789482
2023-10-05 03:00:00,195.25565106580356,70.10665888673147,0.21119621683789688,0.164605372834148,28.73462405637586
2023-10-05 04:00:00,182.3155175993107,70.39691377718275,0.24207482335697345,0.09933394241969962,31.37738330484798
2023-10-05 05:00:00,211.9894501764929,68.88189996810527,0.3195664301091851,0.053107514566461095,28.99574241965681
2023-10-05 06:00:00,288.1699147869625,61.31344251243725,0.5182632299628581,0.3261464754514721,53.97208897963062
2023-10-05 07:00:00,365.8508453276615,50.8629471248138,0.5717354551716078,0.4974833880642341,61.33341039486811
2023-10-05 08:00:00,411.9509435492837,51.55247375152415,0.6601054946758528,0.177446705018894,68.36203433654921
2023-10-05 09:00:00,341.77172928332004,57.38583176688877,0.5426040533672803,0.21119859256073528,56.825057000947076
2023-10-05 10:00:00,283.5730863461525,57.809255035765446,0.4962088240211209,0.442893731180033,48.17882964521898
2023-10-05 11:00:00,247.1602831764772,66.75152904683928,0.29516019519189224,0.0,34.90673016536849
2023-10-05 12:00:00,234.73280686848688,61.18972179183992,0.34542381994100674,0.60403635572428,41.586173664896414
2023-10-05 13:00:00,200.8399122429477,63.15234879340928,0.3359965123078853,0.6899380544187466,35.71607089460457
2023-10-05 14:00:00,247.35495132600414,65.67620434083769,0.4449455805235984,0.0,38.249547807739205
2023-10-05 15:00:00,331.3434919767996,51.852885756134576,0.5002931129262849,0.23244941879498374,58.425641671873095
2023-10-05 16:00:00,383.1380043986466,48.944306351227716,0.5708299520401825,0.12058953426347857,66.34827708038293
2023-10-05 17:00:00,408.6118115837588,44.82692733410582,0.6251819091127359,0.2023410812371479,66.76545313745214
2023-10-05 18:00:00,395.4663278491084,53.158422195975454,0.6347004757212635,0.1746906874691338,67.84543757158058
2023-10-05 19:00:00,348.80865800352177,50.70651416948987,0.5260318155381489,0.39611663772628447,61.19648827376868
2023-10-05 20:00:00,238.2743577474409,62.82303489068898,0.4352767262649063,0.22973741674576165,38.53325677540414
2023-10-05 21:00:00,234.95547959360266,70.12898554459579,0.3060398320514814,0.08603670144400782,36.54339501333945
2023-10-05 22:00:00,181.92332579087582,69.7508882153483,0.3369928276572638,0.21900667096687765,30.125631239658752
2023-10-05 23:00:00,187.8530379880511,67.91441611633542,0.2735152472855478,0.34266116265323376,31.997072500294173
2023-10-06 00:00:00,203.867655727768,72.57031011510061,0.294760452593817,0.03693016100224927,29.431641600845854
2023-10-06 01:00:00,184.93948611115442,74.58732191753397,0.2119971066865151,0.0,29.104885483688847
2023-10-06 02:00:00,176.0581722342586,66.81680380121824,0.25160360382948493,0.6086937041503576,28.390288257836765
2023-10-06 03:00:00,194.0284436017084,65.04868197115931,0.23592913280443262,0.13436319765248148,29.12564117248939
2023-10-06 04:00:00,191.99403188239978,71.81641814479633,0.2516971438735813,0.2252764623544859,27.4812099599098
2023-10-06 05:00:00,234.67760303028462,67.55714380430831,0.2963100016104502,0.17839682695139691,38.304078833573115
2023-10-06 06:00:00,284.74744481106114,59.88654871193962,0.48110777086424494,0.3486557867347856,47.64386088419166
2023-10-06 07:00:00,370.6793500786259,47.25949985575809,0.592607723438953,0.5691021861563879,67.64981911337988
2023-10-06 08:00:00,369.0961402831211,50.41824232344956,0.6411266536138093,0.35438809151127115,66.26880721290335
2023-10-06 09:00:00,342.63884889632044,54.567255699013295,0.5675114740441022,0.0,56.04281645784908
2023-10-06 10:00:00,267.20866649218897,59.662806630294426,0.36327264761039946,0.0008577831384646295,43.73096279942253
2023-10-06 11:00:00,228.67705136240332,65.97264489320715,0.37337718733927805,0.17818634044115506,38.750072588262
2023-10-06 12:00:00,182.19331554425952,66.82902393185843,0.2647363289962493,0.20171802408401202,26.511453623121042
2023-10-06 13:00:00,205.3588036065767,67.56830739739993,0.28919436738073523,0.0,33.0148493721472
2023-10-06 14:00:00,241.82450105457175,63.48224317037538,0.35128471256197613,0.3974813656313993,41.139305605118615
2023-10-06 15:00:00,347.8221340007341,58.8544461062595,0.5364716980841278,0.05446229958133386,60.654175777015936
2023-10-06 16:00:00,376.9439462489053,47.19550727206612,0.6049737666977717,0.518794281182636,68.77256955556835
2023-10-06 17:00:00,400.702102357558,43.822311330635735,0.6797675132806377,0.5777138674970297,77.84140985457238
2023-10-06 18:00:00,395.52434676006135,49.80540576398538,0.5960769076137178,0.20531436412620807,66.90618086665373
2023-10-06 19:00:00,350.86967601585,55.405594277462235,0.5324939850882939,0.32901507527527324,60.25824705771443
2023-10-06 20:00:00,256.1755859852464,66.09177517817764,0.38280821685057703,0.02824950002484372,40.111627153124125
2023-10-06 21:00:00,211.89967837975402,63.51812953458781,0.3755429148954098,0.36226173876624057,42.401928897518985
2023-10-06 22:00:00,209.90622598579628,73.39688259379442,0.2803032688809239,0.1603253637818134,29.41311519715939
2023-10-06 23:00:00,195.83959924242484,72.78315091706499,0.2987263588095921,0.05429764211409638,35.661637349463646
2023-10-07 00:00:00,126.38611968041847,63.57140284207881,0.28497310439165596,0.19791970211446286,30.405559635629054
2023-10-07 01:00:00,111.32452130061984,70.87893888446453,0.2288967506175863,0.16616535848703468,18.86169718007871
2023-10-07 02:00:00,127.35990655154559,73.02545360957147,0.24332691514011423,0.19147130745932422,24.943099158099514
2023-10-07 03:00:00,102.844047830997,69.32515634506052,0.3579439224215271,0.4209423825069446,26.048092884071114
2023-10-07 04:00:00,125.2363916764974,68.84928839736813,0.33428089895831814,0.10864463332556812,25.363851479380422
2023-10-07 05:00:00,188.32927705069415,63.33249421348195,0.4172891212930712,0.5623041399592976,36.55064803404392
2023-10-07 06:00:00,247.34755005784524,63.11237166003669,0.46906459996275607,0.011489266091436356,45.205489996076864
2023-10-07 07:00:00,304.3243271138209,54.36099800878027,0.6189529342385157,0.5407774491721471,58.507059406134694
2023-10-07 08:00:00,301.06930985072444,49.925156738693744,0.620123903206748,0.06702808805679514,62.19548793390744
2023-10-07 09:00:00,279.71835033797834,53.24486194591644,0.5733798545258149,0.2498176181434092,55.31225645356036
2023-10-07 10:00:00,218.15050643599716,65.51269477639036,0.5147451772131939,0.16176469957395645,40.742051094052776
2023-10-07 11:00:00,166.94800733026764,66.31659653870378,0.33298788052111405,0.18812883912318618,32.941615276599876
2023-10-07 12:00:00,126.38022156881664,70.44848626011782,0.3418091513186357,0.3942443025439988,21.99194801815007
2023-10-07 13:00:00,152.04157137884553,72.04778641046349,0.2959332329748036,0.5199688235011859,25.895240072144006
2023-10-07 14:00:00,224.94655869543422,59.86858558678003,0.376422358649549,0.46429444689201554,39.206601998540954
2023-10-07 15:00:00,271.6395287105318,54.241004417782385,0.595161339553555,0.1771258601784674,55.24634930961529
2023-10-07 16:00:00,335.08655096595845,49.655494282105934,0.6736446618389357,0.2831659400328196,68.16249053429121
2023-10-07 17:00:00,344.7369566161308,51.87364925494072,0.6724151376899835,0.10922598273969483,64.61601521723887
2023-10-07 18:00:00,307.21449695288715,55.11013923269245,0.6309337971673867,0.07152094373655493,57.21332194356724
2023-10-07 19:00:00,247.14441231427952,63.98694247205834,0.4547845761858898,0.043665836968839605,42.05309947289089
2023-10-07 20:00:00,172.72575495331654,63.39573748120324,0.38635291691183704,0.17123680474285674,36.34984850065491
2023-10-07 21:00:00,153.6059969105326,67.88333294900369,0.27800824916160827,0.2949290135826896,26.963778283764302
2023-10-07 22:00:00,136.30315113572954,69.25396333289856,0.25664129429081534,0.0,23.399548756218767
2023-10-07 23:00:00,108.18680987688795,63.554889034430936,0.3060442327409617,0.24165633353546218,27.464763743531623
2023-10-08 00:00:00,122.2236850098773,67.71737251270704,0.3204286517508078,0.5228845224189145,28.825947057174222
2023-10-08 01:00:00,142.09453947010698,65.49495109247344,0.35885856309612224,0.4519439924333425,27.36399475695071
2023-10-08 02:00:00,149.88599809245497,72.40644053915415,0.2771235853229411,0.14466686622520014,22.159110630127923
2023-10-08 03:00:00,134.81196452252559,67.01744733336618,0.1562870516383839,0.0,21.325587909278042
2023-10-08 04:00:00,131.96891735801123,66.23880999516489,0.385622834452328,0.3327694551636688,26.666405040239407
2023-10-08 05:00:00,177.92890094450925,68.65285479136986,0.294467827918565,0.0,27.02127956132384
2023-10-08 06:00:00,248.09480954189786,60.090769410002395,0.4811630099273046,0.4498277408588819,43.208278085035076
2023-10-08 07:00:00,267.6536345569319,54.95221478626086,0.5714987231942205,0.2115542575810167,54.816528995188875
2023-10-08 08:00:00,352.24065123832054,54.030409021653675,0.6676161818416011,0.5796340577039321,65.71442861680453
2023-10-08 09:00:00,289.67287094882965,60.67960786367788,0.5483318502932922,0.0,58.22848041121307
2023-10-08 10:00:00,220.31814854114583,57.67741775584925,0.47476842277560855,0.41526632053740997,41.875489274111104
2023-10-08 11:00:00,164.19957321155965,69.90751608796528,0.3030866882811148,0.23190840937344429,32.1744831086582
2023-10-08 12:00:00,149.93765090804243,72.66490172556986,0.41529312055748857,0.19041090433502553,31.909468097443337
2023-10-08 13:00:00,139.0674634270975,68.40637305881198,0.3386674375999472,0.003428176261813992,26.624781817975865
2023-10-08 14:00:00,194.16491960273962,62.06865900040183,0.4250202910449523,0.35723462320810895,37.688589592203805
2023-10-08 15:00:00,273.50614865512006,55.55077243571663,0.6156874134416743,0.3717047292598344,52.76464039314307
2023-10-08 16:00:00,335.0827202706528,46.401566074094035,0.6349121735907486,0.5713230043538602,63.85704661316591
2023-10-08 17:00:00,365.71250561683013,45.18421374524352,0.7478809700329385,0.43144904731490663,72.94316113607827
2023-10-08 18:00:00,326.93973806785635,54.73858280783192,0.6127519660786261,0.1430988407879677,58.58671220328435
2023-10-08 19:00:00,275.973007984365,59.19532793320203,0.5277666652777858,0.06930473494884734,52.522449807392995
2023-10-08 20:00:00,213.76283400397452,63.44279951405436,0.40369929449175923,0.0036715419659704707,42.05671027198899
2023-10-08 21:00:00,167.42705765935065,62.58619053017452,0.2648995861641392,0.5151803822151046,33.43363199797196
2023-10-08 22:00:00,136.95901756226618,68.25868243311137,0.22217980340104604,0.10992862882998414,20.83741912930292
2023-10-08 23:00:00,136.74954830003333,67.2144330097527,0.3697674844573975,0.5164413764148352,29.05855563882951
2023-10-09 00:00:00,193.07080367296103,71.5264014156062,0.2743728426396793,0.344512967355172,32.034301703582884
2023-10-09 01:00:00,220.20725082688494,67.36962559323483,0.3611008460891724,0.3093825186869129,34.29977955184309
2023-10-09 02:00:00,198.79154400797702,72.65152925123486,0.3227489513427677,0.1947637037391463,28.953266703836615
2023-10-09 03:00:00,181.9246472117581,69.26195351079409,0.28350746951851535,0.36892112434040514,30.000319510739942
2023-10-09 04:00:00,180.91633560718333,69.12868061808302,0.2867001611476175,0.24721526268937563,29.080900607082057
2023-10-09 05:00:00,222.94023346497875,69.0798142923486,0.4123863798441506,0.1835416075356141,38.2119251988329
2023-10-09 06:00:00,282.84088695272874,61.86463582041671,0.5513449885730191,0.37528086159667606,50.0398458136716
2023-10-09 07:00:00,365.4333951396783,51.45927207144869,0.5572146087517741,0.2240850203401965,67.5733586157709
2023-10-09 08:00:00,379.50577199353484,50.438686530320176,0.6721733997205747,0.10629973982701116,66.68260975176823
2023-10-09 09:00:00,375.72433083053164,53.31840697080326,0.6234071225411597,0.3579688195829172,66.48820465008836
2023-10-09 10:00:00,267.4991477767787,61.692438454496425,0.5025648880558564,0.23848258198685826,49.348007769247324
2023-10-09 11:00:00,205.03561575560218,68.44666791461401,0.37060755191415534,0.3380038021164048,31.365641501352986
2023-10-09 12:00:00,203.10964870752585,68.59891234896067,0.2827065253365977,0.16830522549624644,35.948842752047675
2023-10-09 13:00:00,203.09789149464632,72.74392982956502,0.273328000648721,0.032358165157427954,32.46036410024817
2023-10-09 14:00:00,239.56362231333944,58.547832888200965,0.3912822753034707,0.5623133132525695,42.614421179915794
2023-10-09 15:00:00,316.07094123257906,53.080147085413664,0.6341168247394742,0.5283900539374433,62.257865076557096
2023-10-09 16:00:00,380.38186409535905,48.547791973783696,0.6620027775243236,0.409081293027153,67.92992173592002
2023-10-09 17:00:00,420.1523028699214,46.515353895592845,0.6422288630991788,0.18019407663263082,73.97818700064748
2023-10-09 18:00:00,382.49220692886087,53.91603618936622,0.6803400928330304,0.19594276483100695,62.836837969418774
2023-10-09 19:00:00,317.480343323674,47.74119665363612,0.5354698836441601,0.49881894026136364,59.70666708412691
2023-10-09 20:00:00,257.8436064006123,62.10823864307479,0.37894607539956254,0.18631059323786564,43.13162450229064
2023-10-09 21:00:00,227.69409153794135,70.80402266162034,0.40317521176888527,0.13613991345748644,38.84418530020465
2023-10-09 22:00:00,212.606046051951,65.55657332469545,0.2739256214398192,0.5870022416145615,31.577812157351133
2023-10-09 23:00:00,184.88267260643912,72.5064741134639,0.28820947559579874,0.241418017309503,29.145338203281465
2023-10-10 00:00:00,183.38804169279788,72.94725832560985,0.28320301107770507,0.5683165591324921,28.637883385430328
2023-10-10 01:00:00,177.3118269671851,72.19585028387885,0.22007921524459464,0.0,23.797470192367395
2023-10-10 02:00:00,187.73926725813257,72.13153190208375,0.22664069816077317,0.3432732789012103,28.80890531400721
2023-10-10 03:00:00,189.1090996700494,72.78641550107032,0.32008917686549043,0.6227948678589907,35.08382558882797
2023-10-10 04:00:00,214.47924016371257,69.7116835589855,0.2648986817201067,0.25535513403859517,28.937066539409606
2023-10-10 05:00:00,198.52676784903397,66.24366528266357,0.3719985979526553,0.20247919139179668,36.786621406368575
2023-10-10 06:00:00,284.3001936310453,64.69621197324501,0.4317962944199912,0.03980465483228446,45.4029768205317
2023-10-10 07:00:00,362.8499046607049,56.16521485064311,0.5782473302214839,0.4448217497983445,60.11535061774567
2023-10-10 08:00:00,389.61535630824267,53.01106476777585,0.5764127423098901,0.11137694512467627,65.0059068409975
2023-10-10 09:00:00,343.7540777762839,53.682863953274776,0.6269311824201779,0.23293445930980206,62.146413088783866
2023-10-10 10:00:00,268.85209267660105,66.7815386314555,0.46282091304309364,0.027789589637329942,45.955438609703954
2023-10-10 11:00:00,241.61832919078134,62.820794825041325,0.35853173524646276,0.5302410280175378,37.35901043031097
2023-10-10 12:00:00,193.78250107045986,69.10397241703527,0.28419245384132663,0.4578793559306229,34.01743325731926
2023-10-10 13:00:00,189.41276985999497,67.44620462588635,0.26117907481612146,0.24431474514163642,30.685053439898276
2023-10-10 14:00:00,271.28572302325233,69.04241554032772,0.4369410544641629,0.04225319159435295,45.73375529542247
2023-10-10 15:00:00,332.5117340643427,52.31689319506382,0.5938555084112772,0.5264632688636738,63.04755701439059
2023-10-10 16:00:00,390.0660400696694,48.98413926118471,0.6809328980321379,0.18413228913151353,64.7466903770159
2023-10-10 17:00:00,406.2820140099927,51.727686298088685,0.6702952627647274,0.05106312865284665,71.64188604934952
2023-10-10 18:00:00,390.0976471030174,49.75921883670091,0.652889200349623,0.0,67.96271573043057
2023-10-10 19:00:00,343.80117270521316,57.87808640106795,0.5592032678451065,0.13372627625912054,61.03184501043472
2023-10-10 20:00:00,233.6961028834997,68.72866879983647,0.3835622207327937,0.0,36.77424142618156
2023-10-10 21:00:00,189.02080372581605,63.45740542604285,0.3063041192784268,0.13789224942589157,35.37993325216168
2023-10-10 22:00:00,181.128384225933,68.96678708028165,0.26780152215353253,0.3839935720655887,26.87645718849435
2023-10-10 23:00:00,182.26650386728008,73.32554178559369,0.28995453089568807,0.18242797048445802,30.293539961623356
2023-10-11 00:00:00,172.56051644298338,69.42261280330197,0.30377919241197304,0.31402480878046796,30.527878755053376
2023-10-11 01:00:00,189.70188085412804,68.71875850010133,0.24581797344643472,0.11979976128419828,29.259444838061288
2023-10-11 02:00:00,196.8530471239716,69.20501898500706,0.2654909410741455,0.26173043194556167,28.33294589971955
2023-10-11 03:00:00,187.43734088039932,64.85853398472507,0.3063107636126941,0.5957621479754838,31.607162944116922
2023-10-11 04:00:00,202.99801007372795,69.42401337816791,0.32469610143915495,0.18727250595515862,35.83874729762606
2023-10-11 05:00:00,230.9388305667205,64.73831449121576,0.30504226522355476,0.3191972987715386,40.49741086900063
2023-10-11 06:00:00,287.9602811504582,61.47533461218194,0.38548596575121724,0.0,50.8995994857883
2023-10-11 07:00:00,338.35867612656983,53.7396626367231,0.5552022678644124,0.5236191020350367,60.184884437472036
2023-10-11 08:00:00,374.5897400573349,56.63408516444143,0.610485831517313,0.16410280678992425,64.24273650827486
2023-10-11 09:00:00,337.57789610314666,54.06273251540098,0.602930191760374,0.43909605698317017,61.50168923866108
2023-10-11 10:00:00,286.1150209407919,64.24691060481555,0.4106424628353653,0.22782754676339706,50.82753516682616
2023-10-11 11:00:00,233.007663269164,68.8056471523081,0.4051299981179557,0.3600842857037451,40.74688803071408
2023-10-11 12:00:00,183.39745305468546,65.3498266872953,0.38835692182638565,0.3707822368979801,35.09722504668857
2023-10-11 13:00:00,216.82520293910912,68.08221475288863,0.3456751463956929,0.16856073888771095,35.27511205966455
2023-10-11 14:00:00,245.30888519920074,60.17831380106768,0.47678751960748117,0.4465431584371333,44.961952199070126
2023-10-11 15:00:00,309.58900040459883,54.03874275382162,0.4795736544017085,0.11338272448124206,54.29135234368192
2023-10-11 16:00:00,382.4239102831323,50.3538254742758,0.6240052846838439,0.39002815960495774,64.57986809052585
2023-10-11 17:00:00,403.1931404262324,45.93149690121509,0.7085617436445922,0.17976304705002444,71.0161273957379
2023-10-11 18:00:00,400.89915552296407,51.2924618461112,0.6504046537575502,0.3129204307537708,68.79365871807411
2023-10-11 19:00:00,323.0472924266912,53.43190017045402,0.4856981973759789,0.16684125957623303,53.88365749724215
2023-10-11 20:00:00,270.1448030287455,63.21316281255329,0.46925550771546976,0.2589956754471872,48.24789812230076
2023-10-11 21:00:00,205.82802269531592,64.64335018853781,0.3244479417519214,0.05655513369548193,36.70558882310459
2023-10-11 22:00:00,184.45957314136385,70.36156731826289,0.32599653675370155,0.29456025724398294,32.1774047707237
2023-10-11 23:00:00,210.76689878137998,68.70852140984317,0.2534911010369828,0.25795381029272546,33.208099369187856
2023-10-12 00:00:00,155.658987836035,69.55291878520501,0.33248173246177687,0.15277236026695495,29.426333138720466
2023-10-12 01:00:00,199.32685087791822,72.89039106599881,0.2678717230316857,0.2400949660497467,20.817330808871482
2023-10-12 02:00:00,205.3383985219338,68.95849059459078,0.3190419145527177,0.2741208057102238,31.49221085828927
2023-10-12 03:00:00,194.74307170520981,70.88561629659867,0.24601880952530766,0.1390557304122798,31.364158860790734
2023-10-12 04:00:00,189.63446787682102,68.4381696948965,0.30374746808967273,0.22682345636865955,29.64352318166795
2023-10-12 05:00:00,248.26086836246154,68.70013262551525,0.35730906872116874,0.06900065063891422,41.43176265764635
2023-10-12 06:00:00,282.99123938837846,59.98799264789327,0.576735584287691,0.6722319470129814,54.87982178034928
2023-10-12 07:00:00,347.17527283812944,55.32720473712762,0.5727452207953718,0.4406413588374733,59.27679747164222
2023-10-12 08:00:00,384.1855905084994,50.43919162745519,0.6380350270995412,0.2991569390136792,65.62397975392875
2023-10-12 09:00:00,349.2887671709475,56.0907235801032,0.6161817411347181,0.4609803269458051,61.49695443579894
2023-10-12 10:00:00,274.14324599141446,60.419488645012784,0.37402113598938513,0.0,44.41852195313029
2023-10-12 11:00:00,246.17361031198288,65.88305441004192,0.2457877408451447,0.0,37.47218714000166
2023-10-12 12:00:00,193.53466353707933,68.03816262766424,0.27075198792079735,0.17812760888501689,25.217259693659685
2023-10-12 13:00:00,215.2915723987584,71.34568790132136,0.3511402087904371,0.0018584541516203923,33.335986921452225
2023-10-12 14:00:00,236.78055178212182,60.22836158553289,0.47661897642107437,0.20741100559930073,41.976057876423184
2023-10-12 15:00:00,326.0891507838896,58.58377895050178,0.49662466424689405,0.2870181953070818,48.082850367442646
2023-10-12 16:00:00,374.4652608682018,49.1223839646629,0.6135553380698263,0.41567460970131004,64.39020586415761
2023-10-12 17:00:00,402.29300055752964,48.55474165112742,0.7359015671296505,0.04511248283046157,69.03216892126315
2023-10-12 18:00:00,390.15995010213356,52.754114830943486,0.6302250029046246,0.3219335235088129,65.85268244771144
2023-10-12 19:00:00,341.4219426751391,54.62892722505786,0.5151302624068735,0.2525901447674019,56.31860934166132
2023-10-12 20:00:00,264.5227974900286,68.07142269550796,0.4759745635911603,0.31255167578795523,46.33401156277995
2023-10-12 21:00:00,220.11727376890136,67.32949090651347,0.3742729546392269,0.15644104886435203,36.8536554421452
2023-10-12 22:00:00,188.59610636993403,67.41627711946107,0.35571256517378097,0.49896432517518163,29.489837140391995
2023-10-12 23:00:00,177.63155519192037,73.76191707009394,0.20934377801953857,0.23136844328264927,26.76737911393487
2023-10-13 00:00:00,191.87200448865363,67.88458223078479,0.25660522872611036,0.5693528002306784,36.50090826888636
2023-10-13 01:00:00,171.6119747918107,74.1052205236353,0.3056927147988603,0.10773004233719974,31.283427851166508
2023-10-13 02:00:00,193.03705027396185,64.00281492259813,0.30195406295965144,0.3837089211919996,34.841713097008856
2023-10-13 03:00:00,201.7950133452982,68.70036064629383,0.24824292718047877,0.23925967349910485,30.433957517542744
2023-10-13 04:00:00,181.97072317274973,70.21308138932471,0.2796374890758654,0.19100636499998253,28.465309911964845
2023-10-13 05:00:00,216.4406548518673,67.77667093605396,0.40891665586090986,0.3638167612841584,36.81644213588105
2023-10-13 06:00:00,279.63222719050935,63.113537124025925,0.5104153909698778,0.1961487737458739,49.75400267088781
2023-10-13 07:00:00,335.75761723748906,58.45332723543139,0.546031237411621,0.0,54.24873383799962
2023-10-13 08:00:00,382.9685746968664,56.65176316934368,0.5725401071727695,0.0,63.65348227312823
2023-10-13 09:00:00,377.36341931601817,54.11120999686587,0.5832933747146694,0.47903598885112886,61.91926874416662
2023-10-13 10:00:00,272.65895973017797,53.58083480649187,0.5314820130656109,0.4714465224183452,47.35405342721296
2023-10-13 11:00:00,249.40143443015762,66.62699636216259,0.44467480652672847,0.5897213703260704,41.29773082078823
2023-10-13 12:00:00,198.63472195710995,65.71376351819195,0.32522740079674506,0.24684491530920807,37.19788016606379
2023-10-13 13:00:00,247.4468117891203,69.38901103729971,0.29282015926179955,0.01732573564037959,37.12640600959854
2023-10-13 14:00:00,248.20993414337246,63.86974081527175,0.4479796841506405,0.17447490832281976,34.81369786190912
2023-10-13 15:00:00,323.4672613103193,56.75308189816614,0.5949656871471539,0.2520564127650363,56.346950653842
2023-10-13 16:00:00,378.1514055536569,49.26968191132629,0.5693898898278843,0.06873311962868034,66.66320286508709
2023-10-13 17:00:00,409.6847762976207,40.77929456206709,0.7153775576290511,0.546743450135296,74.02640833626414
2023-10-13 18:00:00,411.87195625645063,44.85423568996626,0.7321981313260054,0.6531105183358726,75.84446886475997
2023-10-13 19:00:00,332.6854089745098,58.03319733897633,0.5412988229193887,0.336090526131432,55.740915204796124
2023-10-13 20:00:00,273.34885886159344,59.25673485627175,0.3916150339868446,0.24804452559432474,45.82321146744754
2023-10-13 21:00:00,192.7466284620595,66.68667379276715,0.31593893772085435,0.016905943874602203,33.007650250234704
2023-10-13 22:00:00,200.36729086698787,67.85163928431912,0.33611749433141713,0.5283581013080892,32.46027106601043
2023-10-13 23:00:00,168.09450941837108,67.07715858136679,0.2359658071816151,0.2637352259528284,29.03366238887831
2023-10-14 00:00:00,99.9451172157473,69.05835669552178,0.2734350031017294,0.19795040828608979,25.56134927491869
2023-10-14 01:00:00,123.64112430942608,69.50655176877335,0.29845386129499113,0.3366113359614168,25.777346757590795
2023-10-14 02:00:00,123.9486129584176,71.5054139103764,0.24569094538481193,0.1445719247819466,22.748732530300128
2023-10-14 03:00:00,124.05599605577457,66.89136551497248,0.2518905743142233,0.2764375311619273,21.78642776455434
2023-10-14 04:00:00,145.35490110680135,71.10165515472103,0.25280370461205226,0.0,27.284024323149996
2023-10-14 05:00:00,179.96083205087055,65.41538811190446,0.3338266273055827,0.44567569406543817,31.33952487474118
2023-10-14 06:00:00,249.86359987463393,57.72583650749588,0.4868415283629955,0.23120601259557882,48.18750901912655
2023-10-14 07:00:00,279.90691164920275,53.63168116642575,0.5527829797961534,0.45858415491412213,54.987264988997275
2023-10-14 08:00:00,352.53985935312767,50.49729658518762,0.6289581082052017,0.2137954879885085,66.13557270959402
2023-10-14 09:00:00,326.0763456031592,55.2618643065192,0.5539899445568149,0.2254840524188839,59.74858151374266
2023-10-14 10:00:00,222.84914261842766,64.26380165707161,0.4055456500593295,0.03178286290744764,42.04892155288922
2023-10-14 11:00:00,144.49611755425076,64.20456160079748,0.4262900651006914,0.3867562551432657,29.54672253084464
2023-10-14 12:00:00,124.38390513036933,71.32743341201551,0.2967762617323628,0.09234880827584352,22.217218262827842
2023-10-14 13:00:00,148.80850651857332,69.4210375820201,0.30173558793078037,0.16244397282413886,23.987430743318807
2023-10-14 14:00:00,228.6492539777152,65.08109546912618,0.3816357009221696,0.2501884934948566,35.547320957018606
2023-10-14 15:00:00,265.8831905606994,57.48442617772746,0.5455868885801805,0.2718203530640842,54.286572115999704
2023-10-14 16:00:00,322.5463897802657,55.33656580541684,0.6537203716925931,0.0,57.89402927337282
2023-10-14 17:00:00,349.71925402604865,49.2950740278648,0.7416761674506094,0.20845494421215705,64.82615887303312
2023-10-14 18:00:00,311.9584338784879,45.27178467243899,0.6532566129424834,0.3931414393558684,61.73508750920089
2023-10-14 19:00:00,278.685999142631,55.220955582732,0.5138235519202707,0.18189915378569754,49.329098558251104
2023-10-14 20:00:00,196.53556100314543,62.65311677700157,0.4125470389028099,0.2095482842416021,43.356556553145445
2023-10-14 21:00:00,183.97791062334647,66.57070143211324,0.34144911445867426,0.27923308915169076,32.29905504037213
2023-10-14 22:00:00,139.9680050160159,70.10911738126727,0.2603039570822325,0.22732712214154016,26.03947515858615
2023-10-14 23:00:00,135.1152039100372,69.22216471169675,0.3196129787005282,0.0645072095702312,24.802096471502978
2023-10-15 00:00:00,116.37332245009992,75.07369061563332,0.2752427982329461,0.24345769773995718,17.714717706566372
2023-10-15 01:00:00,103.69417715402042,68.30727752778517,0.3143823044597796,0.4289331706010613,21.903009800534992
2023-10-15 02:00:00,107.4168232523087,71.44985633472659,0.27392457878816856,0.060788329491923726,20.076275914590784
2023-10-15 03:00:00,102.71710510295108,68.58331178773773,0.28984299390762536,0.18259325989255276,20.887239540773344
2023-10-15 04:00:00,148.24744571465774,68.23040506928476,0.23428597375587312,0.0013063616916861032,21.306741395725503
2023-10-15 05:00:00,161.0836094776771,64.31230884714054,0.3697844182544932,0.4194487510882621,32.64768824084662
2023-10-15 06:00:00,242.10516788060943,60.960358546660906,0.5442634289377082,0.2333755227691818,46.367493223602835
2023-10-15 07:00:00,299.80077265840373,55.77027419675323,0.6194533242192879,0.09696406595094462,52.96510760590516
2023-10-15 08:00:00,325.61734033481764,56.004145956844816,0.6329579146542562,0.26660780802577194,60.02833266536259
2023-10-15 09:00:00,280.2976307331973,56.17335970515996,0.5350701161067121,0.03335196131881851,53.75801483526939
2023-10-15 10:00:00,232.86708385964835,61.98377743202205,0.34830063473315576,0.06397080433712685,42.17856678425489
2023-10-15 11:00:00,166.2439975536465,69.77749788968077,0.31286788738916177,0.0,23.37504139199868
2023-10-15 12:00:00,158.6691477457374,68.89118286803428,0.2954339294708816,0.05797973723966804,26.472345317168926
2023-10-15 13:00:00,145.005117094445,66.13733595487979,0.3490065858219813,0.49432076511996514,26.11183163086995
2023-10-15 14:00:00,207.67874672555942,60.67110673012484,0.3891181727608194,0.11803870036913272,36.848967953270396
2023-10-15 15:00:00,290.23971680098975,52.80198867324537,0.5631315703257113,0.3339205220772662,58.14095889410165
2023-10-15 16:00:00,335.8924902514387,52.09406903519382,0.5905892027360999,0.0994657444079341,58.466868330170186
2023-10-15 17:00:00,371.7796596925363,46.32720276490778,0.7195781559045777,0.3867160742373794,68.6009159602916
2023-10-15 18:00:00,340.3776224462385,50.04006323057763,0.6227688887122032,0.0653052398323632,60.3024410727873
2023-10-15 19:00:00,294.03873096518794,56.90446657400247,0.49515683980939423,0.25706102699711614,55.68014849800299
2023-10-15 20:00:00,203.48999849933912,63.304290066662944,0.4792695508096677,0.2595132357764108,34.80289407078573
2023-10-15 21:00:00,162.97985075294264,61.895841891400906,0.40365371042762765,0.6690049605567865,32.904784363093164
2023-10-15 22:00:00,130.0007236418798,66.82858548458285,0.27334517569808925,0.3634765518364297,23.079823886741288
2023-10-15 23:00:00,111.05033113393675,71.15092523040005,0.28968354967054305,0.1432772774207308,18.552227925604328
2023-10-16 00:00:00,161.88225962602255,66.46041380022362,0.2317605502846453,0.3733088134570925,29.762037320524247
2023-10-16 01:00:00,199.06349321117287,65.40583526018655,0.287047360415783,0.6348714046873374,28.346459503950804
2023-10-16 02:00:00,165.3951473871083,73.29022031220325,0.3039703550303968,0.0,26.985713508556813
2023-10-16 03:00:00,194.44377675803878,70.87451470103217,0.2793222670137502,0.09835323233762919,30.53809454705172
2023-10-16 04:00:00,200.8317743731428,67.89742323850153,0.305902944798157,0.20735843935960713,31.17400308286445
2023-10-16 05:00:00,240.62411745980137,64.32659053189798,0.38506669758907225,0.17492411911444883,36.29736564606033
2023-10-16 06:00:00,280.0969794479802,58.704627184504666,0.47315760887015523,0.19010379430062255,48.598917941633886
2023-10-16 07:00:00,345.9011079065421,56.311952724377264,0.5371519260223317,0.01523819219321626,56.413909650221036
2023-10-16 08:00:00,395.6851932428707,55.041953154436584,0.6877442221666995,0.5027120896390022,70.81350067011728
2023-10-16 09:00:00,353.45654815961285,58.17041538017483,0.47885127516189596,0.0,57.83412341887055
2023-10-16 10:00:00,269.877167816114,57.666512891432845,0.4253119205231708,0.21396169426795017,51.46925107976484
2023-10-16 11:00:00,258.6013759354536,66.00130355984892,0.3727082467334509,0.4382495065169256,41.80946112222207
2023-10-16 12:00:00,193.2652663369679,65.92893501282063,0.3391385529117449,0.24456672571374652,35.448808131505565
2023-10-16 13:00:00,200.83178655280378,68.14173856283574,0.30663810282330844,0.07370904995750158,32.1173242029641
2023-10-16 14:00:00,254.80509360041322,63.28296961290539,0.31658301171255154,0.007238381852687631,44.1714831613706
2023-10-16 15:00:00,344.41986909502043,62.039300027076806,0.4487231464778975,0.2086001447149992,53.64174040622063
2023-10-16 16:00:00,359.30312588468865,48.839501374855715,0.6293066164496698,0.11373467814691604,64.50861339871679
2023-10-16 17:00:00,437.5485421200398,48.488473191022806,0.6795836175667049,0.28694159650653606,75.63313898294705
2023-10-16 18:00:00,378.12716623173026,50.87175759251604,0.584249631310364,0.0,62.9013401678909
2023-10-16 19:00:00,329.5352372990489,57.33262419224023,0.5012866694386019,0.39634643263977193,53.94985700205677
2023-10-16 20:00:00,247.7764877480747,63.42488895423714,0.4187849696387769,0.2707989141696036,44.09389781779046
2023-10-16 21:00:00,242.35922078694006,69.88564097629649,0.38734832504070477,0.28417055098344585,41.29419490562235
2023-10-16 22:00:00,192.41416536925442,68.75353138625891,0.32474731392497674,0.5093938200832031,34.160094914142746
2023-10-16 23:00:00,172.04478591405962,68.65219292163037,0.3244095629666613,0.17119681029306413,30.4850012931501
2023-10-17 00:00:00,175.48852508367472,78.33526292042883,0.24698379081248434,0.11935299494801968,26.516869066398744
2023-10-17 01:00:00,181.40418835014805,72.17223362523663,0.2829773339696347,0.15140254689756283,31.654815951754294
2023-10-17 02:00:00,183.18568707367942,68.85596584884878,0.3264836549375522,0.21534521748581356,29.06279938519113
2023-10-17 03:00:00,189.83724651410714,70.36577106532914,0.27247399770334146,0.23362631893756086,30.177205116642327
2023-10-17 04:00:00,194.57045580215166,71.52258667089787,0.2854055411178346,0.10047440741168084,23.516289089158196
2023-10-17 05:00:00,206.19990103723467,69.46564297960681,0.3131162129400206,0.0,35.28000272933252
2023-10-17 06:00:00,282.7136447232035,62.8062939236484,0.46829963259611773,0.14903277984177313,46.102208525544604
2023-10-17 07:00:00,366.86193224640317,56.66130339094946,0.6138379149442057,0.3147686199316402,61.07713872862682
2023-10-17 08:00:00,379.9613735756893,53.97333412645891,0.6415206821137623,0.2745264951256286,65.60134039422402
2023-10-17 09:00:00,367.93339245320124,50.909674922015654,0.5838237996077168,0.46591980456864884,65.03801101146779
2023-10-17 10:00:00,288.81836485957535,63.164601689523565,0.4308245531627077,0.6019875779134819,53.23343001038984
2023-10-17 11:00:00,226.25739044885105,69.56803810646228,0.36949215079622133,0.3866800788625243,33.4593035483388
2023-10-17 12:00:00,223.0485472145,67.79426785130646,0.3349799404501429,0.4988537156334807,34.148613505330005
2023-10-17 13:00:00,189.6643055668148,65.73614121703,0.36050894873521033,0.38801937260736163,34.99171743283707
2023-10-17 14:00:00,248.30731664913415,60.490487957179354,0.44767147548538705,0.557781866066929,42.739673301497334
2023-10-17 15:00:00,344.11342120283336,53.176573932245766,0.626053955568047,0.5831536541724281,64.14522997104528
2023-10-17 16:00:00,419.25488897884594,48.729010170992936,0.6349214347977411,0.42120973074020684,70.44499594686015
2023-10-17 17:00:00,454.2901751714836,41.51582687463994,0.6447048003750725,0.37714842635642537,78.69495433591221
2023-10-17 18:00:00,392.55460170864933,54.70626006301626,0.5962531241376438,0.21305820905127387,64.74740034066839
2023-10-17 19:00:00,332.43581939165824,59.65948524357703,0.5036538871737098,0.24255928942649624,56.3341171708203
2023-10-17 20:00:00,270.1780095824667,59.152414493500146,0.4485532512027615,0.18918928035695282,44.67929255588604
2023-10-17 21:00:00,231.60659705928424,68.3529912362687,0.2911336447467935,0.36182528996111,40.27729074316238
2023-10-17 22:00:00,195.24124308974055,70.05140211437757,0.233935159635064,0.12033735327531728,25.185522765875586
2023-10-17 23:00:00,196.55839302086915,69.53317966995256,0.2927821152271487,0.2156008822396162,29.986282789174673
2023-10-18 00:00:00,186.90150191790792,73.23168420758962,0.2839804018730375,0.0,26.006104914969395
2023-10-18 01:00:00,187.8929913552484,63.15667124447425,0.24414545557648518,0.5601561810590516,32.8330258738065
2023-10-18 02:00:00,166.7449994037452,70.24474290426139,0.20101683165774853,0.2103145751344627,26.789806952810736
2023-10-18 03:00:00,178.31760347064395,69.26359774694532,0.2571653326612811,0.3320044787205838,25.7450230505844
2023-10-18 04:00:00,186.74998694621908,66.85120743429911,0.3518538540259796,0.5124016050480524,36.0395910503844
2023-10-18 05:00:00,209.02390548268758,62.13251073642272,0.36422991283881195,0.30405281873941237,35.62100975834277
2023-10-18 06:00:00,263.0435814235647,59.79592089826528,0.45069533697688874,0.5099818663768176,47.251977384403105
2023-10-18 07:00:00,351.40764414490803,59.20088690525235,0.5784961026154651,0.026487193812753967,61.12286753556455
2023-10-18 08:00:00,386.0513807748304,49.56522493465318,0.6731418189869525,0.6815277861275864,68.12286661380492
2023-10-18 09:00:00,359.4172293981432,52.61754031038558,0.5866736601899958,0.4456798357279778,64.59407783429873
2023-10-18 10:00:00,296.6786604778103,67.13171697093094,0.3948064256879499,0.2876564486475954,45.39032335077386
2023-10-18 11:00:00,232.34532645443574,61.37570799052645,0.35259202112248267,0.5065142798725801,40.2853984746923
2023-10-18 12:00:00,201.28272116344743,71.3991478252762,0.3750143945158819,0.039645720521913036,33.93504847667651
2023-10-18 13:00:00,202.00938249592588,67.76734409364214,0.3186203748789473,0.1980493218214911,28.974466691061625
2023-10-18 14:00:00,271.59316658562216,65.76408998230048,0.399946362073444,0.5099650713524283,43.51266557054525
2023-10-18 15:00:00,324.0996572983107,59.61808869239857,0.48955220933576843,0.0,51.48787977056575
2023-10-18 16:00:00,385.2973046064393,51.280477495865306,0.660508480409996,0.3508823994925849,71.26173026600114
2023-10-18 17:00:00,417.20347366520906,48.497934106470076,0.7399134063930294,0.3457917087721277,70.98673949346865
2023-10-18 18:00:00,380.80810354325416,45.10357560477591,0.7059381856140016,0.6044606470279892,73.57078361598757
2023-10-18 19:00:00,317.6072498462585,56.48412432148226,0.4776790373611806,0.0,52.97349587767277
2023-10-18 20:00:00,249.47971747457888,59.85060730373453,0.4911904686796332,0.5397335902656939,47.37341128273776
2023-10-18 21:00:00,208.17040670690295,70.22171868261641,0.35435788001290636,0.1492952662331975,31.42313838567491
2023-10-18 22:00:00,200.3811884218905,70.25982292928622,0.2676019987723629,0.16953829721586613,30.291493246575193
2023-10-18 23:00:00,188.77284019728725,70.99845117665605,0.252541769381887,0.030039210347237222,27.548711917484194
2023-10-19 00:00:00,203.20595602045185,74.99658687292013,0.2794535848374831,0.05418663325595349,35.80382673973151
2023-10-19 01:00:00,198.23556860830286,64.45774208392554,0.3253509289644302,0.32263402254170603,32.63241180521468
2023-10-19 02:00:00,209.86686455576503,68.31759009268913,0.19509887539203502,0.04978025533935601,32.83469288600578
2023-10-19 03:00:00,191.64318645634975,62.41342170659626,0.29656946323229866,0.3832511800575248,36.14278013599721
2023-10-19 04:00:00,202.73810325298933,72.72474523317969,0.28614083382416183,0.13066611154544439,34.162142214681815
2023-10-19 05:00:00,219.54610062180836,67.48861010125815,0.3084355955581039,0.03165391494724343,33.593478744072605
2023-10-19 06:00:00,300.2078832491609,63.934260535830866,0.42216349296592404,0.154994353655219,52.38251753262283
2023-10-19 07:00:00,347.9203026731439,54.00524277688914,0.6195059547540686,0.31060729451613506,67.01812994128386
2023-10-19 08:00:00,367.95278280565066,54.95646643195543,0.6414115932527642,0.2000764128524165,65.39231569958321
2023-10-19 09:00:00,380.7365241414419,54.38980541332069,0.6562906634854383,0.2561578212999037,65.229168131248
2023-10-19 10:00:00,269.6048689457181,60.732606870514076,0.4453547598610936,0.37531734313049514,44.348945694540106
2023-10-19 11:00:00,236.10626964428238,64.83935603018669,0.3827302996959773,0.44483586129105074,41.157023174835075
2023-10-19 12:00:00,191.93141823390565,69.07349080736331,0.3245790145502409,0.19418284445390244,32.69480105713221
2023-10-19 13:00:00,232.6362915744565,72.45907715696161,0.354314534319844,0.062040037196291475,37.154420561668836
2023-10-19 14:00:00,277.3813799096643,58.6423908461862,0.4679278099442367,0.2636970062060529,45.21663966980933
2023-10-19 15:00:00,333.5646576689995,55.80252035894013,0.5420584207486226,0.3347169254987329,57.49379012883681
2023-10-19 16:00:00,410.4996221736859,53.0796166147634,0.5768658400134282,0.0,69.723454042542
2023-10-19 17:00:00,420.110344038875,49.40316880550316,0.6505344002202116,0.0896905065386347,73.36060625784903
2023-10-19 18:00:00,425.3118889659655,50.62598318194733,0.6384124598715277,0.12054635872667063,70.06057840508194
2023-10-19 19:00:00,336.7598371998187,55.61879869564875,0.5709125508485328,0.21259200603033224,58.50871177115938
2023-10-19 20:00:00,244.4083187795763,67.77857117718663,0.33979918733310766,0.11301389734717857,34.86730924208201
2023-10-19 21:00:00,213.52456860807206,65.82768240326703,0.2977674395477445,0.37726733051744193,32.87564962760807
2023-10-19 22:00:00,188.2573336763931,77.12825379502836,0.29873965166906546,0.0,28.361583393060414
2023-10-19 23:00:00,178.90979829261323,73.0762895420958,0.20292069108882899,0.0,27.56005090975001
2023-10-20 00:00:00,155.14780649275198,69.75624141031673,0.22399724587273329,0.18990001392793676,23.467520501429057
2023-10-20 01:00:00,185.86260039327465,71.62952580541244,0.3173991346938981,0.2183824952548258,28.444006604062444
2023-10-20 02:00:00,159.7342432731381,72.22771463690086,0.2420146906936764,0.0,27.57663123231543
2023-10-20 03:00:00,145.37470005345156,73.94964713547505,0.25759239037336884,0.14078520832343833,23.324397697780476
2023-10-20 04:00:00,189.4313203005368,66.40749516187537,0.34683217235901376,0.17781211286456394,31.64971882293734
2023-10-20 05:00:00,215.51893248548186,62.04704086744416,0.30349713319040245,0.1792063695360138,37.931026023985126
2023-10-20 06:00:00,274.89460459719515,61.44222910861239,0.4068705902279139,0.27733866699207244,46.63774642487867
2023-10-20 07:00:00,311.21561736830745,57.80516030432143,0.6245302496339113,0.13091580080375886,57.07793710649108
2023-10-20 08:00:00,377.2469725320786,50.585797915490275,0.660950773050986,0.5160105340014892,66.30683325553488
2023-10-20 09:00:00,355.237045280135,55.73412204036147,0.6073853715393451,0.33787683515204303,62.787849323988574
2023-10-20 10:00:00,278.8302837637668,63.18620267933746,0.4286433315467979,0.10471956628456205,47.54015289103869
2023-10-20 11:00:00,235.33364794414837,61.902162154713444,0.35519860443766615,0.2670120688061631,40.210488364240746
2023-10-20 12:00:00,226.02629855353953,68.30720253899884,0.29185436645075336,0.2723227573490089,35.22543024294614
2023-10-20 13:00:00,223.48178883640662,68.28630713966412,0.3718569556325824,0.4686498654096006,35.963354391389686
2023-10-20 14:00:00,273.83304453463364,64.10699626360413,0.434669633090763,0.1419311627950568,44.312628333031306
2023-10-20 15:00:00,342.2638909023784,52.27135094050714,0.5514936370997183,0.3881209655897032,59.06608904207126
2023-10-20 16:00:00,376.5212400255422,49.689735338954435,0.6888465082092696,0.257533805640846,65.91629427885249
2023-10-20 17:00:00,426.587008291701,47.24401136333329,0.7483445036915601,0.5184819729607779,73.23679509406422
2023-10-20 18:00:00,406.7266290540568,53.21525911833855,0.6269470743099795,0.4823604614750934,67.98799118434268
2023-10-20 19:00:00,319.0279515266979,51.481810053360405,0.5274987447605283,0.2854562748266681,59.054101339247964
2023-10-20 20:00:00,246.05719242347732,64.13841298945528,0.38869716279480293,0.2027891282171091,36.15825329026628
2023-10-20 21:00:00,220.4365648651566,63.962592367270275,0.37109709023622495,0.341189063742302,37.28021931944578
2023-10-20 22:00:00,168.32043099280395,70.56255324019492,0.30866891024740684,0.21751899511711012,29.963137155125384
2023-10-20 23:00:00,166.34609042318374,68.80553799099621,0.3150066131231215,0.5524552790761004,32.439544666568125
2023-10-21 00:00:00,110.00354969748858,69.30371548203104,0.3169641702143159,0.26412461407186216,28.678764633177458
2023-10-21 01:00:00,126.81734542358336,72.15801206283619,0.19317060752001564,0.1769843261476893,20.120521265368566
2023-10-21 02:00:00,123.80422578058138,73.46696747596357,0.24346928275516883,0.16726928450669337,26.82742257052626
2023-10-21 03:00:00,138.74137245456927,71.05627261384133,0.23786022809044513,0.031653594664232676,24.9179056535038
2023-10-21 04:00:00,120.7634741019351,64.60495205090123,0.319406648059551,0.3501806430567981,28.5541121166359
2023-10-21 05:00:00,152.22524271735278,70.72840496676395,0.36044776875482537,0.10239798352488955,26.811124687128046
2023-10-21 06:00:00,235.6763393179734,61.24888958279273,0.47441046248585567,0.44766668539379445,45.19449458984371
2023-10-21 07:00:00,285.78205306218473,58.03446452247553,0.4953989433381549,0.01727169027971684,52.77761070745589
2023-10-21 08:00:00,320.95705693895803,50.088474254138994,0.6435780450101019,0.2729034608151851,59.46464920909596
2023-10-21 09:00:00,269.99020066894934,55.56321624765403,0.5972359990085399,0.4570402765295416,46.659953342759806
2023-10-21 10:00:00,232.705282886412,67.81643116103442,0.3718661895325746,0.0,38.87654589379053
2023-10-21 11:00:00,192.64284987759092,62.529680984804294,0.38227403886337075,0.6132877978825935,35.75496789941836
2023-10-21 12:00:00,129.6970550819004,68.63132777171617,0.3250785684685791,0.17344866450434032,29.92511871967695
2023-10-21 13:00:00,171.0618314083807,63.877400419457935,0.40593523753464933,0.2753971687891851,33.315822508065665
2023-10-21 14:00:00,197.54615140825462,60.19128629031554,0.3789448506608413,0.35286086059294186,35.49076161424491
2023-10-21 15:00:00,239.14577098150124,52.91916484584799,0.5745174047052855,0.38070323010079965,47.10284463160591
2023-10-21 16:00:00,318.383248697121,50.51731203296576,0.6075278180486263,0.29929910888674277,57.989367707301284
2023-10-21 17:00:00,345.6532779093515,45.711794140387134,0.6621290627638817,0.4295292250671462,72.04214637038635
2023-10-21 18:00:00,327.0513519764654,50.76960591819343,0.6065283421988604,0.34343272832592625,56.3479563359149
2023-10-21 19:00:00,271.86007302412565,51.89090451975163,0.5856392957806075,0.5669586052058146,50.550684545365165
2023-10-21 20:00:00,225.65043473255315,61.68660268131163,0.42595165695958587,0.3440189577138275,41.13497256774913
2023-10-21 21:00:00,131.0132810531327,61.80970805754705,0.3546166864261301,0.6036343935789557,34.405360093309966
2023-10-21 22:00:00,123.27320311581931,68.2047628745872,0.32798621064456845,0.41219419124277806,27.999543036256032
2023-10-21 23:00:00,109.22644637551747,67.67479132629242,0.2562986348288532,0.0,26.276282787721694
2023-10-22 00:00:00,100.98520298890062,66.61853834843791,0.3264287635830515,0.7199984821098114,23.34948910505612
2023-10-22 01:00:00,121.49134752576622,70.1251184855304,0.2526201457093862,0.14661806047410061,19.36770702397399
2023-10-22 02:00:00,120.54273782504912,68.2542093012223,0.2616854730933112,0.5191979227363124,22.421928009470324
2023-10-22 03:00:00,96.04877405504428,65.5516813934773,0.3485609153934568,0.2548228197614989,24.563641033167222
2023-10-22 04:00:00,134.86378283656836,68.85811707715912,0.3744360975103425,0.44099624636846435,28.767786086596306
2023-10-22 05:00:00,148.77639739269833,66.22820918243153,0.40430929019421763,0.12607379604415708,31.285757336686956
2023-10-22 06:00:00,227.99507557375307,60.40019556469628,0.4443869113628814,0.3626340177561258,43.950990438403046
2023-10-22 07:00:00,316.8045040218816,50.45265569827407,0.5394356305869002,0.20442570182900702,55.26336333449984
2023-10-22 08:00:00,336.95563508751343,46.618520892183085,0.6368610849448144,0.53422056008618,61.088691486099876
2023-10-22 09:00:00,300.5044296738319,53.148881210295244,0.6222698027897201,0.3289602701350617,54.64515562898308
2023-10-22 10:00:00,220.41110650415737,62.801359995614426,0.47245402261975766,0.41846967543428193,42.61285695948896
2023-10-22 11:00:00,170.52650756302003,69.05743756456216,0.31103366665208776,0.0,30.22943661747849
2023-10-22 12:00:00,153.5852021601183,68.23059760064633,0.3307868789367694,0.23459691763804746,31.93597896850014
2023-10-22 13:00:00,162.69877237470516,63.8415896346569,0.31519913981957975,0.32389929431049325,34.54294877100449
2023-10-22 14:00:00,196.94884866590073,59.72536033966628,0.36203104600136876,0.2902506831591473,33.703292419654645
2023-10-22 15:00:00,268.88763541673546,55.95878574227176,0.5523124922779397,0.42300829846921306,51.451422450800465
2023-10-22 16:00:00,312.0557242309117,52.863273937784825,0.6184276523734187,0.1841372358752582,58.213682440781675
2023-10-22 17:00:00,348.985236279742,48.452157145154096,0.6953306438993447,0.2587816789062335,62.32184615773393
2023-10-22 18:00:00,342.41266504176457,53.157993582605904,0.5595164153947398,0.46262081759469853,58.24423473677995
2023-10-22 19:00:00,278.1978529680382,56.95017114682646,0.46905974188042343,0.0,53.05452337514007
2023-10-22 20:00:00,199.32057103652213,62.45740584701494,0.420160055000388,0.3560830902949014,36.70937027220107
2023-10-22 21:00:00,174.66495399238727,63.27048110795745,0.2651752665012988,0.18990073132116042,28.245567604622977
2023-10-22 22:00:00,138.16515531653965,70.87473936131022,0.21773624405445113,0.08578273758034816,22.934402745789903
2023-10-22 23:00:00,119.16924640123217,72.9444114265895,0.2872743496472981,0.31057796036967644,25.387745777106808
2023-10-23 00:00:00,161.70860361563172,65.62827836224531,0.325165558146262,0.470941233425558,29.709413294595947
2023-10-23 01:00:00,201.64063097705645,70.6038504038574,0.2581353329961019,0.4370458896671526,31.086931710777794
2023-10-23 02:00:00,192.07529981456506,73.75254459122587,0.2629504624049158,0.22567965443680685,23.483524493503523
2023-10-23 03:00:00,210.23048060524508,66.73558170981961,0.28662877904301415,0.4076333734769707,35.025151497296704
2023-10-23 04:00:00,227.0942367499451,68.6666293247011,0.2524518618920771,0.40625222172025194,34.110455099884945
2023-10-23 05:00:00,207.553232684624,70.05855077380039,0.3988783227616016,0.23427317131122996,38.62402722823707
2023-10-23 06:00:00,268.55265362482066,62.332709818902515,0.43490235709958786,0.1252455006421226,40.95403120426087
2023-10-23 07:00:00,314.81405793525425,57.6447714641944,0.5529463725267231,0.1356578743979806,54.72853658507675
2023-10-23 08:00:00,403.78504772682066,46.357736342542225,0.6550175238630516,0.40081360279626466,73.06780796821513
2023-10-23 09:00:00,367.6889135700396,56.30948150283234,0.5082510560085576,0.24241357353171566,58.05026521455938
2023-10-23 10:00:00,289.8092778670959,63.50996380052453,0.47358082978757476,0.0616872004484941,48.88687131805564
2023-10-23 11:00:00,211.13149433469738,64.42372902858494,0.37478576543620395,0.0,36.334304980076354
2023-10-23 12:00:00,203.80088348953453,64.17402641233029,0.3383669540603998,0.39972966137734833,34.46631694410755
2023-10-23 13:00:00,218.50685965769458,69.04091983756824,0.3459134940314203,0.1515798839924397,38.80956720879179
2023-10-23 14:00:00,270.1780151262914,61.58049004999926,0.40512539925610386,0.3094697960180767,41.37374161407723
2023-10-23 15:00:00,329.721794274631,57.64588217885553,0.5866887504033796,0.47314724327244223,58.000585005000026
2023-10-23 16:00:00,401.7611709564104,53.24631715225096,0.5891786284025282,0.014393594166372675,67.02533064831758
2023-10-23 17:00:00,418.1383248526974,48.20611206703063,0.6928920739610812,0.24187527150768792,75.26279800294053
2023-10-23 18:00:00,409.52149716245356,50.40474409064181,0.6436667641165775,0.21927505368060346,69.48405980836574
2023-10-23 19:00:00,335.0433098590767,56.84120104384896,0.5350308706962578,0.3183537176130329,59.46735864547153
2023-10-23 20:00:00,240.11259611341933,63.08058625100174,0.47642395852689323,0.47304879971567826,43.961948544241345
2023-10-23 21:00:00,233.3187734917536,70.27166111445028,0.39543887978452785,0.010698673360766575,39.06119447565968
2023-10-23 22:00:00,208.9284369103462,67.15535676312616,0.29931639330945914,0.35256363076703806,34.00698631988049
2023-10-23 23:00:00,189.64828022497227,71.36880047151843,0.31704751184903446,0.4356742794988663,33.097387008805015
2023-10-24 00:00:00,184.21566048605206,71.91219900693194,0.23955627349259978,0.21645212848777912,29.43024194307295
2023-10-24 01:00:00,204.93880575979762,71.15589706515603,0.3139022003788869,0.22525954127923775,30.11915600834806
2023-10-24 02:00:00,156.0208449631653,69.58205831299911,0.26270026565109295,0.325320886417286,27.26057127335975
2023-10-24 03:00:00,201.87417712218206,70.47451795339896,0.4124381807817827,0.31206707402016187,37.57587484120932
2023-10-24 04:00:00,187.44842443877113,63.331512759346715,0.24297196315640804,0.35482346932608205,34.35733178859449
2023-10-24 05:00:00,243.2849989825212,65.77868601020404,0.44909641860728067,0.35103049475221904,40.24242863112119
2023-10-24 06:00:00,289.6232974942641,66.27298336234232,0.47666949106460094,0.0732449849891828,49.489799421114554
2023-10-24 07:00:00,339.1181662726667,53.88722992566521,0.5442052925576722,0.4282479695868898,57.650038896148274
2023-10-24 08:00:00,382.5618185208389,50.52764410667084,0.7387968598551135,0.46002096919424285,70.92494832676215
2023-10-24 09:00:00,373.16760935521506,52.99827864356005,0.5376225737041617,0.28349492086425365,59.16912372731302
2023-10-24 10:00:00,285.1894746454101,63.94218525335573,0.4180415039165354,0.0,46.21885277858386
2023-10-24 11:00:00,220.20121157957684,65.41680699178168,0.3038322096552076,0.2293457729199837,36.30751654666801
2023-10-24 12:00:00,195.7138079594808,70.77599033145667,0.31541394962718716,0.2849930578493023,29.722423415883654
2023-10-24 13:00:00,225.36998856608585,66.23272951805663,0.3145564722486244,0.04397195719837291,39.805634174242414
2023-10-24 14:00:00,284.69665557520335,62.200864654819625,0.4389403420323431,0.1851751485561376,43.51950247128134
2023-10-24 15:00:00,293.5137399981075,57.14901901034777,0.6023748122112458,0.0,56.597955759417935
2023-10-24 16:00:00,433.81441824169224,54.2965954971164,0.636069691782155,0.3593126004975599,64.83880850351561
2023-10-24 17:00:00,423.05648133605007,47.286585515246486,0.5878824587486285,0.27987195668236925,69.3214551798025
2023-10-24 18:00:00,400.5026307830572,51.21487344596564,0.6465886451023141,0.0,69.99969640830355
2023-10-24 19:00:00,319.023432490214,50.92372969060228,0.5140568164251348,0.3132636750847565,58.033632771696745
2023-10-24 20:00:00,257.8638653010793,60.66058863783874,0.4830750113929476,0.23982838946974758,46.42520820325325
2023-10-24 21:00:00,215.3681631588766,67.59869956009915,0.33975289171701795,0.34295457089579284,35.132702416576215
2023-10-24 22:00:00,174.80842418456362,70.90688351887108,0.25604229728732225,0.17952416192402298,29.406373095993636
2023-10-24 23:00:00,170.5809375953152,69.28172433209473,0.22472040469819726,0.10573370786625566,29.268821944709206
2023-10-25 00:00:00,197.7734080246089,69.62045694919595,0.2860484236957311,0.11124796723759478,35.06582573270275
2023-10-25 01:00:00,156.77442954623442,75.41953144828082,0.25440285662539314,0.15312936102128716,21.784037566858455
2023-10-25 02:00:00,187.1361245069495,76.66922372811773,0.3349147051257585,0.25338851738458845,29.983494169868177
2023-10-25 03:00:00,177.69805562074956,72.38230191979864,0.2746660211900443,0.2766325237764626,23.062231291473662
2023-10-25 04:00:00,180.18091767525274,72.92213420554847,0.3524710568163082,0.2156704219945415,27.95595837875023
2023-10-25 05:00:00,256.4363150659064,71.02180009062066,0.2902704423233658,0.17380248118062658,35.39494573605823
2023-10-25 06:00:00,273.50012136780686,66.80093549903033,0.37882605934611135,0.18674741175901327,45.1669666668684
2023-10-25 07:00:00,340.8105266277732,50.397303623450796,0.6495767198614126,0.7013904613912478,62.06237682882819
2023-10-25 08:00:00,387.20502511856625,50.91329287476477,0.5925667508770123,0.11126947273032242,64.9613722431722
2023-10-25 09:00:00,346.31329374619406,60.143152924307195,0.5508239673798557,0.14956503846168534,58.609323122371556
2023-10-25 10:00:00,288.43830272012644,53.55648209190906,0.47441635310959085,0.8428937395062667,49.51898664206402
2023-10-25 11:00:00,231.85448225011928,62.561509802390646,0.32191951874464797,0.32578239444289947,33.02748306213814
2023-10-25 12:00:00,208.65625981092998,67.25577078652223,0.31835975229862085,0.001603480137334773,32.55303307562855
2023-10-25 13:00:00,213.87791452392554,65.20159398587194,0.35168164559838566,0.4016836967159074,36.31844235837628
2023-10-25 14:00:00,247.90470457672052,59.162544500757434,0.3534328535707726,0.08619299994379342,42.728879997443784
2023-10-25 15:00:00,335.2780361978417,51.75939202247262,0.5778271264434335,0.4136310714049175,59.34750609051149
2023-10-25 16:00:00,390.12876003398077,49.33258727702875,0.6888560751382257,0.21202678971327735,70.87356987218226
2023-10-25 17:00:00,412.56602822058346,45.643468061438526,0.6827308698619433,0.17083674709190666,74.98190812025395
2023-10-25 18:00:00,413.99917424003763,50.92389908309393,0.7147416854668645,0.5396496943889649,75.38420162114016
2023-10-25 19:00:00,323.74767929155337,55.85732801088175,0.49986590639734846,0.35195224347866405,55.389477630433746
2023-10-25 20:00:00,274.29639119638057,62.8990957298502,0.45195620216851246,0.42513809874085734,43.79530911094852
2023-10-25 21:00:00,230.88304468355085,67.5651648785101,0.3461393816390511,0.32828554231359036,34.37664026340255
2023-10-25 22:00:00,209.85995660100605,69.15645485013103,0.25379106702775367,0.16999998571724229,28.91095765166579
2023-10-25 23:00:00,193.03352629084466,71.34558052405352,0.3727925013635202,0.3600437956464775,31.060704733557525
2023-10-26 00:00:00,179.99539245810362,69.38867998367115,0.306085034923984,0.46765877068320294,30.883670734827998
2023-10-26 01:00:00,179.09900686685737,69.00486520081881,0.25389186273559045,0.2742528478331596,33.53715643815732
2023-10-26 02:00:00,176.85873617999707,63.15124245776265,0.30908209211404897,0.574295668782371,32.55494907889214
2023-10-26 03:00:00,150.75237421109043,69.79787504310781,0.260947342973763,0.4030876965763436,25.87531263358872
2023-10-26 04:00:00,205.37362700360433,65.29078454653221,0.256859758299486,0.28815685895889015,34.850092474557115
2023-10-26 05:00:00,230.5243207821416,66.57222399158019,0.33964553578435364,0.2952675755832072,35.40884278006687
2023-10-26 06:00:00,300.20052377985786,60.7580858493095,0.44189787615361953,0.27470268321417246,51.976265075530925
2023-10-26 07:00:00,356.0070333517108,53.164107856756445,0.5165809183570746,0.024777018592901517,61.812269289917054
2023-10-26 08:00:00,399.9819931006772,52.77481512800879,0.6734400599731103,0.23378700475445108,69.43860529577918
2023-10-26 09:00:00,337.1790673148039,54.91573882758999,0.5447597918775443,0.28981356736141006,63.32091532338751
2023-10-26 10:00:00,270.80360872628466,61.79689838092486,0.41083604409445135,0.17510467817202482,47.92622409205834
2023-10-26 11:00:00,192.3803188045277,65.62049657977391,0.3164107113582127,0.3107818633668451,33.28571156033599
2023-10-26 12:00:00,203.1211508889317,66.12103208685541,0.2668769326062286,0.25383534826392,32.00413845513444
2023-10-26 13:00:00,204.1483934159,67.108460916081,0.3922916891403351,0.38926454039777836,35.52156705470078
2023-10-26 14:00:00,244.88640199554757,60.139006864485,0.43448430915126734,0.3693602285918316,43.52260331555742
2023-10-26 15:00:00,330.64677622713134,53.72403613346898,0.5604641250819722,0.2800875917652714,58.04585513933487
2023-10-26 16:00:00,385.4215436185785,54.24001940362179,0.6617832284726259,0.0039016795656403036,66.28351334999883
2023-10-26 17:00:00,398.5039227993532,47.76241108126258,0.7139014987279195,0.5723300929626107,71.30723154610227
2023-10-26 18:00:00,429.97077034485625,52.304885390956024,0.7019842718083854,0.2244596202571942,70.36754944633927
2023-10-26 19:00:00,325.01219939010394,56.254814794581826,0.5032113143930524,0.2354404383348763,53.67787652167393
2023-10-26 20:00:00,241.66914637989623,58.50221147977148,0.3613596199952088,0.18834624723411023,37.39957258312604
2023-10-26 21:00:00,202.43293606291422,71.4301619807358,0.3379940755524784,0.16208590190820343,34.465523766194096
2023-10-26 22:00:00,187.94771953448108,61.922200269192594,0.3270284721037827,0.5279304486400943,34.25387144860933
2023-10-26 23:00:00,180.03746973532014,69.22485173834993,0.31033296653443937,0.4994879776694944,30.52331853073286
2023-10-27 00:00:00,199.53735900692823,74.6352460628754,0.32362009311723205,0.3299908126439807,34.03989619766915
2023-10-27 01:00:00,178.86818286213963,70.52335500852746,0.27741282284470853,0.2306499722024694,27.07261579843718
2023-10-27 02:00:00,208.3486605352702,69.79193517388293,0.2995337593529111,0.36144123730247557,31.304208838982525
2023-10-27 03:00:00,176.7694651011057,70.56296535499995,0.33613879758210735,0.2632834567184871,27.368083242805994
2023-10-27 04:00:00,200.98806552128477,69.5186372148033,0.30656243469479766,0.2157598747018422,35.233334855769286
2023-10-27 05:00:00,242.18704020128285,71.37331796515086,0.3789518304060299,0.31085906587113943,40.28686916898981
2023-10-27 06:00:00,305.7449443574036,59.28584094212062,0.39004669158747074,0.17059160554981995,51.79954113922336
2023-10-27 07:00:00,377.4401398852225,51.97816980890146,0.724576984884937,0.29540756752061786,73.03181693903547
2023-10-27 08:00:00,385.9294395581723,50.88628776349673,0.56505911202489,0.2867597666118944,63.542005215601094
2023-10-27 09:00:00,357.7593343536018,58.239799884997446,0.5606891723334978,0.3585284838264264,58.03422197073013
2023-10-27 10:00:00,251.15125436675305,60.159732749131784,0.42168758138439244,0.13855534765439043,39.52151244334021
2023-10-27 11:00:00,226.58334222134,65.79240847482171,0.45486440970575587,0.37782454351777733,38.580860073801794
2023-10-27 12:00:00,221.5052014953558,71.76529524124497,0.2774351382456204,0.08686393126890907,32.28096909770654
2023-10-27 13:00:00,229.18882443041724,69.5155094321597,0.3446361455051482,0.14693800270817703,31.6202293013773
2023-10-27 14:00:00,257.13982330795267,66.11986486801376,0.380190316827263,0.15479348935376608,38.929574192316956
2023-10-27 15:00:00,351.1140822016011,61.73993462794021,0.46894144979015273,0.05703068097273792,54.84902852553032
2023-10-27 16:00:00,386.0440722663708,49.89267416547279,0.6867529924912964,0.4328192110094193,71.36070988563814
2023-10-27 17:00:00,409.2581905411096,48.25278864264541,0.6487988811393928,0.0755705542858365,68.69949172556595
2023-10-27 18:00:00,384.7768427251792,51.959553855411016,0.6413718213460272,0.12419505926679908,67.20684619668992
2023-10-27 19:00:00,308.7303833248834,54.00090469899259,0.5774079173574932,0.4759733878875956,61.33447265811771
2023-10-27 20:00:00,267.25251764948473,69.9831647623787,0.47735374358067784,0.1472951136663429,40.513121078438104
2023-10-27 21:00:00,216.80769515103913,65.96190760300463,0.2779672521642936,0.2161343166751426,36.847903958213415
2023-10-27 22:00:00,199.69455576521491,71.69856173280385,0.2691243822442642,0.06783477983502356,31.634071316570594
2023-10-27 23:00:00,176.45059189020998,64.80398833934039,0.2902001243804305,0.39993121737208326,34.06868313316924
2023-10-28 00:00:00,119.13380022115128,69.11232622734784,0.2902865343558497,0.4024125239543917,26.60608308648001
2023-10-28 01:00:00,87.38335137548913,68.21304692577351,0.3911524662352295,0.3830102627422204,23.179480126212727
2023-10-28 02:00:00,126.16392122691211,70.87055297281837,0.27860979762502613,0.3467553690749099,24.024663992454823
2023-10-28 03:00:00,124.73843108718205,71.3693449032577,0.18092736886583072,0.2632460399835058,16.682882434328057
2023-10-28 04:00:00,118.08360999498441,73.04689644439209,0.28194319372719256,0.1556121999511628,21.48203827203109
2023-10-28 05:00:00,165.28747430506644,70.50113591923858,0.3336910264164272,0.10330552480011623,29.949212056531213
2023-10-28 06:00:00,223.94992025567592,58.735259637828754,0.46827273934167446,0.4821829948171007,44.09781468235653
2023-10-28 07:00:00,324.22673564890266,51.300963458056906,0.5562908778831418,0.38766476891078616,60.117409972550064
2023-10-28 08:00:00,314.0927111494573,50.92971077656927,0.5596852858894027,0.12520523910392362,61.32167984235836
2023-10-28 09:00:00,302.8130659407261,55.455435967968725,0.6585061114302709,0.2571697182801642,57.47344372819449
2023-10-28 10:00:00,211.98106757503277,61.536998070179486,0.46294440513482954,0.19597928326269762,44.12611178029572
2023-10-28 11:00:00,161.15539113929435,68.00869908665642,0.3297639308646751,0.04692207297296497,30.638342773001717
2023-10-28 12:00:00,149.28867313178955,66.18909159009874,0.4060754834930275,0.2819772477918344,28.67418030505398
2023-10-28 13:00:00,152.56583236963232,70.93495741879684,0.29504199236938927,0.17521132043694476,26.789995333619395
2023-10-28 14:00:00,198.34726727990054,60.502971422602386,0.41917227596668494,0.0785434000667766,38.94987147450975
2023-10-28 15:00:00,270.61782218113126,57.175051198484155,0.45487980872013706,0.0,45.74974612440811
2023-10-28 16:00:00,324.39880796356454,49.89188080774116,0.6506871957919704,0.0,59.22289526122226
2023-10-28 17:00:00,373.2624859236397,48.012395972425104,0.642934997832469,0.1831432970149649,64.13566477345609
2023-10-28 18:00:00,327.2170726050107,53.82401988405094,0.662935532083741,0.23468290532351518,60.166368904225216
2023-10-28 19:00:00,264.1040267741365,57.197373863677626,0.5921168942631054,0.0924458541707831,49.83921725577787
2023-10-28 20:00:00,203.33626129274953,62.174274281045186,0.42680532977701435,0.367133096978301,42.065521323117466
2023-10-28 21:00:00,155.8854709943825,68.77761793001454,0.24295772263394128,0.2382016224790668,20.091367406085507
2023-10-28 22:00:00,140.20828293776194,67.3643817179443,0.3052683069387953,0.353839355907757,27.502783645240754
2023-10-28 23:00:00,127.42062519144872,70.97556277468209,0.29559146511387957,0.2170760577662126,26.031640088320234
2023-10-29 00:00:00,127.0403548345827,71.75991921045775,0.2968793999833751,0.10831882566272094,22.111349799678376
2023-10-29 01:00:00,115.17904451414562,67.0035360789347,0.3360971630641887,0.2705411628049505,25.36330889471825
2023-10-29 02:00:00,104.48897148596359,70.61284527173412,0.31412224776210235,0.02271858783670197,22.34967713312025
2023-10-29 03:00:00,101.84122571999441,69.83060319768917,0.28489864861966024,0.3470989337145966,21.928922016184487
2023-10-29 04:00:00,109.53087270275188,73.30427278479021,0.25607298058103417,0.08131314282763594,22.637451263563666
2023-10-29 05:00:00,193.29823805230455,67.86455267470599,0.324883326300303,0.41528185477602075,34.419243359352436
2023-10-29 06:00:00,194.62605862331654,66.48457976901231,0.42700591177087,0.18907796567645535,35.54257623149763
2023-10-29 07:00:00,315.6679091084468,54.44684159199903,0.609456992823816,0.4412560329357851,54.60162917143282
2023-10-29 08:00:00,317.6965805019122,52.5824095683136,0.5508636974611486,0.047927826054103256,57.399471417383126
2023-10-29 09:00:00,315.63828783952266,55.572056313508774,0.5221352327851759,0.12800145386881234,53.37462943269463
2023-10-29 10:00:00,195.30449244647644,59.877408683609026,0.4849635304981009,0.3185682904327427,39.50502524762787
2023-10-29 11:00:00,165.99708427209916,63.03404284586279,0.3529707974008412,0.46068947681681593,33.08548054801719
2023-10-29 12:00:00,166.94675487178512,66.34015686895653,0.3625711297437679,0.549989603496686,31.02416302753572
2023-10-29 13:00:00,166.43442068471273,67.75770836984725,0.3054393508330714,0.2574459094625571,30.466896475617588
2023-10-29 14:00:00,193.37814821274202,57.23228072824715,0.4568129530306022,0.580794213541616,46.6078546834053
2023-10-29 15:00:00,236.4823310347245,59.78875622379699,0.493753222539224,0.1978603810314225,46.90437207649151
2023-10-29 16:00:00,311.96682369927896,44.41041419042955,0.589355618788716,0.44777817202533504,63.2212104848681
2023-10-29 17:00:00,380.8374943497988,48.80051107604858,0.7162794967553769,0.08040742054732505,71.20642017645429
2023-10-29 18:00:00,326.5756507347689,52.85326655590157,0.625376548758203,0.3256360912353857,60.588463444073206
2023-10-29 19:00:00,264.4899971462235,60.17480402191274,0.4947976694060148,0.0,49.18742633578024
2023-10-29 20:00:00,202.16961874447117,63.58030220927464,0.3635197141616298,0.04811361790243773,37.4944775673246
2023-10-29 21:00:00,132.93788428059662,71.27266796317515,0.36202011213497176,0.3340018236545377,29.65765961878366
2023-10-29 22:00:00,136.6542167672218,69.82311565168824,0.2831563692405689,0.013761006603905779,25.623088991658232
2023-10-29 23:00:00,116.37192695914305,64.13591721400155,0.30903461086037465,0.3268509299420532,22.574146757472427
2023-10-30 00:00:00,184.4104366948732,69.82612996307071,0.2693426829372845,0.4131624617462254,25.999770193637165
2023-10-30 01:00:00,171.38886841856723,66.27050585519528,0.2640864896045242,0.15976236531070995,30.27103624907869
2023-10-30 02:00:00,156.92379705632905,69.27205339587374,0.2751077019292367,0.07558846797864435,24.504419779511327
2023-10-30 03:00:00,176.84522128410705,71.96063502420138,0.33369914858517946,0.16464640914614703,32.35237409914584
2023-10-30 04:00:00,204.2031891740064,68.98792343814718,0.2941958373332665,0.0761537825468466,36.04014398282477
2023-10-30 05:00:00,232.76823862252095,67.580928075194,0.31113973219652213,0.2317815595571348,35.89324888782648
2023-10-30 06:00:00,288.28162279674933,57.71622708865262,0.4672494923148709,0.2683763124798547,52.89552549262748
2023-10-30 07:00:00,371.2340344189454,57.350101603513735,0.5591620760493077,0.19491817784257442,61.95354581832558
2023-10-30 08:00:00,386.9557054832109,45.36067502943388,0.5752059352997279,0.5513846632336279,66.53417934831174
2023-10-30 09:00:00,358.6858179679538,59.08846929440063,0.48465395685909873,0.12050731245634444,57.20708689851928
2023-10-30 10:00:00,281.1460896698023,57.518312682235134,0.47800095045672064,0.5004579722659562,47.51764415032787
2023-10-30 11:00:00,243.87276245165023,71.06653999894684,0.3397309856551797,0.06257693746381954,35.24723220506534
2023-10-30 12:00:00,209.50931704223257,65.57660491514193,0.3072927266994031,0.2630999625894788,30.432705947459894
2023-10-30 13:00:00,207.38190557997842,69.85179581999921,0.3939303365226385,0.46295897353865245,34.442404138326516
2023-10-30 14:00:00,236.10168392518682,58.789721094623594,0.39518019752605815,0.4536442874055972,47.30595667101558
2023-10-30 15:00:00,342.2014096811266,52.77151382528842,0.4668298170557922,0.17435357841395768,52.665182141546126
2023-10-30 16:00:00,380.64317576377334,49.893106372713696,0.6226204204033334,0.3499125496128421,63.41178102839319
2023-10-30 17:00:00,421.0812531887513,50.47845004000001,0.6781906608429866,0.3258122350595607,70.09724669585287
2023-10-30 18:00:00,427.0882640007434,53.3395508018892,0.6336036842988713,0.15281094785330684,68.51219919339492
2023-10-30 19:00:00,337.59000182342476,58.67678571833332,0.5089243716466353,0.36087098868665335,56.585645044312905
2023-10-30 20:00:00,282.0838360063366,62.20195748438527,0.3592098425298501,0.585248590969427,42.80364922069504
2023-10-30 21:00:00,204.40859578879275,64.29270508870462,0.2375592157200242,0.3349061197112735,31.43381560676782
2023-10-30 22:00:00,206.60951002192223,70.13387651213635,0.308574293295067,0.35194414823272074,31.016224567159256
2023-10-30 23:00:00,183.06619406345652,69.01978378843083,0.24660370668483267,0.37098789607612737,27.760349630184606
2023-10-31 00:00:00,185.49514872276882,70.22525213566355,0.16979397173051913,0.0,26.041123818012245
2023-10-31 01:00:00,210.37225792221614,69.78055035547054,0.3083810831892468,0.33284044117713196,33.255752432548825
2023-10-31 02:00:00,176.3408505950008,71.27870174078517,0.3193731323209381,0.06698327652906508,35.21148932808089
2023-10-31 03:00:00,183.54462606643537,74.1103491176161,0.26603004228592614,0.14382035067439602,28.305056304881745
2023-10-31 04:00:00,181.04330514476695,64.34890821647545,0.34897176552715475,0.6391495206139305,33.001242354562706
2023-10-31 05:00:00,240.18436562498655,64.944309436675,0.3596134893580236,0.2044129102614142,33.298948126031426
2023-10-31 06:00:00,279.4082563124289,60.077740027572055,0.3488469654065487,0.1167686612270391,44.85044671231394
2023-10-31 07:00:00,373.1027128610734,57.84564922608741,0.627562759614069,0.4574648642022506,58.8191057130091
2023-10-31 08:00:00,365.26091704520155,51.75705738671929,0.6575539121114977,0.07941813948837217,66.9718147035893
2023-10-31 09:00:00,366.07124433522966,58.64232792290074,0.6368279206037541,0.1694645540458581,63.54471759791414
2023-10-31 10:00:00,278.68719327426237,56.3332631805095,0.46059288452697383,0.47482939023751003,51.04183837635177
2023-10-31 11:00:00,240.48125739030158,66.94423345492696,0.3131263302102623,0.2576981617554327,35.84672297637676
2023-10-31 12:00:00,204.93300123359268,70.4389588348508,0.34711502085227997,0.0,34.31417694291991
2023-10-31 13:00:00,207.70619350955462,69.04363050502609,0.3670153964779278,0.3479181305780714,37.260649833155654
2023-10-31 14:00:00,252.63873586996397,66.10488611055945,0.44007176197388725,0.1786361412316284,40.95764018167446
2023-10-31 15:00:00,312.8711660567721,54.638553121366364,0.5316765365439715,0.5271732675754441,56.84252599911917
2023-10-31 16:00:00,404.3709678613558,50.11486796032925,0.6456079888825481,0.14088634942585596,70.83683104449355
2023-10-31 17:00:00,404.2707276600269,50.54861401832592,0.6717865505860338,0.4392206752706667,69.88470846960594
2023-10-31 18:00:00,387.7930891725828,46.435693307362136,0.6774016910619719,0.5696256458258285,73.80015571715052
2023-10-31 19:00:00,330.74595239296224,52.21237426001963,0.5005103925764025,0.09683021971391728,57.88651803640541
2023-10-31 20:00:00,282.1190100556595,58.489458826058396,0.50161835966858,0.2152216562635253,46.08338872743102
2023-10-31 21:00:00,212.34098896353277,62.42535000123207,0.360781262303096,0.3199525493460011,39.96866271212335
2023-10-31 22:00:00,186.90720527154252,71.7572042069628,0.1919410358615497,0.0956777645402486,25.067427614483993
2023-10-31 23:00:00,186.77068214591856,74.90254635701069,0.28446887056205794,0.2986530904074095,31.12895283050118
2023-11-01 00:00:00,148.90293167612364,65.22356397080807,0.2856864325126858,0.2095143482489214,28.676636876081187
2023-11-01 01:00:00,162.07994671626196,68.39139876147252,0.2517297586713979,0.20588783711319425,20.627425753644545
2023-11-01 02:00:00,174.89004047406965,70.10747566227742,0.23263808699346622,0.2588089106874601,28.89287688897046
2023-11-01 03:00:00,172.56127200029752,73.48207685845733,0.308129756704047,0.26282764880414156,28.379004002219585
2023-11-01 04:00:00,170.57902557873518,66.54346575791791,0.2638135656421504,0.27949853843368727,27.81073406797907
2023-11-01 05:00:00,239.72401705387918,68.32296627593558,0.3653344369814029,0.14221125781777882,37.77837279207641
2023-11-01 06:00:00,291.71401073008826,60.93271008037085,0.40286792889540984,0.1500690896170444,49.10113740995923
2023-11-01 07:00:00,359.86603533302787,61.451917175795074,0.5477795398971075,0.2286542340115305,56.44342252538418
2023-11-01 08:00:00,379.5997484040587,52.4249202859201,0.6624571931116278,0.24194362457755686,69.78196208400226
2023-11-01 09:00:00,359.03256772768054,56.27711375654153,0.5830771744690219,0.171007118809609,57.42241292482397
2023-11-01 10:00:00,296.05933475682406,60.454536366371116,0.4627024979004469,0.3083091355754833,50.51027400402766
2023-11-01 11:00:00,225.5500519917992,66.70254277425288,0.3315651805915734,0.0,38.60783327093116
2023-11-01 12:00:00,211.80497241501155,71.20923277335865,0.30824645431264036,0.1185160733963887,35.232806733607006
2023-11-01 13:00:00,203.79537000520227,64.24908159059248,0.3005667986529313,0.1996129912834862,34.546611081552996
2023-11-01 14:00:00,259.89940981794956,59.04092804723304,0.33614363574199674,0.09589926633449111,41.64203937507021
2023-11-01 15:00:00,342.7644648015432,53.92968244997818,0.5819347481195453,0.5432556426656003,58.811785560000246
2023-11-01 16:00:00,410.2844470851835,52.5963968216906,0.7072003722681146,0.25339513241049133,68.47177691647074
2023-11-01 17:00:00,439.914119975653,46.29348474809185,0.7223516511981595,0.2818185420806626,74.8566154465972
2023-11-01 18:00:00,396.0827949850685,51.74714568342234,0.6471174631881027,0.16301847256621707,65.84666412702613
2023-11-01 19:00:00,326.04156802029127,53.627306296762185,0.4811178940400519,0.24715979433286703,52.28336764303635
2023-11-01 20:00:00,251.18475843154047,67.26426898176811,0.42456644478199845,0.03125437642550791,46.80961754278805
2023-11-01 21:00:00,185.36819662914874,68.89693438227184,0.3480398878080063,0.21943293350288678,28.457045548307168
2023-11-01 22:00:00,170.37136862361174,70.43200039525834,0.3069932204404229,0.08133848285276396,32.27127214885029
2023-11-01 23:00:00,180.14533458969925,70.57688770793646,0.316028154446499,0.20006735474389076,27.603238623951324
2023-11-02 00:00:00,178.38056817431362,68.5156422779418,0.3134484368671463,0.0,28.40221815384114
2023-11-02 01:00:00,201.24297765872012,68.24697997700163,0.21020645526655019,0.04695942248016538,27.056788337311282
2023-11-02 02:00:00,200.2425248978808,67.5423498788726,0.2506591611877916,0.5135067528125801,28.374498096904325
2023-11-02 03:00:00,172.95851713898855,69.80949490281277,0.30129967027608234,0.3994715948393576,31.97781317054421
2023-11-02 04:00:00,206.86641064372165,68.26082789690334,0.2861611895001328,0.4874270804647416,34.32982289099448
2023-11-02 05:00:00,219.70130431775675,63.07800596865762,0.33424637808472335,0.49978982854076626,36.54133989549982
2023-11-02 06:00:00,298.0569049317854,61.65282991827236,0.5156137087217749,0.3711377363496059,58.28112865797714
2023-11-02 07:00:00,369.8523225453915,58.96735669107905,0.5227560287648595,0.1684836366317557,59.441870220169285
2023-11-02 08:00:00,408.6410078535904,53.27109138441928,0.6059036250640446,0.06329482967218791,67.79883130355557
2023-11-02 09:00:00,350.4520229359851,53.87879630883697,0.5267938717336101,0.4564140289809454,57.30902926015777
2023-11-02 10:00:00,303.55714817292204,60.09775384386017,0.4592985239703421,0.2616222353897303,48.46587790166752
2023-11-02 11:00:00,201.43128225852934,61.832100565475706,0.4499664475434046,0.6989241069487432,38.36804738643416
2023-11-02 12:00:00,224.579624049489,68.73233723112591,0.35972468710744365,0.18428236431806425,39.17831156853838
2023-11-02 13:00:00,215.36102639030125,68.1607450957631,0.41457898076054245,0.6051212538604864,39.63928600461212
2023-11-02 14:00:00,258.3812101533184,65.32699930065206,0.4062644685625535,0.22177747767476405,46.086077195176486
2023-11-02 15:00:00,295.06544297229493,56.79026525696472,0.5983513196306381,0.49048874750656607,53.56419744845875
2023-11-02 16:00:00,385.9741632228322,47.00705531207591,0.6934005584305,0.5554045127018419,71.56343897794322
2023-11-02 17:00:00,440.33247889561136,47.2275853473374,0.6590295291278156,0.06586901292747177,74.92079454652237
2023-11-02 18:00:00,385.3987403780326,52.25730293827313,0.6521868146795293,0.16270034590764365,68.33584828666731
2023-11-02 19:00:00,336.26930011205326,61.253178824859745,0.5465761921816139,0.06406373937426446,54.28350623089571
2023-11-02 20:00:00,258.4349190896433,68.93727677686066,0.33610631986805595,0.028609992113519778,36.89071757023462
2023-11-02 21:00:00,228.42050507090545,59.930454530863805,0.3014313342039021,0.370072033094491,38.98017403326654
2023-11-02 22:00:00,193.417378547681,75.43250304492706,0.28416969818543936,0.21460689335517613,31.8223955609506
2023-11-02 23:00:00,168.68898620270662,70.72266194138409,0.23173804737011314,0.25942593817422455,25.03873302635089
2023-11-03 00:00:00,180.85165510897423,71.47092199222739,0.2355792858324579,0.3501230442951904,29.24232617802976
2023-11-03 01:00:00,204.07788578214092,67.64502839280055,0.23327590417525648,0.0,33.89032704939242
2023-11-03 02:00:00,187.98521412778942,67.51017482319679,0.33870891251497015,0.48161788071226985,32.13503788621915
2023-11-03 03:00:00,181.50911465188233,72.28074602216658,0.31306869307477836,0.18716305059881483,26.692502783618988
2023-11-03 04:00:00,228.42768220438597,65.04577058548941,0.32174563867949146,0.34583223512281436,33.753549814576765
2023-11-03 05:00:00,244.24557282478372,57.86905186886074,0.37147963314144067,0.36172831106113845,40.469735330218164
2023-11-03 06:00:00,300.0686685177053,59.62330225159882,0.5628695802740847,0.49674338093749126,52.76695681642395
2023-11-03 07:00:00,362.5221936024559,54.78978494609969,0.5478086970273648,0.23112567019905397,60.61848157703482
2023-11-03 08:00:00,400.96372319264094,57.60246128314945,0.609659792824229,0.0,65.88289860401976
2023-11-03 09:00:00,369.2826543554682,54.27388882107042,0.5488782768226481,0.26028297042164095,60.859543517240155
2023-11-03 10:00:00,255.60036268192613,60.204552194354385,0.407730607924837,0.2861272344690882,45.644302264492175
2023-11-03 11:00:00,235.44753599279014,68.97278859474078,0.3865398817252291,0.0638330453547789,37.089157929280915
2023-11-03 12:00:00,202.7243009363712,70.1540998848824,0.3082193345183058,0.27654831779792893,35.90335891118673
2023-11-03 13:00:00,208.23963313553037,65.49154986836959,0.3585617146827547,0.1850166817492675,38.58468506058514
2023-11-03 14:00:00,255.5055709224403,67.10784076484568,0.3782068688723672,0.008304289129148129,43.30811462982209
2023-11-03 15:00:00,302.2892602553187,54.37994133647439,0.591794478815107,0.3708672811016711,54.8018961759445
2023-11-03 16:00:00,364.73500003098525,51.4377168059276,0.5956203378339108,0.1485294728383967,63.16383995270225
2023-11-03 17:00:00,438.6978241631356,50.26208574897622,0.7342421624839287,0.17685174134732756,77.6616457848721
2023-11-03 18:00:00,398.73163604920865,53.364021502932566,0.6730905148427802,0.16673580748832478,68.50613686325708
2023-11-03 19:00:00,289.37217678924094,55.67302354058038,0.48019599185011863,0.47238614754354635,49.20093365934014
2023-11-03 20:00:00,249.27082405290557,60.21517667280747,0.38994322836352296,0.24263509088078938,40.852546968047974
2023-11-03 21:00:00,225.68874397785794,62.23308325410987,0.37409776142582996,0.26423796769824787,37.5936775242838
2023-11-03 22:00:00,186.34464846380968,69.19801355204021,0.3510151663237032,0.17068549221044854,29.976221160022376
2023-11-03 23:00:00,201.34123347615358,71.51728599888601,0.31661723409224996,0.33331602800588295,39.727916268123224
2023-11-04 00:00:00,135.7511719003896,69.18080604990483,0.2834335595351749,0.49287724872112093,20.679075866188107
2023-11-04 01:00:00,99.70896408696203,69.66705160755897,0.2480273038950817,0.36661494714757115,18.21270705558951
2023-11-04 02:00:00,118.37067647451393,68.94872764531817,0.3108973477380371,0.3736360530402741,26.36727807223835
2023-11-04 03:00:00,116.53446788915674,69.62071374691985,0.2742976508175273,0.3591214370591822,21.541229105672212
2023-11-04 04:00:00,113.75295050210488,68.25161932725136,0.259132394365903,0.0015563242039906278,21.91164922156967
2023-11-04 05:00:00,145.04322241353634,69.19577244782867,0.3283591453785728,0.09229861029415509,29.026962097924656
2023-11-04 06:00:00,215.7273365931025,63.16943391117875,0.48627661677345546,0.21310226915215727,44.61202358352459
2023-11-04 07:00:00,288.1481754811007,54.920327415931204,0.6304624192248175,0.1193444723512194,55.5968166099386
2023-11-04 08:00:00,334.25806233002476,54.62457095573509,0.6469303343063697,0.05838333554392036,63.75569525044039
2023-11-04 09:00:00,313.50487535594186,52.464575113230076,0.546791555057578,0.0,52.22005811394693
2023-11-04 10:00:00,236.04726720239373,63.099488909654816,0.3954094477435969,0.007624741635854609,39.34488240106561
2023-11-04 11:00:00,180.77907640456075,65.77584284370612,0.3798482991111448,0.20382539967833194,35.45311579769759
2023-11-04 12:00:00,141.13712150435057,71.03074157367001,0.3831407593889129,0.2375032539726008,34.03806689985895
2023-11-04 13:00:00,164.78128018177236,67.38894494867773,0.36313373254025966,0.10725032029649642,29.238086798276516
2023-11-04 14:00:00,196.21150539924997,64.87103715612483,0.42195149548264366,0.2642065382829807,34.57932882251694
2023-11-04 15:00:00,259.00490480886,56.29800331756361,0.5024727151639784,0.17190994463649228,49.44670179886798
2023-11-04 16:00:00,360.2606657649773,43.29897082706223,0.6790940735983775,0.4463032457272927,68.1489113591813
2023-11-04 17:00:00,325.04314855319564,47.66887562090663,0.7382742800395399,0.22090736247552928,63.72447682132532
2023-11-04 18:00:00,303.6997042939644,50.07424377170929,0.6674750314017107,0.3753395586523087,57.295269621339166
2023-11-04 19:00:00,271.30785500942915,56.74079139643385,0.5292634143733377,0.28657847721304464,49.33867333948761
2023-11-04 20:00:00,193.94185694594495,65.27252198062048,0.35886425070230515,0.0,36.20306396415445
2023-11-04 21:00:00,130.92570272440614,65.8870360359316,0.43378603606046817,0.23368152836730843,30.357295443467372
2023-11-04 22:00:00,114.72569980216261,70.00336722395568,0.23557502303894823,0.027587662120836964,24.542404846718057
2023-11-04 23:00:00,108.80007221625142,67.0954364717397,0.2383853085677255,0.2305382491209542,21.53457490860094
2023-11-05 00:00:00,133.3899429682038,66.08105464921874,0.26815970074758483,0.11587645289847595,27.089077517367258
2023-11-05 01:00:00,138.24578869258931,69.1787143896216,0.2738976159001051,0.31875334602726546,26.16728550908882
2023-11-05 02:00:00,145.11397643570567,70.02536500051262,0.2926370236056785,0.008376219256083783,25.574674497774925
2023-11-05 03:00:00,99.42064092814724,72.39934895381089,0.3229754661127575,0.25264632855029867,24.644819641829287
2023-11-05 04:00:00,114.08467192971341,62.470060208509935,0.26105083790676226,0.3530348048613749,21.32347444445459
2023-11-05 05:00:00,145.32294016885757,65.40426616032448,0.339209720295694,0.41336720247561914,28.030263695665134
2023-11-05 06:00:00,247.15051487327855,67.16260565187879,0.40592461422782855,0.11244980358083989,40.243783504870215
2023-11-05 07:00:00,304.0204234400832,54.28056948682706,0.6029707802211162,0.2531951749972915,57.99068655816533
2023-11-05 08:00:00,331.21260391842014,51.72707669575959,0.645465060130315,0.2831464551240832,63.417748543142395
2023-11-05 09:00:00,301.2861036654373,53.59395385654223,0.5843980832270089,0.5284827303176982,54.25620839068943
2023-11-05 10:00:00,227.49091870812703,63.971665695827646,0.4392707152307428,0.0,38.94360262905946
2023-11-05 11:00:00,152.70636208925083,66.02997851698761,0.2963110371969322,0.08600154188721121,28.6729309951552
2023-11-05 12:00:00,152.83398067317967,61.22351882361427,0.33855093371610445,0.7548032486924944,27.35042671662656
2023-11-05 13:00:00,152.9441996477737,68.76861648678526,0.28035059799705514,0.20084248888792455,29.761566040649953
2023-11-05 14:00:00,180.4323074209145,60.04287471039386,0.3930411854256822,0.0,35.54796109003893
2023-11-05 15:00:00,274.2412722380226,59.57065715915918,0.5250241352472418,0.14514097419733013,47.116127924782475
2023-11-05 16:00:00,325.4173369874541,51.60515226914786,0.581282157281574,0.0,56.084205700994886
2023-11-05 17:00:00,363.41254020402874,47.66076238201746,0.716185417291494,0.29336572824210755,69.29222741759116
2023-11-05 18:00:00,329.9245813341044,48.10495737022261,0.7025094569507138,0.39576125685007935,65.35097784276158
2023-11-05 19:00:00,278.9380402807972,61.546325835404,0.4721136174206258,0.08590077228962442,46.22285382948185
2023-11-05 20:00:00,201.2190367873658,64.15801493404044,0.3898281763832981,0.16526969399472877,36.6966742041101
2023-11-05 21:00:00,139.2249653540579,64.8882168185224,0.36901144079120113,0.41625774796640425,27.16844018382491
2023-11-05 22:00:00,135.37491242269712,70.15863022118056,0.2681987727863516,0.0,24.09409780412538
2023-11-05 23:00:00,127.98649003627408,71.28827178505634,0.2009959935367478,0.012117181804081806,25.064479399400874
2023-11-06 00:00:00,187.67488952182316,76.3204167391844,0.2532705372613373,0.20893926729118484,33.095813898728665
2023-11-06 01:00:00,195.59774604760142,67.7855299397926,0.2425981839452974,0.1145797292559727,29.821917602323655
2023-11-06 02:00:00,171.2807961795888,73.0857562455829,0.26376125388012733,0.1971039584547542,28.435562900783413
2023-11-06 03:00:00,193.27484426899528,72.96099431238437,0.2525654611837248,0.022524942506826073,30.13202444152185
2023-11-06 04:00:00,168.7192663497743,72.2902158245713,0.36581711870919553,0.28857642746587137,26.577428070991107
2023-11-06 05:00:00,225.05756505704082,67.7712194129067,0.3420691902480649,0.22313804466760204,33.848626151593805
2023-11-06 06:00:00,283.6977615146138,59.976059107562115,0.39585824032919725,0.3488542889619459,40.55322004121247
2023-11-06 07:00:00,379.4797349264945,57.024740756458485,0.5785226069837411,0.28607191008645266,63.9975797565017
2023-11-06 08:00:00,387.664584236727,52.27590691993632,0.6986472921132458,0.28720421304928423,73.95720318033004
2023-11-06 09:00:00,366.9615049302997,58.643338850670865,0.5397248658814209,0.0,62.541638420495616
2023-11-06 10:00:00,261.9159135221198,63.571583877992786,0.44695790689846737,0.33866647929607696,45.189642051024904
2023-11-06 11:00:00,224.2471233300197,66.44700674664153,0.3396007832502815,0.19044404767520043,36.654335685107675
2023-11-06 12:00:00,192.4409908149024,66.96162444716103,0.33813974665804813,0.2200123046230688,32.7153689797609
2023-11-06 13:00:00,252.86894408201186,63.62452404138683,0.34376091525379476,0.4386875877503458,43.21562709087423
2023-11-06 14:00:00,248.4351787662835,64.97536639931255,0.33864737052733296,0.12050159982695888,40.14726813541308
2023-11-06 15:00:00,326.7261766475735,52.5100876972658,0.5272925044985667,0.4932131791226201,57.22124604033239
2023-11-06 16:00:00,393.70278856567046,47.63009173751942,0.6690697696650645,0.5100055538871567,67.07816310734506
2023-11-06 17:00:00,396.1581135373583,44.49704382867595,0.7299755828445869,0.38550119872558697,74.51126133363154
2023-11-06 18:00:00,383.9087375954281,53.26800886669642,0.6046897603170122,0.07348825406186407,64.80893167868935
2023-11-06 19:00:00,331.6388563871639,56.77593602846966,0.4928943207361181,0.0,56.24585566431523
2023-11-06 20:00:00,259.202426302551,58.087291159950325,0.43257009067396746,0.44419028456678933,48.20682359028616
2023-11-06 21:00:00,177.97430339679093,64.08529072317008,0.30274881837155304,0.27004931103959434,27.587164443995846
2023-11-06 22:00:00,182.03999240205013,68.6787509159571,0.27637008787200973,0.11586445525213679,29.23771727650279
2023-11-06 23:00:00,197.97848409088152,66.86492025390866,0.31947837206602187,0.46124122187600847,32.40891870317438
2023-11-07 00:00:00,188.8282388209341,71.86885683852722,0.2120402367322224,0.09491940144199432,26.254031086576084
2023-11-07 01:00:00,198.3301325040008,70.20161401640915,0.27972281523548725,0.17365205351843033,28.509348785733025
2023-11-07 02:00:00,165.73582789589705,70.12531732058436,0.2417033042314481,0.3444802655770589,24.977604759595305
2023-11-07 03:00:00,202.4697522904732,72.45105002359382,0.2175698627934181,0.04955149030932207,26.211430577103116
2023-11-07 04:00:00,193.92543419304866,70.7581991516736,0.27083671253693425,0.23029343627072787,32.4791158956016
2023-11-07 05:00:00,250.7406748004495,59.645737795416906,0.4273167653884891,0.4460446931044051,45.241733986517154
2023-11-07 06:00:00,287.86722629798504,57.63642801915123,0.38988892667749125,0.2879999338518034,47.90950296057151
2023-11-07 07:00:00,327.04992423307556,54.35416984795902,0.5751659221136526,0.4745367406282625,53.48412972748684
2023-11-07 08:00:00,402.74843424098145,50.89526202283679,0.6443636446724438,0.4540484244410796,73.89650841707191
2023-11-07 09:00:00,351.1889680881059,57.18713795647426,0.6182358800968025,0.2513929001958915,60.42982552859133
2023-11-07 10:00:00,282.69914869468096,58.85032298151736,0.5085324202467634,0.0,54.83705638500834
2023-11-07 11:00:00,207.72704633430186,66.14368486611085,0.3209764311408057,0.05096098686124481,36.57513804838375
2023-11-07 12:00:00,229.46938131149673,65.94253437535502,0.35308712356182015,0.3874001402292081,37.42894108376605
2023-11-07 13:00:00,207.9197596255363,69.15996387398384,0.30848512650128934,0.0,38.621912770468704
2023-11-07 14:00:00,282.0626667467917,63.37315894284009,0.4023022765215956,0.19119533405434902,46.95876631876784
2023-11-07 15:00:00,319.15834313375893,57.3364965239428,0.546865696856173,0.3109265104640258,55.20547133599548
2023-11-07 16:00:00,377.88797349930377,48.18183187448879,0.608690555505157,0.5145227252370719,65.05475165585922
2023-11-07 17:00:00,439.7932255118553,52.258844363017516,0.6827347727115985,0.1464964546382055,76.2292047047808
2023-11-07 18:00:00,390.6992475185713,55.73971259965428,0.6520962761151223,0.13417221236503674,65.5361992329502
2023-11-07 19:00:00,324.6137785870978,53.93710547517209,0.4944082321793373,0.24055976203080992,54.396400226153354
2023-11-07 20:00:00,238.6922030696849,62.46510906656908,0.435966794710515,0.31316433456581844,41.208104614393946
2023-11-07 21:00:00,205.61611765646614,69.23972488850212,0.25992618066231205,0.22223557106870306,29.67912821589594
2023-11-07 22:00:00,196.9753014240841,68.98576099216261,0.3160830034657044,0.4388683027994459,31.015674418559236
2023-11-07 23:00:00,163.17845926279534,69.88676013488045,0.31896834694820875,0.10615411005487507,33.74213265385753
2023-11-08 00:00:00,171.91857949866284,70.46371090523057,0.2684274511682294,0.27162896800822783,30.77015396753053
2023-11-08 01:00:00,173.75293566551088,65.39513657700591,0.2439861436918327,0.3301382878444634,29.45791202640074
2023-11-08 02:00:00,181.51715002795638,70.4838630109508,0.21165786664424893,0.1779580942169458,25.83096636795051
2023-11-08 03:00:00,205.44920394586126,64.8609890648127,0.3111621034075662,0.40114778858079403,33.08465424875026
2023-11-08 04:00:00,190.09222792264163,69.80474497395988,0.33912111834795855,0.27681253742362294,31.758038489128857
2023-11-08 05:00:00,216.499827350177,62.057824085081734,0.36505100880366054,0.3919922283674093,42.62013328379931
2023-11-08 06:00:00,329.0132192670985,60.88655893967033,0.4396423447683824,0.2849387394487898,52.810118602719086
2023-11-08 07:00:00,351.26427632093885,55.01921335871146,0.5008091503606008,0.317752822867701,59.77093633731576
2023-11-08 08:00:00,387.1497432538364,53.099422416053976,0.6185949502716839,0.13616948376711605,66.53079465656955
2023-11-08 09:00:00,352.4739777198601,54.084377872301026,0.5324849378462928,0.1364610930655798,57.153867909111675
2023-11-08 10:00:00,284.1910563485638,58.421315496156836,0.45238319815945144,0.4703913663871798,49.02238718550356
2023-11-08 11:00:00,230.68981574558782,67.77680332390196,0.4338571600674535,0.3643918800136598,37.796749747049006
2023-11-08 12:00:00,218.9483359903052,68.19423417798093,0.22729499948262966,0.0658662700799677,34.98785396486783
2023-11-08 13:00:00,221.79609308168008,66.53668633987343,0.27381240286846115,0.28255541643786963,32.45831809694293
2023-11-08 14:00:00,274.5935635736002,63.42105616778922,0.3964746287082551,0.0,43.162483551505304
2023-11-08 15:00:00,341.2874206767632,60.02875573718413,0.504098901285637,0.146690770534105,57.793529479914994
2023-11-08 16:00:00,394.93243311578107,49.3953456628863,0.6422033286358724,0.42298498179158306,66.82004287240073
2023-11-08 17:00:00,425.64496745236477,46.27024994932142,0.703653909196661,0.22747379403199128,73.97640961789969
2023-11-08 18:00:00,408.43031889760414,50.43308600515447,0.6580075093156965,0.2712242805398856,63.5824824262153
2023-11-08 19:00:00,308.89920977738785,58.053745751213235,0.46579738520427183,0.0,50.944012824793944
2023-11-08 20:00:00,295.3897602075062,66.90394620479421,0.38062553703056434,0.1793943487354927,46.671844149663606
2023-11-08 21:00:00,204.79169101899586,66.42379300020771,0.33991203163473416,0.31088900028889827,33.439895820912994
2023-11-08 22:00:00,185.2803902460845,64.90649781875925,0.3085117575796524,0.33375217757170117,33.78053367234778
2023-11-08 23:00:00,164.48764454907166,69.61639294296099,0.31631832887587047,0.42322402804018555,29.375162803283096
2023-11-09 00:00:00,162.2726327919241,74.76757018214639,0.24789696200034653,0.21215360468078293,28.208182157406387
2023-11-09 01:00:00,194.6701432599688,73.22576026033386,0.28599955051411025,0.22018195372765315,28.553056472365217
2023-11-09 02:00:00,214.57343712188018,69.11629741219365,0.28990335914981447,0.010218862706224796,32.92281683631419
2023-11-09 03:00:00,174.7472075991621,69.34362129031072,0.2786193318939109,0.21318612294882436,25.49694557653583
2023-11-09 04:00:00,199.80127283929914,70.48925800970895,0.2724977189119191,0.022916488768396248,30.8892260456561
2023-11-09 05:00:00,230.15983622204786,67.93728463586697,0.31867382862342297,0.0,35.30812255235554
2023-11-09 06:00:00,302.8213282229798,63.27354885424697,0.41046738053240966,0.054667713380095906,50.28599003188914
2023-11-09 07:00:00,391.0427735915512,51.73048817922911,0.5609073279898455,0.5215632834047148,63.18129226406651
2023-11-09 08:00:00,412.8242169410981,50.099667117184424,0.6082211929600757,0.20129898372761024,67.8905574725925
2023-11-09 09:00:00,354.26178404301436,56.81882621267377,0.5933992474338039,0.28957792534420584,59.28905793747924
2023-11-09 10:00:00,296.2741074008527,58.64088644886329,0.4108056167750415,0.1575706747843499,48.50665305086451
2023-11-09 11:00:00,238.94436044148182,65.7339678408846,0.32974531470757934,0.0,43.144140447754346
2023-11-09 12:00:00,204.8350293588918,63.610229890673025,0.3269652917961424,0.41850036248734734,26.531058562792182
2023-11-09 13:00:00,199.29723523012802,70.27408549264278,0.3833794001636224,0.0,34.886262468447164
2023-11-09 14:00:00,246.45548684465857,63.878107907053376,0.4311464534685601,0.15013731817750148,45.86771847199887
2023-11-09 15:00:00,342.84928032158996,58.93861863029751,0.5571217682019254,0.240169321446989,56.76138719610715
2023-11-09 16:00:00,410.57377146887364,48.28975995213908,0.6866074637663839,0.29148813581737393,73.25245907506056
2023-11-09 17:00:00,416.8867774288203,45.91355876067056,0.6600962536064131,0.11923547118480343,75.17580880228027
2023-11-09 18:00:00,395.7150996644761,51.4753147144686,0.6757190674623577,0.0,68.59410190331859
2023-11-09 19:00:00,343.52631601736977,57.35365657897853,0.5216900794856465,0.10580320737962112,55.64722900860553
2023-11-09 20:00:00,232.3525590934322,64.45859798903426,0.3960897818846877,0.11522356222846078,42.51312109905656
2023-11-09 21:00:00,205.78518151432712,63.92989931858799,0.26933595874129457,0.11084317087208556,34.50824118263149
2023-11-09 22:00:00,220.8129347918588,68.83333024859517,0.2948500144028138,0.4246105462373686,34.227563494269766
2023-11-09 23:00:00,187.1557749122279,69.26759323095524,0.1871833727954934,0.0315514999349544,28.734288384883055
2023-11-10 00:00:00,163.06665364068857,67.94763115569472,0.2704984223356954,0.3041762693988686,30.49950136533655
2023-11-10 01:00:00,181.81886663022846,72.7012147605492,0.25489670072195203,0.2784934666992248,28.043966642980102
2023-11-10 02:00:00,195.84207184127055,63.114335035614374,0.2772217008715318,0.4228819139449006,33.543343375257564
2023-11-10 03:00:00,145.05781520135858,70.71889559793264,0.22259175030836792,0.2260362630873524,25.255856925431853
2023-11-10 04:00:00,197.23581217525276,68.40689084567231,0.34170370523269705,0.39240357409556054,32.66721670968284
2023-11-10 05:00:00,221.2711189674781,64.18469133899731,0.3736969052700915,0.21900037514306236,41.344813693257116
2023-11-10 06:00:00,263.18768789017423,59.01544987776847,0.5301063336919837,0.32819065478526405,46.69918422197013
2023-11-10 07:00:00,358.9909654507449,59.81586397097737,0.6127288823728148,0.0,61.023657171518465
2023-11-10 08:00:00,387.9624121949676,58.906427423384926,0.6062650552074663,0.0,66.11545456160962
2023-11-10 09:00:00,357.480319474761,56.874095972231395,0.6191414520606571,0.3179584336418536,59.538190284312385
2023-11-10 10:00:00,283.1186835615367,64.80414252071802,0.47382826730542155,0.3276129626870613,49.96018009442265
2023-11-10 11:00:00,214.2034295210363,63.32620602207935,0.349226256325362,0.33559041996733885,37.52075521163635
2023-11-10 12:00:00,183.31434632243239,64.58837799337257,0.2971991356443075,0.15551214734415775,35.18790426907069
2023-11-10 13:00:00,205.37592812845963,64.46680058964701,0.389638989614276,0.518150005397867,38.83520059152841
2023-11-10 14:00:00,271.32591183424483,65.4873988238618,0.5674607217019256,0.16722199316733605,49.322020142800575
2023-11-10 15:00:00,329.1230449635529,51.40827309899131,0.584093039870791,0.3257582235410265,60.14830663763283
2023-11-10 16:00:00,390.7665515898441,47.41223029199628,0.6662166019006693,0.35703452050073414,70.17320147724197
2023-11-10 17:00:00,404.40376566533575,43.486501760165545,0.745289465046747,0.5593732287548399,79.66876015709127
2023-11-10 18:00:00,386.1905447607616,51.93299866160908,0.6589369238579168,0.19293466843782997,67.85871240240057
2023-11-10 19:00:00,336.6247220727833,58.16597214926089,0.5143738421045331,0.1324252768787525,55.79390994869443
2023-11-10 20:00:00,265.48834861121406,62.91974378367592,0.41661283717325553,0.0,44.04413459865797
2023-11-10 21:00:00,205.32248493031926,65.236743273417,0.35356488777466755,0.5294260611992452,36.31097128731414
2023-11-10 22:00:00,151.37383179760212,65.56454279222669,0.26057844061394514,0.3258539632687372,24.378328583661542
2023-11-10 23:00:00,172.54344471675444,68.03713205213175,0.30708734868542836,0.3315509990609744,29.328167425445898
2023-11-11 00:00:00,112.76447714708053,62.3495531969462,0.35572232018427585,0.8110067634383056,25.051250802642215
2023-11-11 01:00:00,106.45304316108131,69.15122966949414,0.2751179821948725,0.3085080534135339,20.20175379744533
2023-11-11 02:00:00,114.32290121015083,69.82950213700722,0.2648200987237723,0.015582147081994208,24.653246261013493
2023-11-11 03:00:00,135.50406118421557,71.72896933287541,0.31533567183165584,0.2147373565012643,26.06733212248336
2023-11-11 04:00:00,134.03207812303867,70.08751685519948,0.2797007216302539,0.07453916640724242,23.174631683147677
2023-11-11 05:00:00,181.70277800493955,65.98685039101167,0.3280897690470571,0.17874368897510096,32.06545902575952
2023-11-11 06:00:00,205.19207850204737,65.75852586879378,0.41907684805161427,0.17753387150417071,37.37062170542584
2023-11-11 07:00:00,293.1860957544661,56.5667825312823,0.5505523112319033,0.1443356096079311,53.68855341027748
2023-11-11 08:00:00,300.9242840086993,53.07873335437753,0.6614125035947013,0.0,55.317988467890295
2023-11-11 09:00:00,291.44301031017284,51.00340805395177,0.5921401589944135,0.5366502940610133,53.533838170185696
2023-11-11 10:00:00,212.6577310357431,57.327094353993914,0.47537200631311927,0.30379264799891087,39.23665513775339
2023-11-11 11:00:00,188.74228530177413,65.8992292098183,0.3407237030235004,0.20941503375395712,31.346546356001376
2023-11-11 12:00:00,151.28206891405867,67.46072071971354,0.3150009615480041,0.38637480931283374,26.818982344244798
2023-11-11 13:00:00,170.9587196664742,61.2792775469769,0.31057429126619496,0.3347921094728904,29.390832953346195
2023-11-11 14:00:00,191.99691274400993,59.006074706341685,0.4211949898979787,0.2996243318935686,40.40190355129706
2023-11-11 15:00:00,250.33121910090208,54.37455995466041,0.5214887760906993,0.3732996530980288,53.49976385409312
2023-11-11 16:00:00,316.03070661346635,47.64633075857198,0.6990142657601789,0.2741082538765582,65.3330269462916
2023-11-11 17:00:00,363.981877112971,47.1430001397334,0.7027643763015693,0.37063986225848644,66.81413850892224
2023-11-11 18:00:00,358.95169116647617,49.95596549714738,0.6574235124223563,0.3855602141579995,65.95507310988015
2023-11-11 19:00:00,271.75309307773244,56.116242056637205,0.5254645523897382,0.27928937230590456,50.52749741798493
2023-11-11 20:00:00,192.29507623461794,64.55044959153159,0.42222950117717073,0.2103289911706992,35.61868784947539
2023-11-11 21:00:00,149.64890515001122,63.35657024077056,0.41902436994063247,0.5254716042617036,36.46620558831067
2023-11-11 22:00:00,130.07535909334217,69.60680352640732,0.24326024172785832,0.16397772284078196,28.506896962945078
2023-11-11 23:00:00,153.06579757185054,66.68382652945492,0.29782181297237764,0.32043644807692223,24.72263504220875
2023-11-12 00:00:00,138.50902339876333,70.11510159294647,0.21970729671185613,0.324503513933032,26.96183091191057
2023-11-12 01:00:00,123.95901728887823,71.06242236226491,0.31305567543832596,0.1402795865925456,23.483264268959076
2023-11-12 02:00:00,122.166517474338,68.12230922454216,0.2570012530894206,0.10459197064393122,22.918016267613478
2023-11-12 03:00:00,127.74611011683545,69.84282910675478,0.21426050573517313,0.1863066362434268,22.892060658487345
2023-11-12 04:00:00,142.00565995663254,69.36353544867339,0.23942837927927058,0.16140096642839058,28.45506953912803
2023-11-12 05:00:00,160.65936799173147,68.68618654031901,0.3606511647322411,0.0,31.532685290010797
2023-11-12 06:00:00,215.1564755760789,62.49193510359627,0.3763839156972692,0.13273088514653042,39.33307234521164
2023-11-12 07:00:00,313.24536053211324,52.5769210203662,0.5871937295831177,0.29792013723422117,59.956988258384094
2023-11-12 08:00:00,330.33935662995407,52.08527144711516,0.6306619523783223,0.47786984514674774,63.67340063813762
2023-11-12 09:00:00,312.0725922949501,55.2652644486032,0.5735982034060436,0.34979044033125395,57.824273984271954
2023-11-12 10:00:00,253.03497409685482,60.89891807729964,0.4036608972365003,0.0,45.91846284993604
2023-11-12 11:00:00,177.3327138118418,61.95903923170046,0.3311908035780244,0.36543466865631896,31.65509448412573
2023-11-12 12:00:00,150.51461601995715,66.96604479672884,0.28822852256612236,0.1495326785387708,23.403642960206515
2023-11-12 13:00:00,203.73992194033497,62.41199922738535,0.3683014157969764,0.3315544134437973,41.483221088404925
2023-11-12 14:00:00,201.54243204730116,63.353399232385065,0.4002638189251655,0.24745565334208694,34.989510268076536
2023-11-12 15:00:00,249.2687884399565,59.887584141866384,0.5432231950548856,0.215316227304371,46.814327366076206
2023-11-12 16:00:00,327.5857730489631,54.28573317239868,0.6341270207543492,0.23159756896681458,59.606373449505355
2023-11-12 17:00:00,383.27555857759126,45.308912782454364,0.7190466295111613,0.2459636245114396,69.89667430227017
2023-11-12 18:00:00,312.3867584993741,50.616134594284865,0.6864456987497793,0.4919928949762439,59.89850024548048
2023-11-12 19:00:00,254.2804646351304,56.89588831900743,0.5077601603516568,0.24646116632468426,49.32161672634696
2023-11-12 20:00:00,214.51299426345946,55.30462282040569,0.39274658071228696,0.44539650397261604,41.83215113938519
2023-11-12 21:00:00,148.40615833921447,64.83816645033558,0.386985229943232,0.41918305585221827,33.08283645776492
2023-11-12 22:00:00,128.8911772649717,66.96363421378123,0.2729247904070803,0.3700681985650575,26.478918564806282
2023-11-12 23:00:00,138.76675147113758,74.78264681609542,0.27469717753796075,0.0,23.07767545838247
2023-11-13 00:00:00,169.25257727643069,66.21424313885908,0.2963512603825159,0.4509938781090892,29.006430160263207
2023-11-13 01:00:00,158.03059545379182,72.06192739782537,0.24833465957340944,0.16757776705559416,28.57700044892212
2023-11-13 02:00:00,159.68724839430837,68.65701433859142,0.30592934073315564,0.378830910593459,27.523023937135537
2023-11-13 03:00:00,191.98251591243164,67.50685540636537,0.31763588331409215,0.07494409001672558,31.34139701238767
2023-11-13 04:00:00,198.4785063248483,69.07534121422967,0.30300835147627103,0.03668667220541397,34.7424020638897
2023-11-13 05:00:00,216.46883958717547,66.96673565137104,0.3938421472185506,0.6057499726296158,37.85263357628538
2023-11-13 06:00:00,270.4357854746214,61.70311516283489,0.5023296357657381,0.07774304796913944,47.06565604479814
2023-11-13 07:00:00,353.70345974655726,55.3775210540736,0.524929397910021,0.4562991950293145,57.65479494515577
2023-11-13 08:00:00,406.7573749651314,53.95622901990171,0.5826601603664623,0.2713156578585738,69.28587400036183
2023-11-13 09:00:00,345.3044039502867,54.240262030148145,0.5452693242868494,0.17437838949516912,60.53811465305214
2023-11-13 10:00:00,278.40233253591975,57.56636445584886,0.5115807527827202,0.2419308008205628,51.08026954272613
2023-11-13 11:00:00,211.66566929015272,64.7332894458496,0.3720551434631074,0.015802990624363994,34.32025802018235
2023-11-13 12:00:00,199.62519548987353,71.43165925122211,0.24887369502824144,0.2475242116703385,30.63668262318513
2023-11-13 13:00:00,220.8074620933277,68.68204398581805,0.3003228374272747,0.055106743498727295,34.081137649757224
2023-11-13 14:00:00,290.16466747875023,59.04791441529951,0.352150547073791,0.1788201170234826,43.40210811782284
2023-11-13 15:00:00,328.8937132499508,57.403684099947036,0.5448796290371823,0.41655392151452364,55.139660877445756
2023-11-13 16:00:00,390.9989799529876,45.75148583588066,0.6863055842904187,0.2957543217803783,72.3946864218274
2023-11-13 17:00:00,432.9443369911851,47.934664713786546,0.7090266317617707,0.0,78.10847866289137
2023-11-13 18:00:00,402.24250203102844,49.56216013182205,0.6716958596837137,0.40326786284449656,67.628286969052
2023-11-13 19:00:00,316.90244648192487,62.96759681182192,0.5126142684250462,0.24872204285635433,50.5906081375525
2023-11-13 20:00:00,292.44749327538284,65.67839519983006,0.39777871465611475,0.15240665168631906,47.54639579792544
2023-11-13 21:00:00,212.11471769250068,64.7414355546135,0.3726121924740112,0.3844017347036076,36.27454357181492
2023-11-13 22:00:00,194.09049387495608,69.34495104555738,0.3843359268645964,0.21990276934413958,36.14818088910886
2023-11-13 23:00:00,190.93638797847012,73.73342744712856,0.2112798938287306,0.0401809588169717,26.2232223836981
2023-11-14 00:00:00,185.1929804254344,70.89339267877449,0.371822705677477,0.5826057480609288,34.50360743932078
2023-11-14 01:00:00,202.9405972597416,69.40068384215512,0.2845504587643644,0.2468882602796222,28.692485998052774
2023-11-14 02:00:00,171.67190687029685,69.52603482111071,0.30721275961333205,0.23535066319320092,31.197252051586112
2023-11-14 03:00:00,195.00654299407788,68.22916081803315,0.28054109389548004,0.1770810690884938,26.260028968935913
2023-11-14 04:00:00,197.06005159816107,68.7130438999782,0.376726339264929,0.46239383310236604,37.26560414800997
2023-11-14 05:00:00,241.59818521300826,69.30441181589806,0.356835006668188,0.15552186853443278,38.38441641733258
2023-11-14 06:00:00,284.59287803720423,57.911773625516254,0.40374563513794004,0.0,48.33621520503108
2023-11-14 07:00:00,352.50582628149346,54.748527764062814,0.5770585356175163,0.12783802085872387,61.35439038314462
2023-11-14 08:00:00,400.9907179827645,47.0549480843748,0.6939697717421215,0.48881942808186263,67.30423724840553
2023-11-14 09:00:00,363.2115721140753,53.93494585397188,0.5863964417916224,0.3997837890622811,65.76227310917987
2023-11-14 10:00:00,276.0381783303292,57.9827240315122,0.36806122615853265,0.204097182521225,45.96399311324883
2023-11-14 11:00:00,249.7076770965623,60.46141916314274,0.3778825749973953,0.49718592549528534,44.14934114401834
2023-11-14 12:00:00,216.124029453033,69.51444673054847,0.3351576924092426,0.3846296011879389,33.16284371860059
2023-11-14 13:00:00,214.6232143751382,66.7134577492632,0.33067143672571375,0.20201391454577078,36.17386664998206
2023-11-14 14:00:00,251.41366344713714,62.902172965031674,0.38941611194537457,0.22013622608180566,38.931464730399725
2023-11-14 15:00:00,331.0889540107555,57.25620943607288,0.5886906578623237,0.30927719175017815,58.80286662192566
2023-11-14 16:00:00,401.71142989194465,54.20961319180662,0.5357641806466865,0.10026034906051315,61.92669149668943
2023-11-14 17:00:00,396.08916179184564,46.94700594696502,0.6988406632719453,0.2508109117916832,83.80467239263643
2023-11-14 18:00:00,397.43448259141724,49.150021348933016,0.6555212288225852,0.30553240563039225,70.85267344875864
2023-11-14 19:00:00,335.3556792336281,57.67615913698165,0.5885370076480991,0.0,62.06245594591265
2023-11-14 20:00:00,222.6298631744151,65.83403922025737,0.407368851363613,0.21592234193777837,38.641479998150345
2023-11-14 21:00:00,215.42331285808933,67.28868685171692,0.3442109637710187,0.19544988663417612,36.97486110183606
2023-11-14 22:00:00,200.96400108555284,66.8252237317737,0.316959237018803,0.43505224359285805,35.98833763929968
2023-11-14 23:00:00,191.37933388314633,72.73284315582917,0.25844290750070775,0.0,26.54750910555046
2023-11-15 00:00:00,192.04162023295245,75.1270846039996,0.33865940850360055,0.18132891645333205,29.809146336819968
2023-11-15 01:00:00,175.14613334634902,70.87432321914922,0.22196166184983776,0.16328416347437436,29.26760739320351
2023-11-15 02:00:00,164.92194143711455,67.89926221106276,0.2664606488160381,0.4228127735058881,27.60637165602603
2023-11-15 03:00:00,156.25964428480637,74.64113398957527,0.30980937054622204,0.24216161751431933,25.229434318540278
2023-11-15 04:00:00,210.97487352590724,69.48742567915679,0.34192252648742116,0.5732970362174266,33.322547682943586
2023-11-15 05:00:00,237.40331969328057,67.99213202856855,0.35368625364439626,0.3691984087431496,35.22705552860247
2023-11-15 06:00:00,305.34499374915544,60.09749014442981,0.4444897820038459,0.17615986104588657,45.23630437696201
2023-11-15 07:00:00,346.8849362411281,52.918568982319336,0.612141010600106,0.29313856538061256,57.665561345552646
2023-11-15 08:00:00,402.06716201075477,47.92359151553236,0.6380471764879837,0.18626761431349753,69.60952885137186
2023-11-15 09:00:00,335.3014589783736,55.93071062348451,0.5583601157269388,0.4046912962882756,59.798477944779535
2023-11-15 10:00:00,275.30018948456103,62.82122463588139,0.4411462329448803,0.010204411607617841,52.6754424993758
2023-11-15 11:00:00,231.41315104796595,62.423161707170834,0.3409427060400875,0.10173472421715998,38.5685968776456
2023-11-15 12:00:00,215.0845032738024,70.13111086075246,0.3447920067615197,0.3320241853398858,32.038878986334936
2023-11-15 13:00:00,240.92146395103435,64.13508773225975,0.3464876674769592,0.4706361607702518,39.2896335603748
2023-11-15 14:00:00,254.8361691421278,64.27782707717765,0.3388892827954923,0.0,42.179252005393835
2023-11-15 15:00:00,312.64074473081575,50.88955235908293,0.5814775867983382,0.4974048188782748,60.57051688747393
2023-11-15 16:00:00,378.0469183640715,52.01693926577071,0.6650791920595727,0.2247756768829589,69.37532606431672
2023-11-15 17:00:00,409.6825987260437,51.25440038717853,0.7266124402244186,0.0,73.92284046877285
2023-11-15 18:00:00,425.1146707007016,52.46509822050419,0.5679995611227799,0.0,68.3807910306126
2023-11-15 19:00:00,336.920462414442,57.61073062020363,0.5019275895381311,0.0,57.716045175022515
2023-11-15 20:00:00,274.6045699293686,69.45218980611354,0.40178334116701303,0.24645312594782767,40.277216461825994
2023-11-15 21:00:00,208.89568416921156,64.10909760331532,0.3148060345442974,0.23813835319440077,30.099892327406735
2023-11-15 22:00:00,190.52013383363794,66.31798635381175,0.2432103240904952,0.36397607824767575,35.48299475737192
2023-11-15 23:00:00,193.15512675855598,72.31750545645494,0.22712362494937888,0.15109230803902657,28.295730865540662
2023-11-16 00:00:00,172.41791357452598,69.05905898140408,0.2658842803065481,0.05055270163968925,29.904503828242433
2023-11-16 01:00:00,175.6900139284226,67.86921577313912,0.2476738544745439,0.17564445022103925,21.55244965472431
2023-11-16 02:00:00,170.3999732132888,72.73578026372724,0.243416159954008,0.2560498516440839,30.50916687944519
2023-11-16 03:00:00,176.54341876493058,70.90159712233071,0.34179609338079137,0.2915391030919499,34.05017596155783
2023-11-16 04:00:00,195.3262041049362,71.09603997295605,0.3800630875861249,0.10795035413096696,30.376751555922144
2023-11-16 05:00:00,214.531685393906,65.14013565637971,0.3670644025525105,0.41226040606036474,36.44513515866371
2023-11-16 06:00:00,292.10734447366923,59.92291377865609,0.3834238432673617,0.13814858108967398,47.41032421759812
2023-11-16 07:00:00,362.03078280705705,55.383962207883336,0.5714714328848775,0.09345087478151731,58.17771000926365
2023-11-16 08:00:00,387.32088602853156,52.582475298934604,0.5318389586062103,0.15236952829570782,64.36539418609621
2023-11-16 09:00:00,345.4297754242743,55.3237198040318,0.5367498924355298,0.4434712316264693,61.124604050385116
2023-11-16 10:00:00,289.9170385994861,61.96623735901425,0.469770358810871,0.22609663847068132,49.84107257147729
2023-11-16 11:00:00,221.94992435607153,64.4197499740533,0.2899107234607794,0.12498756944744108,31.533308367483833
2023-11-16 12:00:00,205.8353013329966,68.42294574702589,0.32260130538624193,0.41669939508073783,31.400066458293924
2023-11-16 13:00:00,232.20818924363053,59.461731381648235,0.3164915407850852,0.6356947371907743,38.340773953962156
2023-11-16 14:00:00,239.64302836654338,61.7100305631956,0.41824626755131955,0.28774287417561056,41.74228539466025
2023-11-16 15:00:00,358.2292856110523,52.019360066256446,0.5969810480896186,0.472091642955778,62.143373589993814
2023-11-16 16:00:00,390.7162976547268,46.94993771931382,0.63979231287825,0.4364940311034621,68.03101910795637
2023-11-16 17:00:00,426.1778770099969,53.68856226022336,0.6833223075685311,0.14098484470150008,67.46064062335398
2023-11-16 18:00:00,380.5080173999473,46.87002851720491,0.6134942962037075,0.25479415248572185,68.80643328292165
2023-11-16 19:00:00,342.7005319405498,56.45520458170823,0.476825501032364,0.0191419666532823,57.42499983007368
2023-11-16 20:00:00,256.03219513217164,64.42876700929307,0.3744102507949841,0.21311039205490567,43.049756105204835
2023-11-16 21:00:00,206.56869332992238,66.7493310005614,0.35200659763922854,0.13728573355736967,36.59451433375106
2023-11-16 22:00:00,181.91213875048552,70.00243756553778,0.22966148683802762,0.1774805277083857,27.28118073357463
2023-11-16 23:00:00,178.6387787823402,74.40932500305955,0.25289350516629894,0.11501889435153942,25.841003326240276
2023-11-17 00:00:00,186.2801047555337,72.0495694841396,0.28623309069643077,0.1983225745247979,27.33279356080954
2023-11-17 01:00:00,182.65179258608137,68.0567677229247,0.32107151071964773,0.3458018835276846,35.61735618428319
2023-11-17 02:00:00,179.9226419605923,69.79315211333818,0.2913410038990299,0.2284914561208008,29.95744767464661
2023-11-17 03:00:00,172.58448799204,73.04744565917858,0.25252101043779035,0.0,22.948631653795566
2023-11-17 04:00:00,183.05392280851174,71.41118589212283,0.2631334797152424,0.1156982983182725,28.842154944936276
2023-11-17 05:00:00,219.94422304766945,68.03553863191999,0.3651082163216195,0.0,31.750436047015416
2023-11-17 06:00:00,294.7217954691391,61.308561693070416,0.42440021606432116,0.2939308406767182,48.70137115522588
2023-11-17 07:00:00,367.6959547603463,54.94242606231017,0.5462417451821269,0.34059712552975374,61.47944656000423
2023-11-17 08:00:00,401.9652786248446,51.39912273897453,0.6837346606272547,0.2961786799337497,68.84219981998609
2023-11-17 09:00:00,357.81966985464345,54.37671708451518,0.5716466885495424,0.10826720920611027,58.83908880468339
2023-11-17 10:00:00,294.09602197897556,62.211386389918545,0.47588236714415466,0.2944337072436189,50.9974650119593
2023-11-17 11:00:00,226.99673222710473,67.14571237574488,0.3732412477206685,0.16537943396160248,37.956468178987606
2023-11-17 12:00:00,179.00191896248057,64.21928069647186,0.29349046359226616,0.04511941904495456,26.56256636350102
2023-11-17 13:00:00,212.49737538948804,63.6105865204143,0.29311418338869927,0.3835473855476075,37.851036434612595
2023-11-17 14:00:00,252.8072307427376,60.43338918790775,0.43699276255910613,0.39724499567027893,42.28868775148777
2023-11-17 15:00:00,310.04131249121593,54.78197626798369,0.5461930116987307,0.4208011865950311,52.216148992591336
2023-11-17 16:00:00,383.29323889525085,54.47053286268964,0.6003436790571223,0.1404972519941579,68.06113204441873
2023-11-17 17:00:00,422.02665911577276,54.30750835182725,0.6726669242097584,0.46228521628475416,73.68188122820641
2023-11-17 18:00:00,374.80056696829865,45.1487731004953,0.6349027517685832,0.16115519476094783,66.37049806122866
2023-11-17 19:00:00,314.90557662618795,56.47629945098356,0.4871939138081768,0.36763023787693233,50.35948822759959
2023-11-17 20:00:00,281.13512240722247,63.76732525104757,0.39642128852413777,0.15803572088199846,42.86865111620459
2023-11-17 21:00:00,188.43987308870538,66.89393361289628,0.3172475480010894,0.20968321052576125,31.39652437981147
2023-11-17 22:00:00,187.79713167551256,72.39073632369029,0.263687522758994,0.0,32.189782496623806
2023-11-17 23:00:00,165.17151868271688,70.56482895636773,0.2903375768549228,0.19565562140495518,31.56857995236743
2023-11-18 00:00:00,108.73034294384844,68.96482594491202,0.3015259593961486,0.26639619402130493,24.015389078449907
2023-11-18 01:00:00,117.09357378235103,70.65846677494241,0.2392586141476621,0.17619106887450903,23.433496796012992
2023-11-18 02:00:00,105.70689611781486,68.81788830459665,0.34227060902930306,0.5661138522553251,24.244335074741983
2023-11-18 03:00:00,131.86476849178374,72.54855995886896,0.2507271305105187,0.04075610464145027,20.992424072075277
2023-11-18 04:00:00,154.85878421397257,70.03243561374694,0.3593068013607785,0.14855537732129337,26.11889100299375
2023-11-18 05:00:00,179.48250932790637,65.8280542712663,0.3133910189771773,0.08712293020254641,32.5569755246337
2023-11-18 06:00:00,243.18685655254146,68.61818197615679,0.38009491782233,0.14852014378081518,41.86537462636457
2023-11-18 07:00:00,277.06602143835806,54.176795432935165,0.6231812867505131,0.4356543513293269,53.85277609576977
2023-11-18 08:00:00,326.3635503440873,51.77691084796687,0.6686462362740137,0.5160457229788534,65.13293768197708
2023-11-18 09:00:00,304.85298926802705,54.495584001725724,0.6068616909810896,0.12385733003459048,56.237369745344985
2023-11-18 10:00:00,241.41045657692624,62.22543214974191,0.4549863544896534,0.1198586423098234,43.90309023216556
2023-11-18 11:00:00,195.8237876894958,67.85954463946352,0.43053337526193786,0.041716843253095326,36.37962579835353
2023-11-18 12:00:00,161.17198270084026,61.12175991064965,0.33373033666698754,0.4851313695734746,34.9600176308026
2023-11-18 13:00:00,169.18360658768725,63.33765615718726,0.39929732167174875,0.4517807932449345,35.614703426180455
2023-11-18 14:00:00,237.9410638311943,61.127783588631544,0.38929563173309334,0.23092327600201837,41.18889831363902
2023-11-18 15:00:00,267.07162678176115,57.15007223681711,0.5245133251770323,0.0,50.12905145905842
2023-11-18 16:00:00,327.4682749579194,49.791644835672614,0.64925782870856,0.014800738217874643,59.12841431688857
2023-11-18 17:00:00,362.6606564563148,47.863909004934996,0.7313743215256017,0.28071330106922676,63.33185194922661
2023-11-18 18:00:00,318.0734774182728,53.28741703532723,0.6865898649054131,0.3488808253203698,60.265433964318895
2023-11-18 19:00:00,266.5818654839422,58.98254720425208,0.3752734778714327,0.0,43.71327218770787
2023-11-18 20:00:00,172.01380926726947,60.36715584943154,0.40282336768409394,0.19216421610318113,36.870351493954054
2023-11-18 21:00:00,144.53768242839288,62.115017929824035,0.33796583937651786,0.5412932601203291,29.725715325461906
2023-11-18 22:00:00,128.81485583863525,68.40397284480882,0.27442293705022913,0.21084834280654863,23.590109077663758
2023-11-18 23:00:00,136.9106885319738,64.07150693901525,0.29514287318948496,0.5181348563423123,20.01888211068554
2023-11-19 00:00:00,136.67125307703552,69.8260967203854,0.32578994850506154,0.3668283032120231,28.28572435160407
2023-11-19 01:00:00,105.60537625535652,74.93899846590932,0.2636855227480566,0.054829671849635636,20.972074835930982
2023-11-19 02:00:00,151.6610394667003,68.9370685914019,0.25029854947815355,0.19731916719666592,28.056009742781825
2023-11-19 03:00:00,125.48141143787984,70.09658510516587,0.21937926126179927,0.2268350370619535,22.14597089939911
2023-11-19 04:00:00,138.19219940784794,69.04851280214471,0.34349630639144946,0.07854791774316883,30.802202251159898
2023-11-19 05:00:00,142.5919350115405,65.8061971069244,0.3097452181265062,0.07542375589403058,26.63636686714294
2023-11-19 06:00:00,218.51679893492758,59.062679315496105,0.4765896818454695,0.5212183465813409,42.91255137129042
2023-11-19 07:00:00,313.50941379677744,54.512382515178146,0.6392324331398138,0.07407508845526872,59.777922078187125
2023-11-19 08:00:00,332.5562926120708,48.42516948220392,0.6196243736928112,0.44411849375356244,63.56066072443342
2023-11-19 09:00:00,299.4588941515187,51.33625796817716,0.5525256082978539,0.17143279389429705,56.61701758604056
2023-11-19 10:00:00,231.7501754238404,60.90875825719171,0.4644404013461749,0.24538492062102896,44.60812312641048
2023-11-19 11:00:00,147.87542822405769,67.59772671860514,0.30363667405882205,0.35113199528294303,28.53124508727961
2023-11-19 12:00:00,143.68726052538378,70.4128817986132,0.2381267079145813,0.14225943887715786,23.955478840666377
2023-11-19 13:00:00,176.8612325620433,69.65575551945173,0.3282249172843995,0.352222776429016,33.287901246423104
2023-11-19 14:00:00,214.73774445408628,63.126739542112375,0.36934147505244797,0.0,33.66655938485217
2023-11-19 15:00:00,263.7489989259177,58.145058981728106,0.5431260457274337,0.32914732991463463,48.436478377410275
2023-11-19 16:00:00,355.2591816469662,49.82806703303798,0.5815370839787574,0.0,66.42400437698137
2023-11-19 17:00:00,341.1138102998822,50.099781223501964,0.7082764560524545,0.20916758919427764,63.74331655614373
2023-11-19 18:00:00,317.22380378073086,53.465425401761635,0.5747564164016256,0.40376373735732846,57.35589020208222
2023-11-19 19:00:00,293.5216943547847,57.00617397197316,0.5381325371994918,0.3620131550905077,56.51234065105575
2023-11-19 20:00:00,206.58618894855954,68.88188584950133,0.4023896999694777,0.01628611378685063,36.42563592531331
2023-11-19 21:00:00,148.14715784537526,67.21011050396868,0.323924629450772,0.03946040870316697,26.61019957085157
2023-11-19 22:00:00,129.71508557909044,69.68949753456607,0.27454635580743686,0.12603903274192574,27.523363016634057
2023-11-19 23:00:00,110.56669247227038,67.19824199642855,0.25660412042587255,0.28351885522446424,21.93580341845399
2023-11-20 00:00:00,184.15378393835175,72.08655505731801,0.2423333420183329,0.0,27.569919267713413
2023-11-20 01:00:00,183.0204589212948,70.68811516660661,0.32421973222592393,0.24761975634725952,26.2836277810881
2023-11-20 02:00:00,180.81880860518675,69.57201181911547,0.2574945945625139,0.3060572872840116,28.650019298653522
2023-11-20 03:00:00,165.85946603312087,68.94315680690352,0.3144561090207431,0.19905330744322294,31.364118218256237
2023-11-20 04:00:00,198.56286658342003,66.76604626750577,0.35426477226991854,0.3445577742495493,33.73336140045524
2023-11-20 05:00:00,218.91466580003492,66.5244204742374,0.2876869242480932,0.2902703484987167,31.332883594682393
2023-11-20 06:00:00,273.0280008793906,61.140250725999636,0.43982028861310984,0.15250223330819884,45.33706388967612
2023-11-20 07:00:00,376.7631939968507,53.883739452676984,0.5071604999781668,0.0,59.37494416669114
2023-11-20 08:00:00,422.5554360389032,47.063788611062606,0.5673449087258327,0.2740143546827481,68.61379552056462
2023-11-20 09:00:00,386.9809751900201,54.63965608275906,0.585935374961074,0.07844643425860401,63.18434005372509
2023-11-20 10:00:00,298.09443432164244,58.08750859082279,0.4641374874408718,0.14589832752492188,54.78647205129249
2023-11-20 11:00:00,225.53971661416054,62.96039534829658,0.37692394678045804,0.33624235923335544,39.974575340700056
2023-11-20 12:00:00,204.08105508733678,64.6834621386443,0.299864844080219,0.5051200090181832,29.628405481890308
2023-11-20 13:00:00,221.82031118451312,66.43311304954251,0.3450006560160404,0.24314917778043837,37.029014900346965
2023-11-20 14:00:00,252.13341383618604,60.350160234668614,0.36977623909101576,0.34973167056025667,42.14102081983325
2023-11-20 15:00:00,345.40914145948767,64.12921692301555,0.5079327418106122,0.0,58.23794816052242
2023-11-20 16:00:00,361.26823911661484,47.07833703869056,0.6236142481656596,0.2941942445791062,64.81794682082248
2023-11-20 17:00:00,415.5644045915966,51.109271017842566,0.7359538057107899,0.23921693121811077,72.96942072628777
2023-11-20 18:00:00,403.81534113458457,48.40855936281045,0.6532490161257749,0.4712609645127127,74.73231635797815
2023-11-20 19:00:00,312.8899639882278,55.790769682046864,0.5292643115379576,0.1527174743148238,52.268635146918804
2023-11-20 20:00:00,254.31435880626418,64.67454391212878,0.41633928015302835,0.20650522891077328,44.97446526575128
2023-11-20 21:00:00,221.385119220558,64.36573705794191,0.3478674948858217,0.44058660408390304,37.59552801753394
2023-11-20 22:00:00,213.3189006751861,67.14850440523463,0.2960101874458093,0.2334339173689631,32.86775583176028
2023-11-20 23:00:00,163.25708493668446,75.82685842083384,0.2718578432842717,0.05040855136829167,24.532957922587972
2023-11-21 00:00:00,159.48377759491717,60.83907840697098,0.2850817959972992,0.7092939891922221,33.468784019630654
2023-11-21 01:00:00,165.86917940902512,70.93587768176336,0.27180229094276476,0.055853302599388005,28.81925864844612
2023-11-21 02:00:00,157.457500199624,70.52372962947321,0.3092575283201121,0.23835398532108573,29.750668383567263
2023-11-21 03:00:00,161.26013243011525,72.74175602298116,0.3025606573151649,0.3124038680846104,30.044258187214837
2023-11-21 04:00:00,180.00160695196587,67.36785140564956,0.2899693869288146,0.2981711516256006,31.442421137647774
2023-11-21 05:00:00,245.35974051005527,72.90942582687543,0.35665624232954873,0.21584613327884822,35.258928697562204
2023-11-21 06:00:00,283.1365075156971,62.92233850526914,0.43681997148193863,0.21674313330526457,43.03947103278698
2023-11-21 07:00:00,358.2326832161394,49.18331682616764,0.5622917983620237,0.20771226406816803,66.0759134162841
2023-11-21 08:00:00,375.67765182006167,49.97185649741003,0.5574225249158463,0.04913190545355303,64.0845505351764
2023-11-21 09:00:00,367.3447293836943,52.251968107365784,0.6653160845629957,0.6370394585960912,66.14025027358203
2023-11-21 10:00:00,316.4790532826998,58.16748833092827,0.5290744029176105,0.21040163481159213,59.19037243919404
2023-11-21 11:00:00,216.2090445397571,66.24926167542594,0.34034886044000645,0.3574475787081572,33.52365375855078
2023-11-21 12:00:00,231.0076143925271,67.13026099517411,0.3431958062368008,0.18976248561731102,31.20068078276712
2023-11-21 13:00:00,221.20264298009667,64.26434808250751,0.38919614912535233,0.18614253897601296,34.361418538545294
2023-11-21 14:00:00,258.69008261243454,61.05739361831932,0.36571853086129347,0.16802014071946295,41.23357975458162
2023-11-21 15:00:00,331.6288480425303,60.780998165311026,0.4185049548294246,0.0,51.919215566401114
2023-11-21 16:00:00,397.6620490160482,45.758559161322715,0.7034376501903632,0.22108819477826153,75.38414230806914
2023-11-21 17:00:00,447.85685418735676,51.19925340787034,0.6872613570891697,0.17673862222250258,76.97648646738136
2023-11-21 18:00:00,399.60257973090063,51.58441399193779,0.6459565327803986,0.4608744116532598,62.19151543055033
2023-11-21 19:00:00,333.68396626453966,57.55105661475225,0.5100958517120526,0.03459397883478724,62.85972447870331
2023-11-21 20:00:00,251.59409487449352,60.17763104601424,0.38620222012665406,0.1461135080401261,41.78067847808939
2023-11-21 21:00:00,225.06662502387604,69.70603856365753,0.434047199281732,0.0882807159842652,42.51891003124938
2023-11-21 22:00:00,176.19215946527436,65.74024539996734,0.2981907579268731,0.5096554709221256,32.28269378910604
2023-11-21 23:00:00,184.30121901287205,67.21975603490672,0.27710944303101626,0.09350647992615918,30.610064840612452
2023-11-22 00:00:00,223.25414824795251,73.96271922963895,0.336819390716663,0.3512139720507046,34.18940620275233
2023-11-22 01:00:00,142.49678343192838,66.38682290477955,0.34405938141918463,0.4246290652130764,26.275211979070733
2023-11-22 02:00:00,184.01774290227817,66.48542223641955,0.317076864813092,0.22369787594522653,28.935603266492535
2023-11-22 03:00:00,187.33015307447076,72.41616552558729,0.2386167204030416,0.00217401983071569,27.80395912482257
2023-11-22 04:00:00,191.17018928007835,70.54406082917863,0.26868049305376634,0.004452305422535746,26.655563892885873
2023-11-22 05:00:00,223.78954837035394,68.4610674520708,0.2815927297388791,0.4047575316632943,38.425991937470215
2023-11-22 06:00:00,289.18880638415067,61.622440617706516,0.4290255952505379,0.023093076616025665,47.86328796719723
2023-11-22 07:00:00,353.9820074918223,53.27383785391867,0.5796389163424018,0.3205647899907842,66.60485033651518
2023-11-22 08:00:00,393.3393116036894,52.672526425806105,0.6567440395461741,0.27058283976770736,66.992905153996
2023-11-22 09:00:00,350.5275126704721,54.71167279980067,0.6500173772521055,0.3178838471759849,61.65440125998739
2023-11-22 10:00:00,318.67848514641435,60.60637921677524,0.49255565023225684,0.33488526541225977,54.470786876249555
2023-11-22 11:00:00,225.74328665088814,67.76362386588474,0.3837810666551136,0.0819392588047777,37.60411372474502
2023-11-22 12:00:00,213.68055994077685,69.59898665329466,0.2995145712503751,0.07440492777734656,36.08506340053922
2023-11-22 13:00:00,205.70073573493076,64.6728519168532,0.40150775867778876,0.37868688413807244,41.29340916970006
2023-11-22 14:00:00,272.4342755791211,65.8009784100713,0.40133868971468567,0.13671797009840864,46.69111289830229
2023-11-22 15:00:00,336.6290073679217,57.751470645637916,0.5504665120811499,0.0,60.91943327448532
2023-11-22 16:00:00,398.09305507952547,51.661316694371706,0.6895144370203803,0.36677595361909565,71.9968721833045
2023-11-22 17:00:00,404.5902575581303,52.961596798251854,0.6920568061302912,0.06347296814762171,68.97395578116891
2023-11-22 18:00:00,380.51322314512197,48.21853927061826,0.5924280043045161,0.3340844580229456,68.5608859919794
2023-11-22 19:00:00,350.8599534836178,60.66187053857328,0.5985475509883403,0.5007079328770545,61.58667161497298
2023-11-22 20:00:00,246.4644865582715,61.05197551604062,0.4267811858216326,0.25301724230715056,41.95706980600025
2023-11-22 21:00:00,222.09400053009756,63.82525052455904,0.3778676044045837,0.42923784969943557,37.465981380014114
2023-11-22 22:00:00,176.3747941168996,70.16189587904732,0.3087635233407422,0.27768358249651637,29.947176909374967
2023-11-22 23:00:00,197.79190770320469,68.57360985462226,0.3276767165216371,0.5357372790654065,36.12156746103823
2023-11-23 00:00:00,169.70893454877933,71.7085527365647,0.30791638966556123,0.05882072042372091,29.39129871397738
2023-11-23 01:00:00,165.61181391352272,72.05234595803218,0.2559945758153931,0.24852130352503185,26.77833217636958
2023-11-23 02:00:00,169.83540080679288,69.6176048558051,0.3066900148080667,0.37116908890746414,29.204413015675925
2023-11-23 03:00:00,174.94877031137196,75.15947855855893,0.2459015363882965,0.21572588373819182,25.67747994448049
2023-11-23 04:00:00,200.66162524124968,66.9570389634056,0.343126355531732,0.4573994193974805,31.66774619938609
2023-11-23 05:00:00,227.89809287843215,64.46955966519867,0.3553703359663161,0.17223288288805952,40.29817160658798
2023-11-23 06:00:00,271.39031858803594,56.39931821784078,0.46670603630716223,0.6224868072931999,45.98563344879479
2023-11-23 07:00:00,357.34285141680795,52.88559351377093,0.6132162815402928,0.631995550769004,63.14579086709602
2023-11-23 08:00:00,372.8570945620079,52.80781410552862,0.6073457506475892,0.30077295932091397,63.289248483711
2023-11-23 09:00:00,367.49503373274024,54.47639315423886,0.5662362820678796,0.34946821246383103,63.83694844900281
2023-11-23 10:00:00,300.74613634829427,56.8706012553367,0.4912571010459742,0.46450085841243477,51.28972805575068
2023-11-23 11:00:00,229.16428272210797,70.22044374786006,0.347127735801474,0.03630446818587399,34.16181330230381
2023-11-23 12:00:00,209.2111898712975,74.51444200098733,0.21733758904365064,0.013839997375997698,31.5564920455246
2023-11-23 13:00:00,242.01813889254515,65.00737447279558,0.3747022596522919,0.4761554044943742,38.16808164021315
2023-11-23 14:00:00,256.0730852372221,66.94499713585951,0.40502006873182805,0.2993179251171399,42.56344706939073
2023-11-23 15:00:00,311.46312130688835,59.143021697927736,0.5091928520537979,0.20922905572363787,56.42698782615359
2023-11-23 16:00:00,400.49208007060975,56.11534895978612,0.6007708803378945,0.252002194518609,64.1194527618633
2023-11-23 17:00:00,403.01048141492794,51.18158554915781,0.6681848277759446,0.0,69.55193024146114
2023-11-23 18:00:00,388.64073430448065,51.200984525394446,0.6212978934085879,0.21569878339773976,65.67865736002116
2023-11-23 19:00:00,316.58250800617236,59.84671584180427,0.5671289481566769,0.11445158694521976,55.9208672513646
2023-11-23 20:00:00,247.38929467579862,60.45166006668288,0.3579020776428544,0.41525289405071486,41.163347728835255
2023-11-23 21:00:00,208.72915404224233,66.6075729175601,0.31119442936815406,0.42910554010912105,36.64069789781014
2023-11-23 22:00:00,204.04323396283039,71.52975903968763,0.262568477511407,0.3538024421433839,29.370115122417566
2023-11-23 23:00:00,199.25119099404094,71.234917761185,0.29713034389670767,0.3211825567838455,34.92273916368344
2023-11-24 00:00:00,193.89798285760014,71.9221862910002,0.2969332767645239,0.0,35.04200632244481
2023-11-24 01:00:00,185.10494356354894,69.64540161633953,0.30585583394468235,0.35631575439943736,31.703643726769272
2023-11-24 02:00:00,176.65478953643157,70.94324137250736,0.24341084150858366,0.36329163019420907,25.741947576546394
2023-11-24 03:00:00,147.88843433028796,69.73896973776179,0.285670575070772,0.4741346776783714,26.582238275823002
2023-11-24 04:00:00,200.1064398165455,67.57423669118992,0.3050799160030082,0.6312777662374355,32.72174005307001
2023-11-24 05:00:00,192.6673614149821,68.83225204581777,0.3484048154045717,0.0,37.93107261075934
2023-11-24 06:00:00,258.96715063963325,59.25653094863618,0.4297207125740156,0.18007417138872162,45.02990176642403
2023-11-24 07:00:00,355.33704178698605,54.16922876359097,0.5013974488274148,0.11639200531162394,61.995781315164
2023-11-24 08:00:00,393.9782743408318,52.90362512411663,0.6515102175916052,0.2810512939093134,68.18099766261962
2023-11-24 09:00:00,351.07539970028665,56.815298647093776,0.6221810728060705,0.252412334479247,61.78761334044882
2023-11-24 10:00:00,311.3755600941177,62.80228579808583,0.444254362707587,0.2078652268455738,49.14080816538135
2023-11-24 11:00:00,236.455017663126,62.571467122191564,0.3810742282368218,0.43496878505221126,39.88012756223037
2023-11-24 12:00:00,201.39527022447723,68.99080337991838,0.23769521589216533,0.05174544198745895,32.664387752781046
2023-11-24 13:00:00,236.53092641030594,65.30707265609205,0.23615747528584952,0.06259813586933091,32.943269110220534
2023-11-24 14:00:00,281.91383033656524,60.80934087030541,0.31982219800972966,0.06563945120235243,45.69284785615576
2023-11-24 15:00:00,333.31537095977177,57.3737841293213,0.5215674955715619,0.18514103426332235,59.87082408272769
2023-11-24 16:00:00,380.17528663518044,55.74920940198708,0.611224553534484,0.028853761135867684,62.93372031079218
2023-11-24 17:00:00,411.74623143608216,48.31942826836943,0.7159754973484841,0.2412571320161313,76.09009453933974
2023-11-24 18:00:00,370.09818805867474,55.59371155559685,0.6347637688390547,0.22021176496644396,66.90998036131703
2023-11-24 19:00:00,324.9311055004174,57.37864729114345,0.555096079107569,0.10842727948016559,58.79234096535239
2023-11-24 20:00:00,242.1659705522637,61.6774653319631,0.4619724927981409,0.40727792573011523,42.56201583955004
2023-11-24 21:00:00,207.5443464389622,64.63078730196901,0.31787141245570044,0.23928990490838736,34.66347245743242
2023-11-24 22:00:00,194.45386861544657,66.63506529773642,0.27244360971611425,0.44127652552572466,31.27562176226919
2023-11-24 23:00:00,152.91052953911907,67.06162827784452,0.19950842720808803,0.21489102678320224,30.0717111640326
2023-11-25 00:00:00,101.04877588342153,66.17107786452233,0.33191541232362004,0.24564492011835615,24.599467127518302
2023-11-25 01:00:00,112.45691140409285,67.87296711931053,0.22726826356389118,0.14869916715729206,21.18713602934338
2023-11-25 02:00:00,119.73262742639882,70.17871720409279,0.21588336818135206,0.2487316227036128,18.501319369784696
2023-11-25 03:00:00,115.84744726521569,66.8535518532949,0.29844080840309734,0.37820163510376836,22.299272855891743
2023-11-25 04:00:00,130.53375594659073,68.09193711433196,0.2324135386013209,0.17595983819134636,21.83054293987762
2023-11-25 05:00:00,156.26452934448204,66.26181998053045,0.3675810293963584,0.3433141532562396,32.163766743771575
2023-11-25 06:00:00,206.07666215959904,58.05684561094283,0.4266142260433232,0.1037055470117666,36.742432289713896
2023-11-25 07:00:00,289.7407949629148,53.87280429812827,0.6218802367854027,0.3866291017939977,54.73880105438435
2023-11-25 08:00:00,326.81208779741974,54.95437154473415,0.6480463758140134,0.14561695108385309,56.02337445099791
2023-11-25 09:00:00,293.18582170363186,55.86592848440417,0.6308726398753381,0.4033023771812291,60.05170513588215
2023-11-25 10:00:00,230.019531647155,61.91397845609219,0.4649627848085135,0.2609757776380597,43.27222071763177
2023-11-25 11:00:00,175.80691135747637,63.41863014192234,0.3508049022097103,0.5237716720103914,34.09017619699478
2023-11-25 12:00:00,155.36228222985613,67.88519562288806,0.2555240674590034,0.042267809274242396,24.110581427349075
2023-11-25 13:00:00,146.23301469990815,68.53765752091121,0.291039304790312,0.0,29.92064254431489
2023-11-25 14:00:00,174.80017806430712,67.83403908294942,0.4809006830952508,0.13908089572439797,40.39919026178642
2023-11-25 15:00:00,284.70093604358084,59.32771942414852,0.4949517444726685,0.0007700293538236425,50.241734046117564
2023-11-25 16:00:00,337.58584026570924,52.308582151484394,0.6272082490272248,0.0011077190029100403,60.479946656643826
2023-11-25 17:00:00,345.68035263379903,48.51417414716738,0.7669322231392957,0.3618791368827777,69.71065343770663
2023-11-25 18:00:00,335.9648446009611,50.715395187801654,0.6557580261814974,0.2492478171857215,64.76190010290881
2023-11-25 19:00:00,281.58727969644696,57.911548438068486,0.49116256651407914,0.16365742419323343,52.17409829545487
2023-11-25 20:00:00,223.85424005252256,62.79807897072811,0.433595016545236,0.18034673248502223,42.738188054348036
2023-11-25 21:00:00,156.23962211927594,66.84530162022716,0.3039515086582621,0.1424972204212589,31.2919596044805
2023-11-25 22:00:00,146.43992362986705,69.14685650911692,0.3347251674202253,0.5470664502074278,26.67956357775585
2023-11-25 23:00:00,104.52212808445728,65.93885606918288,0.28691294987822213,0.1176089726242534,25.728954561356385
2023-11-26 00:00:00,119.46635363728994,73.09995759129002,0.23143754006597742,0.012015898345006132,20.009128010032896
2023-11-26 01:00:00,115.03444248777795,67.65669331085597,0.29688316080352367,0.393289111147539,18.114850294860553
2023-11-26 02:00:00,125.65908573280954,65.5030393988506,0.3359858101163149,0.21116398779739223,26.191786262509428
2023-11-26 03:00:00,147.42371829283064,64.3485729666853,0.29206288581868484,0.6169792639872194,26.854682504897838
2023-11-26 04:00:00,138.33986583157525,69.41691875988697,0.3425232100303062,0.15528298501705565,28.42399139407563
2023-11-26 05:00:00,152.79197619736226,65.01913763634491,0.3447034057591266,0.4022771523562225,32.531675950610484
2023-11-26 06:00:00,208.8660810884702,61.050132901061254,0.5462584093251793,0.4447955195078749,44.48127253899376
2023-11-26 07:00:00,322.44875756509936,57.534016150332405,0.5276666859673506,0.15615955020363936,60.3979628659974
2023-11-26 08:00:00,337.7165168571528,49.20213706117832,0.5958900254978392,0.11627426177637357,60.074946430028625
2023-11-26 09:00:00,304.56289346235144,54.63213993549306,0.6450843265668761,0.3834459755675628,53.50492957833783
2023-11-26 10:00:00,223.18662203683564,61.7038826245742,0.5280521024881546,0.3534805452245075,45.293385778118974
2023-11-26 11:00:00,173.54141957036606,68.28656574581709,0.3654984010020874,0.0,31.001443801987495
2023-11-26 12:00:00,130.33199023450393,70.66373636757022,0.254186898522068,0.04688158546515028,20.91238402627388
2023-11-26 13:00:00,161.54425256813377,63.91225238782968,0.31556353723788594,0.0,29.813219753125278
2023-11-26 14:00:00,180.81407807449347,59.48013363566732,0.4229885090262378,0.35716963371618443,35.37825127623844
2023-11-26 15:00:00,260.2376638822353,60.443362816682566,0.49089685094048424,0.2028711052355658,45.53850625478707
2023-11-26 16:00:00,322.1607543016518,50.11887438016914,0.6706116363114648,0.22081292422444923,66.05066021056486
2023-11-26 17:00:00,311.13977326140946,55.55773510957603,0.6389327559531504,0.0,58.97787850495819
2023-11-26 18:00:00,326.59773935557365,48.97027846263863,0.5742593014530581,0.05234157644392126,58.93670358392117
2023-11-26 19:00:00,252.08436233048118,61.25401689184551,0.4563049153322356,0.16396739573783808,49.027871957226964
2023-11-26 20:00:00,194.76074391556995,62.29903054918803,0.4677439868888362,0.12898139197339223,38.81148436352756
2023-11-26 21:00:00,152.5063099841378,69.0090297774095,0.31354253736426696,0.2712104935931736,25.224082981769982
2023-11-26 22:00:00,157.0638432143429,67.45473731920559,0.2843757295403796,0.3550242627937265,24.805853727056682
2023-11-26 23:00:00,127.23679412654077,66.77655534615117,0.27929201417469207,0.6585302624713354,24.99442992061636
2023-11-27 00:00:00,185.01658440599314,71.5172632279696,0.32936484083422085,0.24639693459443343,27.292899949623937
2023-11-27 01:00:00,187.49383975491142,66.85532567783018,0.23996662558003956,0.4507724793574502,26.771450978701754
2023-11-27 02:00:00,193.59766564086328,73.15330924684443,0.21276270191016716,0.10060490014364057,26.78748110197112
2023-11-27 03:00:00,190.07000106910507,71.05624626791028,0.24255322473875252,0.0,31.802862950876495
2023-11-27 04:00:00,198.81722028374816,69.70173706881488,0.2921151059487083,0.18658570359217758,35.140190660486866
2023-11-27 05:00:00,237.52604106481255,61.370728294746755,0.35444097246630424,0.0,41.661327470045805
2023-11-27 06:00:00,251.41814347426185,59.89401837155811,0.42793641390844694,0.25264117009043857,44.31319031106238
2023-11-27 07:00:00,389.0978303729727,59.045955875770744,0.6189953470805107,0.10951825758844028,63.291876767032846
2023-11-27 08:00:00,413.8555633420753,55.735811531254114,0.573265318017174,0.0,67.35940317659495
2023-11-27 09:00:00,361.09870953561494,54.472436599975744,0.5623147128410384,0.5624845262548319,65.61298761608622
2023-11-27 10:00:00,267.1474961090767,61.61775011433863,0.40178761660334383,0.15323889164103158,44.862464864415344
2023-11-27 11:00:00,247.67874928774256,71.92994545071461,0.30180568469454044,0.0,35.31394807984384
2023-11-27 12:00:00,194.72824134043543,67.21041475136605,0.2871981142912681,0.41167092229131214,31.57978263874932
2023-11-27 13:00:00,223.74389248120303,66.14250888054796,0.35418829996661916,0.11884941474292865,36.767806055676886
2023-11-27 14:00:00,239.19354609632188,63.38104127819078,0.3918109187244144,0.4462298860643191,42.34219854348928
2023-11-27 15:00:00,359.02309404224854,60.01379789326921,0.5113280105051837,0.11798901975795112,55.846181212027325
2023-11-27 16:00:00,370.17090009991364,52.93751931521538,0.5947387251543128,0.1526384157526965,64.58925063565178
2023-11-27 17:00:00,421.03507895615564,46.49608294243115,0.6542290075650975,0.3120697077058684,73.70519227915513
2023-11-27 18:00:00,359.9664605359024,50.43451162510501,0.7005881286705695,0.3567794885267398,67.77774287642704
2023-11-27 19:00:00,324.9490219144803,59.0330210256458,0.6076866081278328,0.38832707272130773,55.323746818382666
2023-11-27 20:00:00,251.53731409685756,64.1807479434476,0.46049874415070946,0.23384659502872077,44.00609895551365
2023-11-27 21:00:00,229.53821888549948,62.56700934801491,0.28250248618755114,0.345151009879825,35.08920750551373
2023-11-27 22:00:00,184.16417259574115,66.38777298514141,0.2535713359589644,0.3842131492462157,29.787217791514816
2023-11-27 23:00:00,199.7455129118731,67.77861916597433,0.3624111860770315,0.28610244494203296,33.286456466961184
2023-11-28 00:00:00,164.64308639741003,68.31919958957813,0.26226700334497477,0.22432153961242668,30.97853800840911
2023-11-28 01:00:00,175.8302081809516,66.71667791067682,0.19510757595080952,0.0,27.492208872278834
2023-11-28 02:00:00,176.59185648843882,73.81901549450454,0.3299421782979295,0.357851348220398,25.960172757079697
2023-11-28 03:00:00,190.68963309578106,67.46948147542697,0.28388087704136783,0.25759126584540715,28.071658223264205
2023-11-28 04:00:00,200.11714131349223,67.33503391679557,0.31465400509334346,0.17554914657687265,36.44304390021201
2023-11-28 05:00:00,237.69071461021582,59.289402081045516,0.28657974349687887,0.47999794544649876,37.73441118701864
2023-11-28 06:00:00,291.8201188360745,64.92455838007476,0.41664511023555206,0.0,45.62784145526176
2023-11-28 07:00:00,367.68177902298703,52.16867253925049,0.6388149591424404,0.5459265367656796,67.89019856753067
2023-11-28 08:00:00,376.54165674097726,51.153908071983736,0.5990014244817058,0.2459908098457962,64.42385461721129
2023-11-28 09:00:00,363.6736532609441,53.55371921599287,0.6265248399111228,0.3071532721305217,60.90448953752498
2023-11-28 10:00:00,312.4656817768934,62.74874155840431,0.3958337407896358,0.17889205938455127,45.63347166164861
2023-11-28 11:00:00,204.32360128953445,66.5392054167992,0.3282581239373825,0.0,36.091458521457774
2023-11-28 12:00:00,212.47150815094,63.01147093535474,0.38105660119703605,0.22487021827615966,43.143378474626424
2023-11-28 13:00:00,225.88797390165075,63.03268188563666,0.297258215550529,0.31025408324070264,38.54497854726803
2023-11-28 14:00:00,280.35492578517915,58.48058484427737,0.43525274432511096,0.3717205803524669,46.82065272645214
2023-11-28 15:00:00,336.51769455700486,57.62467656189029,0.5496816571323235,0.21435402428099776,56.93558487093409
2023-11-28 16:00:00,393.30889066392353,54.909696180651196,0.6243130110990469,0.0,66.49388658567398
2023-11-28 17:00:00,426.45138583405867,53.66448939741182,0.6599985592400779,0.0,66.13736669080083
2023-11-28 18:00:00,380.7737012351547,43.54292280175523,0.647532337313483,0.6193635322773929,68.91778794587138
2023-11-28 19:00:00,319.7478376120589,59.78025250218025,0.5179390801532621,0.05334352292101921,55.65796921920127
2023-11-28 20:00:00,237.88104957840176,59.26501651706126,0.43293465351159244,0.5068689024830575,47.764236937648064
2023-11-28 21:00:00,234.78591069207332,75.67635386520418,0.2575754617933647,0.0818643872648328,35.427834152266676
2023-11-28 22:00:00,197.29722385388183,72.75500929692114,0.33416320387342385,0.21715793624898383,37.27866583659365
2023-11-28 23:00:00,168.92447226430895,73.11004071267104,0.25451750119409916,0.3625374867279827,30.99678074388219
2023-11-29 00:00:00,184.07524935117885,73.18675998987248,0.2038320347267024,0.10236499961544274,29.9731269676091
2023-11-29 01:00:00,197.44984787653772,68.6568193619844,0.2799319852472692,0.5365987244366297,31.682543125632694
2023-11-29 02:00:00,195.41242283906217,68.83987619842827,0.24152189361166299,0.26363110445231397,30.888439912984868
2023-11-29 03:00:00,169.3412300637913,67.55900338897962,0.2783920267644708,0.33295315233394057,24.91359638722303
2023-11-29 04:00:00,147.58394267919317,67.1343892374215,0.24480423669066786,0.20183073855655737,26.215706025691958
2023-11-29 05:00:00,232.7881285598111,66.57903871411911,0.38287138378565205,0.3685696516630763,40.62865155654119
2023-11-29 06:00:00,274.5146153091549,62.38603137087841,0.5383564053406872,0.5341826931729752,49.10618906504056
2023-11-29 07:00:00,367.0969692134978,54.06027911396895,0.5731416190282318,0.2263685312278214,58.3759318949671
2023-11-29 08:00:00,404.26367149641794,47.702460119821055,0.5983802344611385,0.5613483023348624,72.33562991271918
2023-11-29 09:00:00,374.5461699251763,51.92788822536481,0.5238719864473788,0.13991275449175877,62.79514383025041
2023-11-29 10:00:00,314.5137001548862,60.22179792713065,0.4782196704595274,0.3875372870833078,56.48345555920641
2023-11-29 11:00:00,248.06884657150795,68.10810325183823,0.2878872455717194,0.33804058052374897,38.85122862171085
2023-11-29 12:00:00,231.37962125816642,72.51976182973678,0.2492269576074429,0.05765522691717351,36.302039146456906
2023-11-29 13:00:00,236.42218238110897,69.88176527997682,0.27521558923779205,0.2884857468347197,37.86589686812504
2023-11-29 14:00:00,280.4303937334364,63.840937760919516,0.4169713568194044,0.2513258688130671,44.07579967246154
2023-11-29 15:00:00,325.0139684681851,58.10528247977522,0.6009719760814827,0.0964254082701679,56.77514375446704
2023-11-29 16:00:00,372.46425506305724,53.27475572911567,0.601661387291433,0.31444043815494277,62.88377075365328
2023-11-29 17:00:00,457.2343417186443,45.01416522095869,0.7302868799799652,0.2763321182995332,76.45648786149357
2023-11-29 18:00:00,392.74356278181506,49.58747999092817,0.6217870995404737,0.236934349484701,72.00052158888451
2023-11-29 19:00:00,343.9979796570386,61.032197211279644,0.47570156979163214,0.23765605556943672,54.88177145847435
2023-11-29 20:00:00,249.66246970856835,60.30074668255807,0.47229900504066274,0.23379815339374851,46.74845688788229
2023-11-29 21:00:00,226.93930461509456,67.46596589138427,0.41161599981249747,0.18381406817566104,36.09215967061974
2023-11-29 22:00:00,153.87041419401965,70.41035287773266,0.31244502672381697,0.2751701371026967,30.08334651353175
2023-11-29 23:00:00,176.50950830416383,70.88958493027457,0.28257574826297255,0.13409544177451954,28.063910905205052
2023-11-30 00:00:00,178.52872866035577,69.04731853501194,0.3253215528385149,0.7282257084645999,34.40429637842282
2023-11-30 01:00:00,186.99876375120053,75.80908408839419,0.24416952984981238,0.0,25.801644371981798
2023-11-30 02:00:00,196.60090810626303,71.99656321272212,0.2789454629503509,0.1447475060977974,33.97636276661394
2023-11-30 03:00:00,166.84366543683257,73.92435607969844,0.29836772759548574,0.15896642117615067,30.27042765474321
2023-11-30 04:00:00,204.49104775118943,63.489298685481195,0.4025817150128498,0.6172888145784168,36.754867123082214
2023-11-30 05:00:00,245.25734193591654,67.49080259143808,0.308423807074931,0.012375763004050133,41.1412780655941
2023-11-30 06:00:00,323.0063335280423,66.15813575905821,0.46745816845201077,0.32666601363749975,53.993862355437344
2023-11-30 07:00:00,368.36147638135327,59.26288556486063,0.5722031758409901,0.2947109317083772,62.21687467071112
2023-11-30 08:00:00,383.117025949156,48.32638320141959,0.6719841491042017,0.31004841484141865,66.2392321904355
2023-11-30 09:00:00,338.76520340110164,52.94370859872334,0.6896669052763358,0.47254176926996927,65.8174928383165
2023-11-30 10:00:00,315.78062733318666,59.299759341086,0.5198422444181565,0.4688492847544759,54.16330145654332
2023-11-30 11:00:00,240.58362183424254,67.42995128555275,0.3815738681430056,0.16882777122637888,39.837851298130985
2023-11-30 12:00:00,204.80675435270248,70.6884068652762,0.3575800104128073,0.28492314090891835,34.7215178048898
2023-11-30 13:00:00,191.43900281925173,73.34145211135677,0.3629640755173762,0.0,32.66280197685653
2023-11-30 14:00:00,244.4693708596331,62.76387468565242,0.5105831648688565,0.2678367415339472,43.63782608415903
2023-11-30 15:00:00,335.09679488926076,60.59952342026577,0.4481350444860369,0.10708190299025458,49.2610949713705
2023-11-30 16:00:00,397.11164689343144,52.47352948046694,0.6662857712053684,0.21645116332710704,64.53210060054522
2023-11-30 17:00:00,390.8053145169113,49.94714837770828,0.5667520940452584,0.0,66.1280939302184
2023-11-30 18:00:00,401.2884571011022,45.756655574356905,0.6909905605892516,0.32287701160943355,65.76569716711839
2023-11-30 19:00:00,302.0408119741257,61.20250950501456,0.5267843958640396,0.0,54.224628250214
2023-11-30 20:00:00,278.2267282029656,64.1571001642036,0.3921500803918046,0.27669122922248557,45.874364413172515
2023-11-30 21:00:00,215.60880670048434,69.76276489801982,0.202962492024733,0.02922899325594111,29.66335110316959
2023-11-30 22:00:00,183.59354233837965,67.80370578834408,0.2775841826533732,0.09706461367554078,32.96119648355783
2023-11-30 23:00:00,197.51847425583824,72.99063103167524,0.30936464650242274,0.4578517784581293,30.897249653888505
2023-12-01 00:00:00,185.30738423792687,69.53415830018596,0.2830663675097827,0.35582523026445195,31.359306871970002
2023-12-01 01:00:00,199.93354635419803,65.48659720933668,0.2709279245604108,0.4568565647806977,27.459247171682236
2023-12-01 02:00:00,181.72767215808992,64.45357444049372,0.26807111124946975,0.5307508838502322,25.12985812079137
2023-12-01 03:00:00,185.33809975737302,72.52749937415508,0.2644438355174355,0.11088903271484232,28.311553581031937
2023-12-01 04:00:00,190.31276842841774,68.35890301870393,0.2942256354997622,0.519814899239357,32.55114661115973
2023-12-01 05:00:00,230.80184442787285,66.82613139065208,0.3604675748165081,0.0,40.54704510136342
2023-12-01 06:00:00,313.28692298356725,60.840664339921716,0.4649778015745969,0.38429806021808255,50.997092589912015
2023-12-01 07:00:00,350.22059407287463,57.142669130967306,0.4934034528662199,0.16119921137200513,57.614890983902335
2023-12-01 08:00:00,399.72894291133383,53.68856382135028,0.6153394035236179,0.08254597432492305,68.96509936234807
2023-12-01 09:00:00,344.63501951260633,52.11775936287576,0.5990376141800084,0.3606045761147997,61.111854686943325
2023-12-01 10:00:00,257.34161110003146,61.7530267294879,0.5373433803657086,0.42009127453045836,49.726089246432274
2023-12-01 11:00:00,232.63537390590005,66.51535099294388,0.411361728137315,0.41474830959637804,37.38967876819517
2023-12-01 12:00:00,210.69247017844742,68.89248719838952,0.2856925624919276,0.28867478000106256,28.915076069448048
2023-12-01 13:00:00,214.08550819094174,64.46920619815329,0.396675457595479,0.27375231423926305,37.06770404740237
2023-12-01 14:00:00,235.99735556152035,58.7267590617677,0.3662639110635305,0.3448359854259825,42.88812999026646
2023-12-01 15:00:00,330.19150667727604,56.405103659881476,0.5364366950929805,0.3046775335930944,54.95265499749217
2023-12-01 16:00:00,395.7988560436346,52.129023986850655,0.6855639863510181,0.34744405112547644,71.09743611194416
2023-12-01 17:00:00,406.6685784350195,50.307148301141766,0.7570202885532061,0.28671990299992856,70.93423689236134
2023-12-01 18:00:00,371.4968951814795,50.832412981104866,0.7363748688218487,0.4017010884111455,67.74217101834779
2023-12-01 19:00:00,321.7815397818356,57.5301900096333,0.5557318296105007,0.0,56.899344096926974
2023-12-01 20:00:00,267.71053087559824,61.03616102157573,0.4035265294250632,0.22637077448445048,43.10489353359494
2023-12-01 21:00:00,218.73028895378985,68.97319564492983,0.33011845775713633,0.0009076311077945154,34.13319923115571
2023-12-01 22:00:00,177.33230910210796,68.61647657670466,0.3074103087949414,0.2998063631688792,24.096701772009702
2023-12-01 23:00:00,184.72003544450826,70.15946085592606,0.2808431263593646,0.5455474316536656,32.115989128652025
2023-12-02 00:00:00,133.3117909933736,69.48297653138026,0.2618496228048963,0.16466473924954567,24.191752221829894
2023-12-02 01:00:00,102.46964658762052,68.82002255110065,0.34930274223534447,0.27290536545349875,22.33278572647509
2023-12-02 02:00:00,121.46786847789431,74.00351934200134,0.3153307877415841,0.386167608685895,28.626847638594114
2023-12-02 03:00:00,143.3504239638504,75.59898622568127,0.3378010522707993,0.0,24.595919537350895
2023-12-02 04:00:00,115.4675425879779,67.29418585464549,0.24662127644008608,0.1560201132140462,21.476654282271372
2023-12-02 05:00:00,184.19023165210805,69.13063398028338,0.3443945423519651,0.31561281866911306,30.048465980326554
2023-12-02 06:00:00,252.1054715715642,59.95378155191836,0.4463064448801584,0.0,47.777351678902434
2023-12-02 07:00:00,294.428973746227,55.084704406103135,0.5833819304094168,0.07417447124650517,58.790521471883636
2023-12-02 08:00:00,324.8644863861301,49.61327433723868,0.6401609075168729,0.4481544352086321,64.90738706492014
2023-12-02 09:00:00,313.33808954301895,53.1176541806361,0.6214834763614995,0.4305394420811305,62.205644509182285
2023-12-02 10:00:00,225.5506372397654,61.72073964839444,0.4940707886269634,0.31737728092661804,42.1431288729035
2023-12-02 11:00:00,134.22659228992202,64.73507788768356,0.31812397590058134,0.40879557518977194,31.940766104043682
2023-12-02 12:00:00,143.6544699060624,69.00975362667114,0.3517822592689927,0.28871876219586345,28.281192900578805
2023-12-02 13:00:00,162.79233675549744,64.93918358089479,0.39019485117467534,0.34997108333961663,29.17266893356579
2023-12-02 14:00:00,209.5383879268409,64.20312607951742,0.41838603532559016,0.1931823324086895,37.71838065950619
2023-12-02 15:00:00,252.41755308637286,56.68186098539957,0.45832844016182533,0.2708462829259767,47.11952133329639
2023-12-02 16:00:00,327.75713473945376,48.0244367496677,0.6232007386847747,0.13617333044515198,60.0560902258158
2023-12-02 17:00:00,374.6538968636926,47.388084828841585,0.7352607894033687,0.4774270019528164,70.71544740643445
2023-12-02 18:00:00,330.8992894323747,48.63415997467671,0.6384086034813398,0.5238806937103964,63.69413728128072
2023-12-02 19:00:00,242.6362887880114,52.8844770689223,0.5913136221466867,0.4983843041254732,51.996695151532236
2023-12-02 20:00:00,216.48116231823732,62.383217013179355,0.4331916879993972,0.17654042289798477,42.08559805942177
2023-12-02 21:00:00,149.2688026412513,67.39525652353412,0.3200523533263545,0.07832067291428427,28.171896025039725
2023-12-02 22:00:00,146.91314572733984,66.58224920274263,0.3171366434143303,0.47985525893502934,26.678496419543166
2023-12-02 23:00:00,101.73430873117991,73.36977100600721,0.2971715631664414,0.3479032964664543,17.96241736973139
2023-12-03 00:00:00,118.19009369740381,74.75205508184136,0.2807602962244045,0.3091451814742556,22.1030526141857
2023-12-03 01:00:00,127.70567258178126,64.09222216024853,0.212274510285973,0.13594622470987378,22.2370224114496
2023-12-03 02:00:00,119.21336503473158,70.56286256266931,0.2663252353264217,0.3266194862746177,22.691617615198126
2023-12-03 03:00:00,105.51071622647243,73.67110946190023,0.26379036639652526,0.05464994926085173,15.586152701971848
2023-12-03 04:00:00,98.78947531473366,67.2960561254831,0.367476443796567,0.3641312240942257,21.564558489107206
2023-12-03 05:00:00,189.7063142289158,66.31828514679027,0.40559728094178005,0.49819960592911783,37.12853241317959
2023-12-03 06:00:00,231.5382328152483,62.54519955689506,0.5429476436828385,0.5435881979034314,41.634627989255755
2023-12-03 07:00:00,315.2640724156573,50.31336735222081,0.5278253980877652,0.37753432973976686,56.04632262371115
2023-12-03 08:00:00,343.93965216178105,54.323634310474255,0.5858933489909018,0.0012361210681981205,58.26288678979934
2023-12-03 09:00:00,306.7943756495193,59.36366132837546,0.657915765275085,0.28551942357028387,55.69813924805572
2023-12-03 10:00:00,223.52253253800217,54.534812088874645,0.46441028139468743,0.6351427139303883,44.44747754144226
2023-12-03 11:00:00,176.86999668493533,66.70197903091994,0.3116092177734178,0.09364991372038886,31.279590620046186
2023-12-03 12:00:00,166.62444302196695,66.74691361303009,0.3058372650207071,0.23934731687616095,31.356420230482627
2023-12-03 13:00:00,156.98144115668535,67.33781118761812,0.4434350757953686,0.5044343833241759,30.95583816759833
2023-12-03 14:00:00,226.96264578909174,64.90247019914108,0.39646904274186273,0.36108410597324536,37.335228890722654
2023-12-03 15:00:00,243.13566226064887,53.48560744071212,0.5967844571406989,0.6964281384073188,53.8651752482305
2023-12-03 16:00:00,307.7005223626062,51.720503733442946,0.6481465703838433,0.11808351101885409,59.07064777014766
2023-12-03 17:00:00,374.821416119199,45.12735404039996,0.6000453227907121,0.07184395856665207,67.12399501586124
2023-12-03 18:00:00,319.5181247057616,52.37983277840302,0.6670558852244844,0.4703425784503313,60.040941684048924
2023-12-03 19:00:00,296.2174125038568,57.495474891235716,0.48610005465917383,0.03474184691112356,52.499041466684695
2023-12-03 20:00:00,217.97671274242583,62.785178975193155,0.43493109303684646,0.21458176201284346,34.33069465553513
2023-12-03 21:00:00,176.2940405782806,69.54615429993068,0.4002219906998693,0.23818362192527623,36.40554901333542
2023-12-03 22:00:00,143.8114086528879,68.03556180731492,0.29831938915498024,0.43647810520946595,26.024888278644834
2023-12-03 23:00:00,108.84240481412373,71.38066107823104,0.2769389745041069,0.3605682342445444,19.01178310988435
2023-12-04 00:00:00,155.1147709092122,70.84993229967843,0.383948456103876,0.33227168455183526,27.89297112722566
2023-12-04 01:00:00,202.48905226445808,71.08385678255719,0.2393939707163891,0.1775624419777,29.413383909545047
2023-12-04 02:00:00,158.02701486706553,68.98188349450416,0.24401756959218757,0.4687007234347498,26.137954460819316
2023-12-04 03:00:00,207.0290945772001,61.116812146745794,0.4079940579259563,0.9746483276909076,39.315940603810226
2023-12-04 04:00:00,204.6357463208267,67.38140131707068,0.30973694442482935,0.3744307778061248,30.70836897422497
2023-12-04 05:00:00,225.7135474790639,68.55024642822714,0.3662224397448471,0.2679409973584306,39.611942683639455
2023-12-04 06:00:00,294.4483750517581,60.380808465589375,0.5205948153414934,0.016384665221411104,50.347547090455905
2023-12-04 07:00:00,364.7414206555268,53.893030055870554,0.5036763405316567,0.13525333912291237,58.17482976746042
2023-12-04 08:00:00,386.9734598425681,50.1078005818938,0.6133515445130927,0.21153215788948526,66.02854204932662
2023-12-04 09:00:00,379.2269817815153,55.90922461240489,0.5123359399749166,0.15377195675191613,62.475479308837784
2023-12-04 10:00:00,309.2136057742012,64.23984126645965,0.46873267522279866,0.24710598978516732,50.21991152776646
2023-12-04 11:00:00,231.85838232766253,64.5468160288296,0.36764547751848015,0.5700428938253117,37.75223014141145
2023-12-04 12:00:00,196.13647302590152,60.54435852761363,0.2933042210458816,0.47449004512646215,33.21822487368307
2023-12-04 13:00:00,235.32558789864336,68.59383601607884,0.36369927703531885,0.22141011103571423,41.32436241928153
2023-12-04 14:00:00,228.0987244210216,63.44772616278847,0.3908857252036574,0.032509609960145125,42.47212444241182
2023-12-04 15:00:00,332.2853796628215,55.998860628022435,0.5038496093556805,0.4907261757224344,56.81321801205292
2023-12-04 16:00:00,402.89777815467676,50.28153629476516,0.5971593604723291,0.2411702307769544,67.91509917794521
2023-12-04 17:00:00,407.57501037973793,47.848833932139605,0.67831280776911,0.0,77.24739233049247
2023-12-04 18:00:00,406.4060510651395,49.380488753408464,0.5916415081800728,0.3782374213287465,69.0830673313617
2023-12-04 19:00:00,325.1715707776757,54.07566137868355,0.5573046087410413,0.43462360316202375,58.014996557901696
2023-12-04 20:00:00,249.7310903446949,65.62693308799193,0.4399363103318914,0.0,42.60866394502251
2023-12-04 21:00:00,226.92881807186507,65.99496983600831,0.3436812471980005,0.1015801644160774,38.30857204520963
2023-12-04 22:00:00,174.2595976391529,66.38051660038967,0.2665323359993905,0.23011827796461148,21.84364269423767
2023-12-04 23:00:00,195.70405921763634,70.52811098256628,0.30386058581312014,0.38221196403555113,34.3749923960394
2023-12-05 00:00:00,150.26970170395126,73.51435427145431,0.2156616720945599,0.15716561476764918,20.324715726747073
2023-12-05 01:00:00,184.3451989275907,72.64331748742313,0.26557218697026125,0.10021445764469145,27.01730239198217
2023-12-05 02:00:00,181.17819730044883,67.28632665458467,0.2758826287829555,0.3808904649424508,26.73027823094816
2023-12-05 03:00:00,175.1603727583009,68.54514001474529,0.23042248967493723,0.16570197280345136,25.887507124435366
2023-12-05 04:00:00,200.43589793572156,66.2625160835336,0.33402486002401643,0.34756983709876543,33.56338033715128
2023-12-05 05:00:00,225.6637853458486,69.8102266498082,0.2539893234206635,0.0499271821045737,35.40266818448773
2023-12-05 06:00:00,303.6380941963116,60.64322332068727,0.3829215997725411,0.006580056537448281,50.8958479542425
2023-12-05 07:00:00,366.1643214558418,55.88576065277136,0.542241767494839,0.38594844836267145,65.4438283583932
2023-12-05 08:00:00,396.8000291644896,53.22774778624424,0.6093698835512423,0.2954535838570985,66.87680594523782
2023-12-05 09:00:00,362.2195913111286,56.52192997212933,0.639987199939023,0.41604203198251727,62.915526037356415
2023-12-05 10:00:00,281.2600960170026,64.1351836716104,0.4761984587013645,0.15413325983414047,49.80240194865439
2023-12-05 11:00:00,224.99643955071295,68.24084978476088,0.34766192166821724,0.10688104555364589,34.65775953290571
2023-12-05 12:00:00,208.85962642971944,62.15154718179874,0.3445922232779963,0.49492939975736394,34.24446253999256
2023-12-05 13:00:00,213.13588492597196,70.26887534365461,0.3117968902153323,0.0,32.939797005984275
2023-12-05 14:00:00,275.1089225795988,61.29960823779711,0.4896208903159295,0.47526292765251243,48.359860525853385
2023-12-05 15:00:00,327.028743400808,53.81655302690318,0.48098380907456795,0.487690847346829,49.97324455708096
2023-12-05 16:00:00,397.44365064891986,52.75168029811145,0.6920007900592267,0.4048161125678935,72.36528269249861
2023-12-05 17:00:00,398.9600288929747,48.61207897345718,0.6622921779341373,0.12619464693811935,70.46377913713371
2023-12-05 18:00:00,405.94772283448043,50.43723913565434,0.6510709029784499,0.10302570938943534,71.6850895141023
2023-12-05 19:00:00,316.84975479230997,59.76894618785176,0.5462729122953565,0.2121899608603241,50.98211020590383
2023-12-05 20:00:00,242.27678843948098,63.709771126379486,0.41737311979993275,0.016892858170348107,40.42050886924491
2023-12-05 21:00:00,237.17325811359854,66.95873007543244,0.3778762269063942,0.0768950802243526,37.58174285595577
2023-12-05 22:00:00,201.009186906108,65.28708482492735,0.25021731172553274,0.3660521724716283,31.279289566514347
2023-12-05 23:00:00,197.32259495255477,66.77009929814503,0.3315718506664458,0.36688284056034826,33.80976253575876
2023-12-06 00:00:00,186.82233765484986,69.6749948349331,0.253561616498621,0.061076531223707875,31.56668458009763
2023-12-06 01:00:00,178.66237028806708,70.57389188524597,0.2688353434807126,0.37170194835401343,29.14509078182833
2023-12-06 02:00:00,176.32647783640246,66.75350493716131,0.3653955076069143,0.3317745950331651,31.170872187660173
2023-12-06 03:00:00,194.94246204313737,62.902097238368476,0.3356807509296865,0.5217795258238787,40.261082960993775
2023-12-06 04:00:00,211.57931055096077,68.68781588838257,0.29287548171216704,0.3524445595361539,32.78279134285536
2023-12-06 05:00:00,225.83458106747773,62.87442183448048,0.4104425144736126,0.440544589672188,38.175636472470806
2023-12-06 06:00:00,318.90580275724045,60.030826892710564,0.4614411626791647,0.33587396636743805,47.36094862977399
2023-12-06 07:00:00,354.8022783781281,56.55818898705079,0.5715934988569575,0.42638723974549386,60.55933943085009
2023-12-06 08:00:00,369.09948899802475,54.031429134311615,0.5776052342139923,0.018318911817800515,64.31676231358412
2023-12-06 09:00:00,332.01883214281594,58.70531358095191,0.5814006248190492,0.2280859977200356,55.04586805168878
2023-12-06 10:00:00,263.02596234701826,60.59613506148095,0.43035816868497717,0.24298310171904464,46.9283242964085
2023-12-06 11:00:00,223.316315911761,68.60765032046501,0.359590991208515,0.20612500955164917,37.16145265278865
2023-12-06 12:00:00,201.65611850971433,65.77492051040066,0.36124331449367403,0.3298995934570106,31.17747772855014
2023-12-06 13:00:00,225.97527179777737,66.09927432750239,0.35310644621078335,0.36418833780923515,39.1905811212035
2023-12-06 14:00:00,258.00800959429733,59.91575798140271,0.4983422693057261,0.3206062738728067,46.764659074088435
2023-12-06 15:00:00,338.2775560771645,54.87051557344204,0.5271855235193399,0.2181501013801592,54.7753658969399
2023-12-06 16:00:00,392.4775440208853,51.08243382023909,0.6863752590880124,0.1175685856278775,71.83281293312889
2023-12-06 17:00:00,420.2031092933111,43.098692239542416,0.7538016458699285,0.4474934933481221,78.9003653719939
2023-12-06 18:00:00,383.1365456434481,50.47985177656741,0.7129559596952254,0.3129519069904903,66.7399161934934
2023-12-06 19:00:00,346.9061856033923,57.36622945552572,0.590291991390976,0.0666495054881065,60.74134485053248
2023-12-06 20:00:00,234.94432772526176,63.72300560520461,0.33741418047616284,0.21513624250306773,39.070904275229836
2023-12-06 21:00:00,217.0001223376182,65.73964630747021,0.3174473907802493,0.0,35.42082935720007
2023-12-06 22:00:00,187.82010714338062,70.73678455225233,0.28961543679615614,0.25636671058253974,29.192146197294452
2023-12-06 23:00:00,194.39247813174566,74.28530335717912,0.2805522620979347,0.21429161033225272,29.531072975553393
2023-12-07 00:00:00,179.69245389390235,74.54314559283095,0.24877175523207867,0.14659594893603922,29.62976303104944
2023-12-07 01:00:00,180.1892878108612,72.4728307168096,0.2818839271067617,0.5352280341646353,30.042571491955037
2023-12-07 02:00:00,176.52094362260073,71.72632187940506,0.21107327702628131,0.041892258482419786,21.552778886998066
2023-12-07 03:00:00,204.15465532326726,67.82290515095002,0.29703675310982947,0.3771507313028204,27.72697936349079
2023-12-07 04:00:00,194.62761319329073,66.81939696120128,0.37604057257481294,0.6436074689677371,30.530620747549875
2023-12-07 05:00:00,256.4021054605675,63.83684157801019,0.35273856886345617,0.4439082226690038,37.777155104548996
2023-12-07 06:00:00,291.9013660111415,56.45280889179065,0.44098810639959424,0.24432301922240193,47.737353881054695
2023-12-07 07:00:00,358.0884542357502,58.44455459067537,0.5229340243067432,0.045867644903801075,57.33888069891797
2023-12-07 08:00:00,387.82971127355773,53.37448339879986,0.5607256845492519,0.0048288082147980305,63.83828678469437
2023-12-07 09:00:00,366.30537675300326,51.68020127553179,0.5545558179924044,0.17592069490764606,62.025018066949215
2023-12-07 10:00:00,279.5166922716001,60.428942446510355,0.4569773842683289,0.1263398678954965,47.834641955286706
2023-12-07 11:00:00,231.70962878593397,66.24625636113574,0.3951033355875818,0.12048155638753619,42.479724414465835
2023-12-07 12:00:00,205.25844403802336,68.2821580097463,0.2642149514732296,0.19126357801517607,27.736033224439524
2023-12-07 13:00:00,220.61499272155683,66.95040271096154,0.3342113347947345,0.23159552328057637,37.05736328659957
2023-12-07 14:00:00,263.6875850170302,65.53687233706339,0.46808088014901034,0.33733815057615335,46.312291176387255
2023-12-07 15:00:00,331.6569137604104,55.21228948580669,0.46040841434827295,0.027196680496762743,51.36070468084894
2023-12-07 16:00:00,393.22772272414227,51.18671921349965,0.6840571269173918,0.12719611669605102,70.74077214933344
2023-12-07 17:00:00,443.5344402866487,46.032493515558144,0.6745682285325364,0.22125902509195336,76.2511947372678
2023-12-07 18:00:00,398.137800996312,54.006986409782066,0.6705835240594025,0.21481266518381156,68.58769825591196
2023-12-07 19:00:00,364.657153022815,52.60824005022754,0.5540758419199169,0.5805562673344161,55.65012723874196
2023-12-07 20:00:00,258.66436330241976,61.663636030128444,0.43388441645415177,0.29180438669029435,47.19878224514354
2023-12-07 21:00:00,226.8641673637376,71.64686218218743,0.3712024239871615,0.0,37.49717643933191
2023-12-07 22:00:00,179.65412594399893,71.74314335570968,0.29612421231850894,0.32527264508561765,30.660907152892772
2023-12-07 23:00:00,203.6779979988477,72.65140516010845,0.3293477281646154,0.3482194700939162,24.460219225224925
2023-12-08 00:00:00,169.44063585962306,66.07198205770585,0.28374133930649803,0.22747695491594713,28.336854343834098
2023-12-08 01:00:00,186.89780249596416,72.94946513415881,0.22181745806007708,0.031588598606343776,23.868830137960384
2023-12-08 02:00:00,176.5541299337845,68.09907606123443,0.3016890593255303,0.5664498451564233,33.7068901931755
2023-12-08 03:00:00,190.03592621804054,71.1334981064043,0.25284426137119165,0.05742089555537372,26.547588437427493
2023-12-08 04:00:00,191.06958136431402,67.96420616377671,0.2547407463152582,0.368938997154868,33.98513377389414
2023-12-08 05:00:00,215.01854387754716,68.91001886781257,0.37505800264237643,0.28600909523150836,38.9855099142641
2023-12-08 06:00:00,283.74377543976163,62.48979179534931,0.49182954630294684,0.35814589882535863,49.617413642867234
2023-12-08 07:00:00,380.88575848591495,54.547654621438205,0.6344892445760824,0.5572344263501194,68.44241195004443
2023-12-08 08:00:00,397.01875969895156,51.70764408378041,0.6923179211707285,0.3510949969853863,67.57288548828829
2023-12-08 09:00:00,338.5089228095386,61.236902207138755,0.5995105589530418,0.14944043913216407,56.60610409186275
2023-12-08 10:00:00,304.7733333838091,58.11618106665912,0.4514015377325237,0.44907860952303297,53.13231891161715
2023-12-08 11:00:00,216.15078009543922,62.60813885923942,0.33079351517997874,0.13640209899205846,34.424496452237676
2023-12-08 12:00:00,216.28677814727837,66.88405176473144,0.3542670839770911,0.2794404420511482,33.20269431782648
2023-12-08 13:00:00,224.03375444651758,68.74993916169424,0.32957998162153707,0.017244950557157773,35.13269886117128
2023-12-08 14:00:00,267.6817871168742,67.55891339059586,0.3929095020459633,0.06400937907938456,40.528337937592106
2023-12-08 15:00:00,353.4248280501744,55.29977218839335,0.4957783963929302,0.25924960067851355,62.5295618853897
2023-12-08 16:00:00,379.3745376580127,51.282678904034555,0.6310537199710992,0.31625560754455695,68.10759566518831
2023-12-08 17:00:00,429.16220953971055,46.30686463678877,0.6933128562643751,0.0,73.05745961042842
2023-12-08 18:00:00,410.69309794006057,52.57251805054996,0.5765659991711988,0.33951172624011955,64.49834877901523
2023-12-08 19:00:00,315.917233173052,58.00710171735827,0.4213943779545867,0.10250278421230646,51.74268054862558
2023-12-08 20:00:00,246.7302884662068,60.31350479610146,0.46212351621963443,0.48034384282081,47.92181953992206
2023-12-08 21:00:00,208.17265489532346,72.85858360651618,0.3041662455781471,0.1866464028115885,33.170491120990455
2023-12-08 22:00:00,195.41585960695016,73.32617122746217,0.2919698026343863,0.04774799148100256,28.2693325040525
2023-12-08 23:00:00,161.50901505976387,67.0468388163402,0.34409715110451833,0.2636448204326654,27.160218862545342
2023-12-09 00:00:00,128.27592477411483,71.04547940109273,0.21799329626391664,0.08507769980582944,21.115654658833076
2023-12-09 01:00:00,98.93383110043683,75.00840651263655,0.23115667232470266,0.4784101254579626,19.424177471172037
2023-12-09 02:00:00,139.92050034435812,74.90166092831198,0.26482120100899675,0.25009543735595796,22.680180178463615
2023-12-09 03:00:00,130.96231168263915,72.24675279767891,0.2503041652438411,0.22269820784320832,25.66758436427964
2023-12-09 04:00:00,163.28862299942045,63.27948405362274,0.30895726626853054,0.3565241834075814,31.976252722372127
2023-12-09 05:00:00,176.88909369550487,70.76115677466728,0.35652781164948877,0.06910946094394727,32.339225488516625
2023-12-09 06:00:00,223.24625301991355,61.02690427509301,0.444559110244195,0.01795234204086746,43.12345118957604
2023-12-09 07:00:00,285.7818995955253,57.48401552665324,0.5804705709663642,0.32350328429949465,50.17136187486024
2023-12-09 08:00:00,333.59298154254225,51.77597316910274,0.6475491027337409,0.05205927255841439,60.888818169885525
2023-12-09 09:00:00,297.38791443055743,57.56203726112856,0.5784372997083336,0.05199817232509782,52.0898202800599
2023-12-09 10:00:00,246.13467838836735,57.9047318018111,0.46342037034051087,0.40061608561975975,46.51594257362383
2023-12-09 11:00:00,155.59421055502565,64.07496610373643,0.3926224337099147,0.3445115397971092,30.06699183272059
2023-12-09 12:00:00,175.44991883332077,71.1436914696767,0.23337921483814106,0.02431068235847597,27.401801401676934
2023-12-09 13:00:00,174.85793135830392,64.33786424750325,0.3686726619398379,0.13855551227055946,33.20055554201102
2023-12-09 14:00:00,195.38427566924673,70.04544670469794,0.3968420324171705,0.08732831992966239,36.65192864036602
2023-12-09 15:00:00,292.594304022216,51.52526069540326,0.5137888316004775,0.5697374736473044,50.50759966925955
2023-12-09 16:00:00,320.0572301056838,46.572117998477346,0.6452995091450359,0.4130818769627095,63.18728447567658
2023-12-09 17:00:00,363.0841347501365,50.16882632080561,0.7289268883222231,0.17424792771905068,65.60912879159926
2023-12-09 18:00:00,312.65220298003,52.985199592045966,0.6253138520898545,0.35371504408182863,56.5846123698804
2023-12-09 19:00:00,293.26589754194623,57.79997664620171,0.5217554451970539,0.0058864865324507465,51.885411680390824
2023-12-09 20:00:00,173.20578997771702,61.147583131596896,0.4343974843387421,0.12892369278589128,39.55065201868524
2023-12-09 21:00:00,130.87384253297762,64.56567339410823,0.33470587979340233,0.2688753878695395,25.95076740779168
2023-12-09 22:00:00,121.02416746370109,65.80712625401733,0.2670099400465351,0.33140153484626433,19.95875446063483
2023-12-09 23:00:00,142.50101428932055,70.66639229239473,0.27535538884470184,0.23245735740758006,23.196089110230485
2023-12-10 00:00:00,134.32756820242338,69.46747568054299,0.22309670177718402,0.29464243192856066,22.27248766896152
2023-12-10 01:00:00,121.89039165005934,70.94666568622024,0.25696322055908105,0.26410056279156274,27.496942607008076
2023-12-10 02:00:00,135.80443112475584,71.10310748873727,0.22863399959978636,0.22055606763598287,24.127147146536196
2023-12-10 03:00:00,121.52460339062007,72.20816100828647,0.27321935098582195,0.19669379340563914,21.152244487199464
2023-12-10 04:00:00,140.92795660640633,68.33825923025056,0.24087393185724543,0.17327232291799885,24.43950433607475
2023-12-10 05:00:00,191.63322842120715,63.80415492265749,0.36060720230685095,0.29174875155314584,39.03706232986597
2023-12-10 06:00:00,224.11837668866522,60.557646640812315,0.5074055903321697,0.3239468060559021,43.658785442435544
2023-12-10 07:00:00,286.2664673122147,54.34013474116034,0.6226672287536118,0.2857046501173901,55.40033437142896
2023-12-10 08:00:00,337.0651913862792,54.32867835135777,0.5539843633539017,0.037852530999809286,57.534541318682194
2023-12-10 09:00:00,308.94578787009885,54.4151225272357,0.5267849022791894,0.07019298679422623,56.558789287199815
2023-12-10 10:00:00,229.99930892238737,61.74152047587927,0.496905221210961,0.3217987250706521,42.85273927530075
2023-12-10 11:00:00,184.5742125059389,60.674116443368916,0.41241319836153534,0.514901194120758,39.210983591729985
2023-12-10 12:00:00,142.11750178290342,66.46224542514184,0.2959081465012741,0.27743478308057595,29.971340419821644
2023-12-10 13:00:00,157.6494673763314,70.15896025114509,0.31039835306774316,0.17589968575414106,29.93347584041812
2023-12-10 14:00:00,204.05575336155803,59.66169052554165,0.41955031796102576,0.2903812819796996,38.887058094063164
2023-12-10 15:00:00,269.93740612821335,60.91384461517941,0.436047776496826,0.04537214394758288,42.664959555799534
2023-12-10 16:00:00,356.00322597087563,45.17702200112678,0.6902310567991986,0.4856097681765634,66.9491351505142
2023-12-10 17:00:00,365.5436316514131,43.76821506889698,0.7416820308577898,0.2835869460114451,68.93298719314548
2023-12-10 18:00:00,327.24073672975453,47.81442984010213,0.6180340208467006,0.1294977016221013,59.54278460290422
2023-12-10 19:00:00,273.4870842197903,57.18852634420452,0.46997179878888135,0.21997681610328249,48.04901165494746
2023-12-10 20:00:00,213.04935477798358,65.4405672677157,0.4583719290465529,0.15513347822854917,41.41029460246528
2023-12-10 21:00:00,164.0939995996919,68.36530426189043,0.36422804715392265,0.4861005958270301,29.816217166149844
2023-12-10 22:00:00,141.3269776370638,72.35679008193065,0.31817157533598794,0.21359678389952935,23.074185145496582
2023-12-10 23:00:00,100.19540701646763,71.68862186405786,0.22961705749707273,0.27796583430080674,17.15499280871459
2023-12-11 00:00:00,142.61720565863519,67.09395570895703,0.23263597587896437,0.3532707621972325,29.213434774375653
2023-12-11 01:00:00,199.18860030593208,68.96033374081063,0.2783304364822345,0.11666201132238244,33.02572769030498
2023-12-11 02:00:00,187.1033996503384,71.64592163337079,0.32045692999397846,0.28486770390432825,28.86405809144379
2023-12-11 03:00:00,182.93214801205826,72.87901451472243,0.24019665912978566,0.2993984024909578,30.948223273019735
2023-12-11 04:00:00,205.0062203340887,68.17144566349225,0.27024711931093326,0.0,31.542552542469515
2023-12-11 05:00:00,255.76698632135412,68.85477218690173,0.2941551851694734,0.29548536797996977,43.47395490128868
2023-12-11 06:00:00,309.02062727442456,56.02353962113561,0.425809954956252,0.24176282831023496,51.53631581070925
2023-12-11 07:00:00,372.19536521581966,55.55090823979043,0.563328604883534,0.2733939325808794,63.419385930054155
2023-12-11 08:00:00,376.70873117888465,51.68829360659124,0.6452103718407535,0.256413348428302,68.39311778057227
2023-12-11 09:00:00,346.4898112131774,53.87226979501453,0.49184352939841647,0.2966505771310148,61.12820925565636
2023-12-11 10:00:00,252.54652264469257,58.86277063458889,0.5325028570010482,0.49072178062170846,47.25905247812602
2023-12-11 11:00:00,239.02619490862222,65.3034243987859,0.32970823826617407,0.037688665824680306,41.78837988406328
2023-12-11 12:00:00,221.76579678832357,69.39057995528371,0.36338947469513944,0.18841257960992439,35.173985923433904
2023-12-11 13:00:00,233.5889479254517,65.93529478028775,0.3772141976280121,0.36999135321331056,38.354463927499594
2023-12-11 14:00:00,268.5685871922555,64.45877363524971,0.4549702780127413,0.336566656191024,45.8065226908764
2023-12-11 15:00:00,323.315987684242,59.96564614745451,0.6189234152505794,0.33269299960157517,60.33558456451154
2023-12-11 16:00:00,383.33998960289074,46.93678967051905,0.6639566633431511,0.7456438988212006,67.99341284962792
2023-12-11 17:00:00,407.61981596004665,45.06882425291224,0.7114726555025571,0.36054439434100705,77.46493642216136
2023-12-11 18:00:00,389.3478960160968,46.11176885823513,0.6263772725857991,0.45356880332590443,71.61915239989278
2023-12-11 19:00:00,310.8999648889784,61.3441387650641,0.5201272096508573,0.19472702940654849,53.10702261097745
2023-12-11 20:00:00,284.2559031490605,68.21337201243517,0.4222853994055723,0.07127577269848923,42.803742754567516
2023-12-11 21:00:00,192.94489468092596,69.69366989308828,0.37127655674236826,0.1934228627379459,36.61072808748785
2023-12-11 22:00:00,187.5890649162808,68.15779956886686,0.2909784101694875,0.3781528308418127,25.925725280286912
2023-12-11 23:00:00,153.62288296771504,71.20768386595083,0.23879722542829496,0.32322901386925157,27.084623908670657
2023-12-12 00:00:00,184.45321783071105,72.68006191516616,0.28519892355736215,0.32258524670779837,27.441089471195724
2023-12-12 01:00:00,180.02387658026578,68.75865214047863,0.23715446955167838,0.211418010376517,31.526891198082602
2023-12-12 02:00:00,175.1686826526533,70.5681464875105,0.2460238997262518,0.18271552861366444,24.29437281051883
2023-12-12 03:00:00,169.2640602708365,67.21433622418613,0.3040582263846979,0.21762569602721,28.41229127808364
2023-12-12 04:00:00,194.62845245120062,67.38339915096175,0.33178495240139605,0.3804055810297383,34.575901794994884
2023-12-12 05:00:00,218.69042393615183,68.63369315195943,0.4015967491488177,0.40133093707067524,39.46663503348268
2023-12-12 06:00:00,285.7646414462284,64.90384336492824,0.4230950086605054,0.06887650305917903,44.6747719703761
2023-12-12 07:00:00,387.12350665256014,54.00299068354275,0.6253512846765323,0.38722166069766084,65.20410285256908
2023-12-12 08:00:00,392.59227390976287,46.20307434409306,0.6138777949299339,0.13287017846387866,70.54174490534831
2023-12-12 09:00:00,365.83468137733604,52.441220006910804,0.5684838703873735,0.3344058973313896,64.87366292360548
2023-12-12 10:00:00,281.3756212300008,61.24281263412457,0.40820725104362776,0.21544616635675212,45.344166805960256
2023-12-12 11:00:00,217.75696015522698,62.94474013337824,0.3023481173701066,0.5318419388630171,34.33206440913049
2023-12-12 12:00:00,204.79202312467638,68.46664425722824,0.24769026801370184,0.1747465667833938,27.834054923176677
2023-12-12 13:00:00,253.29516730536236,67.09282815623153,0.3491006706160694,0.282150131361061,40.54370377580631
2023-12-12 14:00:00,254.12571469969447,60.60533213431824,0.38683947992617507,0.35918676836069696,44.99977081847217
2023-12-12 15:00:00,331.04855760812404,57.89088752226075,0.4483004677403963,0.09268740697788122,53.72853368424186
2023-12-12 16:00:00,379.3781738051848,50.31595427121602,0.6275704164231256,0.23688573002314986,63.98196592715915
2023-12-12 17:00:00,378.67120732538183,46.625850887465724,0.7013931533783625,0.20201472076783528,74.21740625489076
2023-12-12 18:00:00,379.9517987745999,55.94080267429879,0.6530028539882858,0.1575135729869248,60.54619665622317
2023-12-12 19:00:00,361.27800160773154,56.09838018722507,0.5206730568046154,0.17084985973301686,61.49862599976057
2023-12-12 20:00:00,266.84744659480316,55.620821664340575,0.42893585023314507,0.450162627664623,47.50258090779737
2023-12-12 21:00:00,237.09433099271175,72.34270147705384,0.2995305246740449,0.14226086774314,36.41845115170042
2023-12-12 22:00:00,185.3290305456395,66.10207014796921,0.3290050848434761,0.35195341888088905,30.832048514790902
2023-12-12 23:00:00,147.31369261282822,71.55235614609391,0.27825590544540235,0.306627100365606,25.525155768997944
2023-12-13 00:00:00,163.3742598593034,70.29736436366154,0.24695486567758282,0.0,27.438249594951515
2023-12-13 01:00:00,186.01500364228528,70.67048001393746,0.3259582471686966,0.34345049891675944,31.37877963211043
2023-12-13 02:00:00,184.08474587129317,71.83501406081857,0.28254356709066636,0.0,25.102938913279875
2023-12-13 03:00:00,183.09945231261386,71.31730549544045,0.2843373918891107,0.3630565290697288,33.96700992222746
2023-12-13 04:00:00,186.6377897308416,68.9453932336149,0.2771074962795588,0.15870550423644736,32.01051087567373
2023-12-13 05:00:00,240.95307258841407,64.3333081686502,0.33985264921012515,0.2515061055861614,39.167535467080626
2023-12-13 06:00:00,280.297459676714,63.264798675543105,0.35054840720655317,0.017029609067259005,43.83134743132786
2023-12-13 07:00:00,362.3793096762308,53.63078709094067,0.6173489057194304,0.2720288182488669,67.63398665014171
2023-12-13 08:00:00,392.93953814686336,45.84137782808258,0.6143096430711282,0.41685107523471154,66.44482171412929
2023-12-13 09:00:00,352.31413660729237,54.414227166398874,0.5910688238810944,0.10474622295592825,58.89793416624969
2023-12-13 10:00:00,275.12315209961474,68.7566100969243,0.44634926221033133,0.14070992449407801,47.15267558165921
2023-12-13 11:00:00,223.11354149950398,60.5311726881986,0.4216111951131576,0.3318317842421481,42.32194107651241
2023-12-13 12:00:00,233.2407155668723,67.69465950977536,0.34758524853223743,0.33633129825644903,35.21304039824967
2023-12-13 13:00:00,232.42299518157168,68.13631433334591,0.34875209239514227,0.0,40.30740984256556
2023-12-13 14:00:00,273.7429610923336,64.50189275304221,0.4248158033947862,0.6127731454808991,45.962243957231145
2023-12-13 15:00:00,313.83003495602946,53.11250135073811,0.4879398569743203,0.3451396270386996,52.025343138072536
2023-12-13 16:00:00,370.23881243703954,49.8343442960866,0.6641024334001765,0.3754453592415331,68.02626916688733
2023-12-13 17:00:00,436.4477011377874,49.92216777558007,0.6157293527477974,0.22416271960083695,72.42461471380459
2023-12-13 18:00:00,405.37077766032394,52.136830429032166,0.601930601923873,0.0,67.25911008645042
2023-12-13 19:00:00,327.6260933476634,53.765843050642495,0.4943105621047566,0.3714499710250432,56.63907837874054
2023-12-13 20:00:00,252.35849386017978,63.61602606080508,0.36759428415579,0.14826615491844047,42.91825162636151
2023-12-13 21:00:00,190.5212981633845,65.46562151950414,0.36545930347806055,0.34790770495300116,37.03179061076373
2023-12-13 22:00:00,203.55587073529668,68.5677047499377,0.3107137513060825,0.21061580735270882,33.58372971360682
2023-12-13 23:00:00,200.45818589366678,71.73960623661733,0.2774720848219229,0.29284708824094796,30.36212091756366
2023-12-14 00:00:00,169.81850848387217,72.12294918359113,0.2738585653906684,0.11050065134633597,28.409540936853976
2023-12-14 01:00:00,168.6206382155284,70.12958578211754,0.2690308191244161,0.4055900096822077,31.011665974278603
2023-12-14 02:00:00,199.13646683237846,72.49238873470793,0.35154319062391864,0.036091772897619084,34.88426658653976
2023-12-14 03:00:00,173.6278423178851,68.8870116611808,0.33288009750990516,0.6542024965610542,30.26028164397407
2023-12-14 04:00:00,221.2774280352321,68.78730108032171,0.3159893994784014,0.6528307542976621,35.31976542606616
2023-12-14 05:00:00,225.22156091837977,62.91578629120601,0.4174988200242558,0.5438859253839718,44.78317707245833
2023-12-14 06:00:00,282.01923418372866,60.970468443510676,0.5272621706954397,0.4795862174394118,52.39632433377398
2023-12-14 07:00:00,358.4386766419912,51.644525862522,0.5387795419626096,0.23478129551794463,61.17521343883959
2023-12-14 08:00:00,384.210139655914,44.6866513880946,0.5892722588062929,0.4599784070344975,69.71569155825557
2023-12-14 09:00:00,374.7348590529408,59.460455516536186,0.5208601656548486,0.232688230310297,58.41215845765383
2023-12-14 10:00:00,301.629744958839,61.876970952229605,0.4038164956467126,0.0,48.71497940276168
2023-12-14 11:00:00,245.84508719161087,64.20583125719028,0.3826482135919033,0.5205762545255238,45.77987402931277
2023-12-14 12:00:00,207.90418493681702,63.09413862192536,0.2729263572912084,0.4531884033260509,35.4503751441946
2023-12-14 13:00:00,208.89095975795357,63.61032343504096,0.31997318732787045,0.24435896062202164,39.48017355059273
2023-12-14 14:00:00,258.3011700116879,62.79493378057963,0.38185078542636597,0.029466833680392962,42.43432035356951
2023-12-14 15:00:00,319.2415386840976,59.10258745143991,0.5322850487071762,0.14448387821578473,53.6327465581085
2023-12-14 16:00:00,413.8030992292873,51.293291577787144,0.645128148287401,0.0,72.9333416720226
2023-12-14 17:00:00,435.0343937583871,45.799582770213114,0.728073674502526,0.4201145534712359,71.84819776984892
2023-12-14 18:00:00,390.42642275071665,50.723789406310374,0.6923356508874804,0.0,69.99022322528337
2023-12-14 19:00:00,311.67023434585604,59.15775922518156,0.5786707685006804,0.30162955662640173,58.2679368046931
2023-12-14 20:00:00,281.0291874969889,66.24388916094969,0.4050460375629422,0.09813519739965612,46.20842070143258
2023-12-14 21:00:00,214.53073001007448,67.81225314937912,0.26802131337635926,0.0,27.833323780685742
2023-12-14 22:00:00,188.59235216666812,70.4004467894397,0.27072400587038326,0.29290391679014294,26.616643654969913
2023-12-14 23:00:00,205.91094996496253,69.62318068581045,0.2165107683657353,0.18991611064383435,29.693725642049245
2023-12-15 00:00:00,172.35566271056908,67.94871501092675,0.29622935429029973,0.40087403897656615,31.09638534132192
2023-12-15 01:00:00,175.27572870667973,71.69596331651216,0.26553697893030725,0.021831051628832754,29.44973384489581
2023-12-15 02:00:00,177.05915373160994,72.65400046247734,0.2979524118253543,0.113683363814712,29.21370020363577
2023-12-15 03:00:00,163.5072716866597,69.49043184747909,0.26611908056474814,0.0,29.420275003224614
2023-12-15 04:00:00,199.3275553987756,72.00528440714473,0.31647875988310353,0.0,33.31750747393223
2023-12-15 05:00:00,215.42216611618863,69.63881214473355,0.42844298697132727,0.5736746337961323,38.00381557008008
2023-12-15 06:00:00,279.2568338020616,58.21590739772513,0.4510770322753256,0.6250476839379404,49.63319783360095
2023-12-15 07:00:00,347.1955244327653,54.71901645993455,0.5522167075194121,0.26669071694031155,57.76062700207139
2023-12-15 08:00:00,381.20356262181514,52.975012809878116,0.6097463711873728,0.10171082213682792,66.76264799789938
2023-12-15 09:00:00,345.25795629748836,56.381244381033156,0.5377944301452985,0.19627919341178074,56.14300557476153
2023-12-15 10:00:00,292.0508055295078,55.42641053896755,0.46160614125792804,0.4072433564475455,51.84222581293349
2023-12-15 11:00:00,227.1895964130627,70.73269014757614,0.3605526754106048,0.1574099764320317,37.980145682400455
2023-12-15 12:00:00,205.85651089952782,69.89345995549463,0.3171270766973616,0.29277409606750404,32.679733679732855
2023-12-15 13:00:00,251.0430983795137,65.15063343796281,0.3370499314171531,0.24770391091337507,41.35039574105821
2023-12-15 14:00:00,256.1037124066159,63.71098649915737,0.36427741733401214,0.14761371938508555,45.43618501685182
2023-12-15 15:00:00,334.7012048911972,56.01556120726067,0.5406284788575036,0.1552853057214632,54.86831040382455
2023-12-15 16:00:00,402.5853955215826,50.910354083821225,0.6682671006503518,0.3027977569033915,72.22668563495644
2023-12-15 17:00:00,419.057438535944,49.56007139785527,0.6469164789217475,0.07416013545026054,73.7690160656272
2023-12-15 18:00:00,395.9062557267504,50.50616073540861,0.6020507511067793,0.3313112822122329,66.45416692960107
2023-12-15 19:00:00,325.8778315513615,54.76459528050749,0.5704642457075558,0.16511578726314724,59.91962540800077
2023-12-15 20:00:00,260.95496810960384,61.47037803372935,0.48357366308131294,0.27292611483668144,46.165813928392296
2023-12-15 21:00:00,203.68271613668793,67.8948624557517,0.3661405296830974,0.49911326191034056,38.58015099801614
2023-12-15 22:00:00,183.13169442592178,67.94110560791782,0.27595865775054357,0.21972543185914856,23.41026995746288
2023-12-15 23:00:00,182.91999296842428,61.82234748915933,0.33807337717822583,0.41556478123455864,37.58533880005898
2023-12-16 00:00:00,90.42634025347519,71.62300447322444,0.2688221596539254,0.0,17.202810662346227
2023-12-16 01:00:00,142.50072407310262,76.70093918208667,0.25820456813032694,0.16533465754469295,23.64319550332117
2023-12-16 02:00:00,152.93340822723334,72.03770500341106,0.3150889394461037,0.2549839517936931,25.587244877202064
2023-12-16 03:00:00,125.81106316015803,65.4909699417973,0.2826609742843178,0.5961995222571626,29.24212625299721
2023-12-16 04:00:00,144.57356257615146,70.62279342050662,0.24668700621213652,0.0,24.197458726867993
2023-12-16 05:00:00,183.07320233712286,67.82184740837673,0.3659090552049839,0.23268222485930018,32.07536745129515
2023-12-16 06:00:00,207.9476136930544,54.27022452824587,0.48548616087726754,0.5122039931649274,46.313655874131335
2023-12-16 07:00:00,311.68622580305663,53.75352886185682,0.5826309625105343,0.10869632705196305,59.041032144567126
2023-12-16 08:00:00,323.61301875486095,53.30147363879468,0.6689189656890501,0.21168901412337934,60.680821265285296
2023-12-16 09:00:00,332.20253670497823,58.264461070202344,0.5152828357507209,0.3097130173099971,53.23425500655415
2023-12-16 10:00:00,225.51869931522776,59.34636678126731,0.46049396305558976,0.28321153967010043,40.24868192210896
2023-12-16 11:00:00,183.1462261479233,67.40209314032649,0.46198841961368087,0.5318386855817945,40.09540342579272
2023-12-16 12:00:00,142.4601948710041,65.25107406343515,0.30198310101962783,0.3307252858131817,28.917169847228926
2023-12-16 13:00:00,188.6866685775357,56.367779780095134,0.33257716982591806,0.48899912119255945,36.17198139014457
2023-12-16 14:00:00,190.7518768675203,65.19096731408739,0.3161019562106307,0.18519849568421595,34.34209636152246
2023-12-16 15:00:00,283.10332236756255,59.06856810233913,0.5205827426658072,0.11670542597494662,46.00948866706173
2023-12-16 16:00:00,341.2043197683221,52.75015068593639,0.6648181790374731,0.2093698252564656,62.42462201040483
2023-12-16 17:00:00,366.0649373263705,51.411845957369124,0.6972787930854765,0.0413614431938317,66.40494996308941
2023-12-16 18:00:00,335.23437976924635,50.368185396671855,0.6128698797041611,0.33703210531781713,63.89435554001479
2023-12-16 19:00:00,255.56217093197216,56.564951979376296,0.5224485244854646,0.1805419397040558,45.21410944928868
2023-12-16 20:00:00,159.12574751742054,63.273300790078785,0.4081236813599392,0.12907799800405445,36.35692059321067
2023-12-16 21:00:00,168.5963496038342,65.15355215475235,0.3429009774459096,0.3397585137317803,36.37404560646821
2023-12-16 22:00:00,123.21227741445487,69.67936127155052,0.22907444811639627,0.044131159964628075,18.00358637285698
2023-12-16 23:00:00,140.2101613244086,64.11849199505859,0.29662711939869235,0.38869039849404297,27.792698309582864
2023-12-17 00:00:00,125.28036142997506,67.65261640827525,0.2338154952898314,0.16389927007155505,24.435712708994348
2023-12-17 01:00:00,138.06348394192455,67.91723654147903,0.22108682325642798,0.4586373599369531,26.109576684233836
2023-12-17 02:00:00,132.54892575888852,64.91875712176298,0.296050545306448,0.17930723591867792,21.364502802294922
2023-12-17 03:00:00,86.2853815540993,63.791381157322284,0.297402157290272,0.3637437399804263,23.421584477750553
2023-12-17 04:00:00,143.81495916110634,67.65502261138077,0.32622714133604813,0.28232122727912307,27.69052704505908
2023-12-17 05:00:00,161.70220500214813,64.59161079335732,0.3451076112300234,0.3839023372686076,30.724934169801855
2023-12-17 06:00:00,245.29282759575108,59.81677401857017,0.4817368283649231,0.2697904405865729,50.798021953128135
2023-12-17 07:00:00,306.63016905084226,50.81347863721645,0.5871552956388215,0.0,57.08532382152545
2023-12-17 08:00:00,339.0541512408584,54.42744392513351,0.7133346674415526,0.4315828370635838,65.41972051553236
2023-12-17 09:00:00,293.75803132210183,51.29163551279946,0.6023854126088997,0.23421707395757668,56.473010057793964
2023-12-17 10:00:00,214.65349998359133,57.52806122523449,0.4852176132167456,0.39211289392386633,43.93223055433734
2023-12-17 11:00:00,163.03018841579052,61.590884304796965,0.3149904199625684,0.3742443658363942,32.65687106930599
2023-12-17 12:00:00,118.13800490344187,72.14380942855473,0.2995923742220576,0.11080663341795849,25.87634938040781
2023-12-17 13:00:00,146.8811212143793,69.114410092566,0.2638943928643617,0.08533682706844656,24.041166307248265
2023-12-17 14:00:00,176.4747436300124,60.686209029978414,0.391262956589048,0.3679639182608207,35.874808786596255
2023-12-17 15:00:00,244.06087850128455,55.72875301512609,0.6025861146076305,0.19541517470610753,51.248022259525456
2023-12-17 16:00:00,333.55133423993607,49.685173502081035,0.6215912438512696,0.41855727030396944,57.63549365698232
2023-12-17 17:00:00,368.0110219939675,45.140198927398686,0.5980891586871342,0.2179238302846558,63.08600967770222
2023-12-17 18:00:00,331.3223665509465,50.06320552898429,0.696596743078765,0.4342137599406919,66.29316052900748
2023-12-17 19:00:00,258.0855012373491,54.67515490415166,0.5104396756715548,0.3261948071576383,48.04220544064222
2023-12-17 20:00:00,183.7054697403478,63.74205968135524,0.4472578859673703,0.3018354988685467,43.91142304336286
2023-12-17 21:00:00,147.72257309143933,68.77550617368662,0.278303416247864,0.1826779842267506,29.06456738196266
2023-12-17 22:00:00,118.21151845120295,67.21466265013761,0.28060065986524074,0.291836970531073,25.37358902977273
2023-12-17 23:00:00,121.72369803735847,62.90611536865468,0.34897238651996976,0.46471348869148765,31.85716251073928
2023-12-18 00:00:00,157.1819183000565,69.46058760054747,0.22115147053032783,0.24024121744060245,27.340406174034676
2023-12-18 01:00:00,190.57939589970866,65.60631484391182,0.2778898877569123,0.34561139986309397,32.11172925207109
2023-12-18 02:00:00,172.01507112611102,70.08521066574042,0.28835421994776345,0.2583448137249471,25.519327429264514
2023-12-18 03:00:00,188.89966276552238,68.9000711459607,0.2538998176301344,0.2724287276941759,31.46930733127199
2023-12-18 04:00:00,207.89985485185426,64.79759917357723,0.34001941014824266,0.5602139362488938,39.22120309032908
2023-12-18 05:00:00,231.7754005153304,61.014259836298116,0.37535261077541315,0.4663114055871192,38.78943673783875
2023-12-18 06:00:00,299.80456163069965,63.611117372039374,0.4775070859142754,0.2642926867352293,45.285220436923474
2023-12-18 07:00:00,326.7624676809792,53.320227341650785,0.6488181520072335,0.28860173582848614,58.44199236746976
2023-12-18 08:00:00,382.61676571581603,58.893189248025365,0.7193915968806217,0.12366330936082559,72.03325668274579
2023-12-18 09:00:00,374.38782325956186,55.09235182441789,0.5868291747991221,0.21886512167230843,63.36052424109927
2023-12-18 10:00:00,295.98103593995154,61.14380764295533,0.45676813018534357,0.3056916017587507,53.029103315160526
2023-12-18 11:00:00,257.2504417836203,64.6124061104583,0.39070913212743547,0.403110446122443,42.43438669718807
2023-12-18 12:00:00,230.70209602591135,67.55773657134833,0.32196900639857645,0.3848597614439654,35.38607341507781
2023-12-18 13:00:00,220.23015924933856,71.07260577716853,0.2538052070638285,0.05033336993718815,37.65458221129902
2023-12-18 14:00:00,254.6574508398318,64.16673887362269,0.42794366977622367,0.42585689152215367,42.620632580173755
2023-12-18 15:00:00,311.25040986164686,52.36252897052542,0.5715290202369323,0.2340207377120405,56.51188233070785
2023-12-18 16:00:00,384.6670230485142,54.14465963052821,0.5693011276578301,0.07234155597804318,64.94728890589403
2023-12-18 17:00:00,413.8765842740676,47.318429847308636,0.6796718097748942,0.49054925273774586,71.53860985743316
2023-12-18 18:00:00,382.90053086784906,48.56767584597616,0.648709667474644,0.5133902194128315,69.77127692178837
2023-12-18 19:00:00,311.7922924813094,60.55790710903568,0.5493840776418987,0.29747445682131884,55.43503441194717
2023-12-18 20:00:00,263.9402409867624,66.21889997659058,0.5191922918186858,0.3775828483429423,48.34288646111054
2023-12-18 21:00:00,237.9300631490435,68.17898758291483,0.31328225830626955,0.38814085757399774,35.33139988631198
2023-12-18 22:00:00,204.54371559307302,65.66464059091379,0.32222601743999735,0.5012389875062052,30.400411513493044
2023-12-18 23:00:00,177.8298582951233,65.72597557213966,0.293002158614084,0.3810523345777105,28.819717809852357
2023-12-19 00:00:00,195.21532762525072,73.79745188610798,0.23905993318514412,0.011016110061057627,26.795076542886388
2023-12-19 01:00:00,185.25939522920598,70.49959940414794,0.3093678179891701,0.611765394814803,31.71382788378572
2023-12-19 02:00:00,179.90997269319377,63.34919213608888,0.27645989752539746,0.4418182401064077,29.094157181408434
2023-12-19 03:00:00,181.70896837657625,73.17038231630653,0.38097401519731744,0.15828564305090237,28.79542092091375
2023-12-19 04:00:00,191.59242284756243,69.59479412408271,0.31077296508354524,0.06466748697566627,29.016532730608766
2023-12-19 05:00:00,236.62332912742446,60.734218356450754,0.34393643870587276,0.34086641747273505,40.68764286503601
2023-12-19 06:00:00,289.9127110208747,62.33267076166488,0.4970307014268497,0.19991319309383573,51.60924304360509
2023-12-19 07:00:00,346.8357146601354,56.561520289525305,0.5874777675945968,0.30939916371981263,58.84116065408988
2023-12-19 08:00:00,378.35683403486905,50.050241068348065,0.6407160475869659,0.3838132314300874,65.72213209125424
2023-12-19 09:00:00,362.4302329769506,52.928238513862624,0.5539329233490506,0.14804046016057681,62.92438313693171
2023-12-19 10:00:00,294.7723611004573,66.59778987951445,0.4255234473067227,0.04910056131681928,47.18892697258675
2023-12-19 11:00:00,224.82650313559665,63.51208813396653,0.31590723976941365,0.3194473242169561,39.83754679460262
2023-12-19 12:00:00,188.15630448521242,71.44944464341938,0.2412252608093669,0.15399018605014475,28.24447387687614
2023-12-19 13:00:00,234.500753988856,62.750550659589294,0.35472648409805035,0.27629724143183165,37.29486861355063
2023-12-19 14:00:00,274.0161992660104,65.78743086729635,0.38035843312323897,0.00820124134679237,46.083429457738646
2023-12-19 15:00:00,295.81634304304924,57.98312517000151,0.5604002450715474,0.20460710959456524,53.01939479162777
2023-12-19 16:00:00,411.89789538124586,51.738657872493,0.622929902794165,0.3786913403871994,66.98357879717692
2023-12-19 17:00:00,416.8656509414129,50.85989099481025,0.6619895231546977,0.35906785137642344,73.26574008201167
2023-12-19 18:00:00,394.64907495398194,49.68622830211318,0.6625054370064087,0.10809556524281164,72.79749549185658
2023-12-19 19:00:00,342.6407045982145,59.640563076447705,0.49690058134260306,0.039712413522750706,56.198478337644715
2023-12-19 20:00:00,282.7046739733675,59.41852754217295,0.445867134933337,0.2528374641553226,45.62695439100785
2023-12-19 21:00:00,227.52344725259292,62.76994916489448,0.3432778645195736,0.35098590346349356,42.121049433131326
2023-12-19 22:00:00,194.16032155387754,67.00409880450565,0.3758475803200918,0.3229315252346592,36.01550209310458
2023-12-19 23:00:00,162.03154887463316,71.51643043355445,0.300676550847273,0.15781122801496422,28.69165770978273
2023-12-20 00:00:00,149.611417551469,73.76288278936138,0.29675890841311403,0.3036083996475886,25.204652934962276
2023-12-20 01:00:00,193.2320163119903,72.47886076223679,0.3341388396849675,0.520423984829679,34.949718598261356
2023-12-20 02:00:00,200.65099314341356,68.77274578839261,0.2686442501991605,0.28692604371562497,28.73489181507121
2023-12-20 03:00:00,171.03613634871658,72.48476678119616,0.18970977456936886,0.0,21.88430268903546
2023-12-20 04:00:00,190.54482544630542,70.81420303962939,0.3174139377112627,0.2865760608581156,36.43773534227729
2023-12-20 05:00:00,218.4983489605836,64.95381546491161,0.4675503567888462,0.6179122548182696,39.03562039079349
2023-12-20 06:00:00,279.05915868439337,62.18868683029506,0.3399053768381158,0.018269653639192807,45.76372414620316
2023-12-20 07:00:00,373.88647438216975,54.910706047453424,0.5905710111669021,0.255350439129224,66.73432955557459
2023-12-20 08:00:00,393.28521266267893,52.049589282784915,0.5595352066858069,0.2092596220542158,65.35878450108561
2023-12-20 09:00:00,354.4039985867905,54.09694244735948,0.5722032091090998,0.2672589326695115,58.74147022010531
2023-12-20 10:00:00,328.20539317286375,59.57711788520669,0.46228965290994545,0.2849653875676789,54.70508729194044
2023-12-20 11:00:00,208.007179315235,63.79855330852709,0.4081549785590007,0.45519495749132644,41.85918705749841
2023-12-20 12:00:00,213.35505504884287,66.6460622019203,0.3277053370406543,0.2652609915521459,36.21726300586947
2023-12-20 13:00:00,200.0016029549961,62.06575649062364,0.41519858594406805,0.4799067202981685,36.41806961439891
2023-12-20 14:00:00,256.07557704319026,65.13890303520806,0.45675981227214507,0.22882198141843316,45.21416999764404
2023-12-20 15:00:00,327.8565663245918,58.446055441914616,0.5156728376286724,0.18697538068456604,51.792082246588286
2023-12-20 16:00:00,404.4730873260693,56.23975643281549,0.6773872788454399,0.12954706305305097,66.550547453669
2023-12-20 17:00:00,416.0825594739928,50.923770373409695,0.6574892483994511,0.0,70.13654270456914
2023-12-20 18:00:00,386.29504728662215,49.14554149820611,0.6312184820036142,0.2996406541466512,67.5525634694864
2023-12-20 19:00:00,321.3810822302225,52.13247658944987,0.5185395491061916,0.6197200519249317,53.32629950372102
2023-12-20 20:00:00,241.71730187941407,62.31620179851896,0.472080832157751,0.332482385911455,44.92326053902507
2023-12-20 21:00:00,221.96511500828527,67.41589548723016,0.33220126282730245,0.3736145237491023,37.4697196124016
2023-12-20 22:00:00,194.76487963134775,69.01637605783029,0.18915877902412062,0.1756543614973981,27.548262987942486
2023-12-20 23:00:00,189.1936892389039,66.43179848824947,0.2969504186882142,0.20601998957073928,26.576229268242898
2023-12-21 00:00:00,178.9617498732439,66.73417091158424,0.27537103219752834,0.4272354678999872,30.39774624280334
2023-12-21 01:00:00,177.16646282827134,67.14743236380184,0.29931131604535205,0.6115648552521676,35.2302348530185
2023-12-21 02:00:00,198.15454303070916,69.66344658280775,0.2932899658314111,0.5178306284434275,33.04092602205789
2023-12-21 03:00:00,198.58260631364254,64.8468189636265,0.28145865373039086,0.394944033351044,32.7932748731916
2023-12-21 04:00:00,215.8135337101522,69.36138965549993,0.409062634352592,0.2563271042902916,36.82508539863559
2023-12-21 05:00:00,232.44625255880345,66.23446037136799,0.42337873169386253,0.2877494045681182,42.12827660014144
2023-12-21 06:00:00,308.1076212065597,60.71459522008236,0.4690998567314009,0.11436868250291424,51.630283840267396
2023-12-21 07:00:00,351.52081702798404,55.29594141747139,0.5559231633205401,0.0,61.55384621215312
2023-12-21 08:00:00,386.99683887925437,51.78089884518679,0.649884905943972,0.04717629560321063,64.70717044113024
2023-12-21 09:00:00,375.768184562955,55.036252482856824,0.5820522987193635,0.25896400621394877,63.445761151228574
2023-12-21 10:00:00,300.9939159391118,63.94788256613719,0.48299353240569304,0.1974413929431981,48.9198858700597
2023-12-21 11:00:00,225.16673669662495,70.73372041721436,0.3550902105358217,0.0,37.36232180808982
2023-12-21 12:00:00,189.44251528611042,65.02648013606004,0.3222346975655339,0.2432817917710475,28.375923080079826
2023-12-21 13:00:00,212.6768141276919,66.73464861957105,0.3691479191182581,0.1926825415961299,35.74063645623857
2023-12-21 14:00:00,248.16410350394835,59.0181560247505,0.37430333996674175,0.03888720604886556,43.70660010474576
2023-12-21 15:00:00,351.49454279498184,57.45723270545763,0.5255171741118257,0.1833677780883873,59.92628876641256
2023-12-21 16:00:00,403.2047611843392,52.540940700677716,0.6007022095403205,0.19222845987105805,67.04457892749062
2023-12-21 17:00:00,408.5114492406066,52.815335768112654,0.6493421220579153,0.13900531481359601,63.87213331790778
2023-12-21 18:00:00,376.12440434359956,44.78451859755559,0.5611627540462583,0.41680062965966913,66.66694456723323
2023-12-21 19:00:00,313.89265959065676,55.93617564996538,0.5230055865163848,0.0,58.743107151636345
2023-12-21 20:00:00,249.53421359693667,65.21798772212586,0.41561483305161695,0.0,40.250778320804265
2023-12-21 21:00:00,209.97996206995205,62.97192132299074,0.37531674765405915,0.25059144120083654,36.57009390854175
2023-12-21 22:00:00,207.26306143283244,69.32549468468827,0.25108673900145845,0.2673028940906151,33.41469651438181
2023-12-21 23:00:00,168.1684057988831,70.7310386429675,0.3045380079067404,0.3227587244834152,31.162464440233943
2023-12-22 00:00:00,214.34795358393833,67.57248297821869,0.2652782000627015,0.15298476850976306,35.77945869788972
2023-12-22 01:00:00,165.91012867419292,71.64816237074359,0.28808002294552193,0.0847737150833803,30.58445560476834
2023-12-22 02:00:00,159.38482199082742,66.93539035434966,0.24967905611760738,0.24868309611490946,23.437115730129587
2023-12-22 03:00:00,208.58038164113938,73.79536782196095,0.25902614975591953,0.17051593563736067,29.465638810018163
2023-12-22 04:00:00,214.41035891494073,67.03237027171437,0.2650984990484822,0.529192852838025,34.74069009333073
2023-12-22 05:00:00,224.12210532002112,64.8503839497434,0.31858266614765374,0.1916390950134655,36.3398797986839
2023-12-22 06:00:00,293.5376445135963,57.73971908606326,0.4538627014437213,0.24042667269092596,50.82239865120533
2023-12-22 07:00:00,363.86059341032046,52.17151907840374,0.6227927264626559,0.6955752651276297,63.806840698778544
2023-12-22 08:00:00,392.0603021025277,55.674412045205585,0.5540758299669406,0.21494315918847637,62.50718700207636
2023-12-22 09:00:00,338.3944801806685,52.02632311526374,0.56096228965014,0.3501082357358363,58.90576068576708
2023-12-22 10:00:00,251.1130851252144,58.6805698035572,0.473660930461724,0.3663356980095436,43.39858848602045
2023-12-22 11:00:00,216.85260006549714,62.80568907476223,0.42724830062207914,0.3816522958692786,38.35962737211359
2023-12-22 12:00:00,232.3787049969703,71.25455510371278,0.28918298571698586,0.3021077077740254,34.532976172163025
2023-12-22 13:00:00,243.56747977347885,61.69282248764226,0.360358862688328,0.28489134299389174,40.60723555197515
2023-12-22 14:00:00,254.50957565571926,65.88252985857143,0.3915650127137532,0.2680601721706809,43.242772856573595
2023-12-22 15:00:00,311.25752721979666,56.53765015071061,0.5016433173678757,0.14632109759792084,52.91036895754406
2023-12-22 16:00:00,395.9759698274836,49.93686370356417,0.6164133462545219,0.3085933845110683,71.81661511131664
2023-12-22 17:00:00,426.5850058334135,44.227138692552096,0.6897425073123158,0.6151562507364265,77.7257095019924
2023-12-22 18:00:00,400.81006154298564,49.44068735794201,0.6484492753518867,0.46792274361344033,68.09291508340682
2023-12-22 19:00:00,287.66192845486114,54.39418661556403,0.5771338472641165,0.3047052440004346,54.99507628513001
2023-12-22 20:00:00,305.2829349313091,64.27120864963335,0.39656017726034787,0.40404936365907823,50.41755019900167
2023-12-22 21:00:00,229.46758799756446,71.02172968434138,0.2797661631577693,0.09354833642848262,32.54314567462862
2023-12-22 22:00:00,187.57690851352413,66.95000236289066,0.2971294044451636,0.2031078122440506,29.81791095341472
2023-12-22 23:00:00,171.88899471676535,70.05936571436872,0.29693560962031545,0.42061297195312997,32.59771132802319
2023-12-23 00:00:00,134.81448032243415,66.96682502701682,0.2990474004034615,0.5176900948224745,28.308276267935703
2023-12-23 01:00:00,127.49055145214086,71.23401967926036,0.2713833028360122,0.11124408902283198,26.488945141257858
2023-12-23 02:00:00,121.90275027776407,74.46462686975327,0.22677986667031508,0.16295410430383173,21.659519427793942
2023-12-23 03:00:00,130.13082876589948,64.89466407165821,0.28373502472246215,0.6426476428981365,25.476763086264903
2023-12-23 04:00:00,132.90073085401716,70.92705526317472,0.3405019338762733,0.26732702495841504,23.47739026335287
2023-12-23 05:00:00,172.88527127212492,64.50082848896092,0.3800788579113895,0.5782051550860682,34.118275674001445
2023-12-23 06:00:00,238.71310255103097,59.9755410328363,0.48227718857506297,0.28723431710964265,48.03924134405917
2023-12-23 07:00:00,302.91180973502065,55.32725627787259,0.624663077905889,0.2943124508185783,60.529711644907586
2023-12-23 08:00:00,334.3734441462031,53.06005524997983,0.6533477141047678,0.19501164022121847,64.76287162762455
2023-12-23 09:00:00,318.7345752558933,50.50278609011863,0.5335839766205391,0.41965992547184117,58.9827356948557
2023-12-23 10:00:00,204.38598607393135,57.23835777132635,0.475394781747721,0.49439995905471995,47.580872365185705
2023-12-23 11:00:00,157.55525862197194,64.61653144249209,0.3807645536493076,0.06369959857464394,28.389083847619357
2023-12-23 12:00:00,145.53479911612143,67.59866720475031,0.33233843271172864,0.18655890060032138,29.21155461383051
2023-12-23 13:00:00,144.78826348864038,68.788429569084,0.36109623089334636,0.4147141343873597,26.921887455834455
2023-12-23 14:00:00,192.49664204944477,64.45214772141185,0.34430771807165816,0.226681245198821,38.339425700701305
2023-12-23 15:00:00,284.94311730100236,53.780216533548945,0.49630056481169926,0.16119061566402215,50.18014479905718
2023-12-23 16:00:00,329.56958692217705,48.44748866004809,0.6666017052024399,0.4317175876964923,65.77803688678792
2023-12-23 17:00:00,332.5621224856985,46.99506486024869,0.6578266767707922,0.448621576848252,62.4903744173251
2023-12-23 18:00:00,325.44914281356057,53.09277291447758,0.6693005897926375,0.16906442367901506,62.81213636680914
2023-12-23 19:00:00,266.43905630943317,54.72360005981925,0.5288612464594731,0.2882259750378302,50.375951278861265
2023-12-23 20:00:00,198.5119351607766,61.504269864128304,0.31041543207652383,0.032474536737238074,34.579711510382765
2023-12-23 21:00:00,160.8210295971062,68.17125902043726,0.2930577194701422,0.08881343611383419,29.445178281677464
2023-12-23 22:00:00,137.66069269095124,70.27716370359138,0.28423544809090356,0.2723497417840084,27.793911720359397
2023-12-23 23:00:00,120.58376769128836,70.2974925186267,0.27503615255952424,0.25565322176437183,23.221296453220845
2023-12-24 00:00:00,102.10929853755859,69.18018830691761,0.314389235283559,0.07596230348848579,25.575270492355315
2023-12-24 01:00:00,113.4425434520593,75.41243812659506,0.2853502708798453,0.12112469354939642,24.444473522128426
2023-12-24 02:00:00,111.17888960791943,71.24200750380876,0.20207851348436764,0.058292013407999305,18.735554921710065
2023-12-24 03:00:00,118.97925222099347,69.5499201242641,0.22903709413086043,0.3319107742443779,26.631234856125918
2023-12-24 04:00:00,144.95905294625467,69.09437935896267,0.2636465481727085,0.0,27.654639305485322
2023-12-24 05:00:00,172.91887852982168,70.20659798874675,0.3399355834454358,0.0679160986791647,29.8391214789547
2023-12-24 06:00:00,240.17774549285372,64.18810314971833,0.4693914846094157,0.0,45.11106786272426
2023-12-24 07:00:00,292.00080856974836,54.94651586894509,0.6480082723519887,0.3254237086944365,59.86137244383645
2023-12-24 08:00:00,352.6350271956453,51.1199815051774,0.6713857281237043,0.0,66.47631315419125
2023-12-24 09:00:00,307.9342509466764,57.44533429480958,0.5542866222022292,0.25571125573639725,55.413092530156845
2023-12-24 10:00:00,230.02611309283756,60.241709902579416,0.5225082241405719,0.5451143228345362,36.8194617405334
2023-12-24 11:00:00,178.57369156601794,65.86684775430483,0.4049082942178319,0.5512181166287623,32.43543728955377
2023-12-24 12:00:00,134.99998260694062,69.8752587325,0.2491412587689012,0.0,25.80522031474804
2023-12-24 13:00:00,124.10496399317267,66.12669166802219,0.2671227473959879,0.303713728293572,22.15944925190287
2023-12-24 14:00:00,189.33668458705722,63.78191464135633,0.40018444260147684,0.07198516665151816,37.56014078259642
2023-12-24 15:00:00,276.83884491628424,64.06682490481171,0.44855905533648255,0.03523551357215357,48.68214913894879
2023-12-24 16:00:00,333.0073921268774,49.391929643834516,0.6095560199956642,0.22957540820978667,61.074395045310105
2023-12-24 17:00:00,357.94777081124,43.26562394819422,0.6897164090649711,0.47109240824796256,63.757944669202324
2023-12-24 18:00:00,319.0816676919089,48.7884179094872,0.665192632340387,0.3579385973596645,60.25081419823147
2023-12-24 19:00:00,236.22997130867708,56.35331090323969,0.5680951891532676,0.12127463287308149,50.3560548472341
2023-12-24 20:00:00,219.28927648615354,64.99201385234784,0.4245543865893581,0.37690611953380043,42.89697610135213
2023-12-24 21:00:00,149.36204684973586,65.632642772243,0.2852855184234805,0.0,22.66024743561126
2023-12-24 22:00:00,124.10179434116128,68.714402289947,0.19716181055014542,0.11446975628201675,21.7199297901995
2023-12-24 23:00:00,112.59146516280006,71.41831381112563,0.28317067272808166,0.10169952195377488,19.041203596961076
2023-12-25 00:00:00,198.82273207563952,73.05753077666238,0.2775603911522018,0.2640977245130076,30.771131510739114
2023-12-25 01:00:00,193.2798944123135,72.06979170045273,0.2494610071481009,0.21349096654120006,28.87800272571157
2023-12-25 02:00:00,166.0119459940821,74.20664421215808,0.31996475415851844,0.22453520314842074,34.42157691791331
2023-12-25 03:00:00,200.72395373694033,70.83700901003648,0.2296492394936976,0.21855048458089504,28.27436203237694
2023-12-25 04:00:00,192.41546863356737,68.20798273604872,0.2723272883791384,0.25403330337803565,33.59412923174777
2023-12-25 05:00:00,217.699204466557,67.34475951027936,0.3530168080604692,0.3472235740524803,39.016649116619995
2023-12-25 06:00:00,283.4134739847652,57.12554690944967,0.43489672642624166,0.2768795846984289,47.921360977961335
2023-12-25 07:00:00,346.0125978660668,50.898001020899,0.5881820129851858,0.1988166730111795,61.794842516007115
2023-12-25 08:00:00,370.19645913014244,53.8612600269918,0.6508048496810241,0.32231469036486077,65.3039626945298
2023-12-25 09:00:00,369.4836377403544,54.09274793622982,0.6283185228245495,0.3987022378574975,62.52739339300136
2023-12-25 10:00:00,285.03201997973616,63.92105386406515,0.4656990867131859,0.14991533966992673,45.834606164343775
2023-12-25 11:00:00,238.78163580502746,63.693868030619406,0.35207714018450337,0.23930750847891835,38.43480314657806
2023-12-25 12:00:00,209.44458879334928,69.32149939775695,0.3250943228352886,0.4591431813483855,31.35738419754992
2023-12-25 13:00:00,223.9643939028776,70.00742697230959,0.3356285817567642,0.05150307809187582,34.56881452942431
2023-12-25 14:00:00,227.74732804199758,60.13645606253863,0.4370939949163374,0.5748463953260698,41.773294905821544
2023-12-25 15:00:00,312.62558681729644,59.09796710821698,0.5076265639790337,0.008952104546876422,53.717628767962985
2023-12-25 16:00:00,400.34462286257065,51.94929335429488,0.6598276257970993,0.1878343699831474,70.17018802200617
2023-12-25 17:00:00,400.8778274893686,47.226418493663424,0.6834392942137509,0.07896580056231783,70.65460281810095
2023-12-25 18:00:00,397.39524501075823,46.471915849190225,0.6973752119556927,0.6438268594364878,69.56186219633456
2023-12-25 19:00:00,304.7067899971465,58.20895536506977,0.48904570962893723,0.15939699480751268,53.17764770761235
2023-12-25 20:00:00,258.1632519263521,62.51602219263228,0.4563271199350327,0.1598485918248641,47.285503064664105
2023-12-25 21:00:00,236.63032388595082,63.88295476799334,0.28090042624925793,0.18326522681081456,35.494464705460665
2023-12-25 22:00:00,202.1638657995935,69.63294132826489,0.31274227193528864,0.26720850542091107,30.52156535424711
2023-12-25 23:00:00,154.90504495756713,72.31864367259938,0.25432019924706956,0.19088047979718803,24.50102872213117
2023-12-26 00:00:00,192.73046597598287,72.86227400714517,0.3159100374532385,0.2260803751679681,30.886186357824787
2023-12-26 01:00:00,207.3932056275665,73.32566507513573,0.28544902084396606,0.0,34.45515080647368
2023-12-26 02:00:00,222.4757781096725,71.91884042410551,0.2768144477990848,0.2602887704803289,34.86187170623705
2023-12-26 03:00:00,190.38194532331764,72.16406177452313,0.3429356837406988,0.25320519186759605,32.225931879131345
2023-12-26 04:00:00,174.12522605910607,67.45289833845656,0.31051747777689886,0.43694238353423087,35.461023049001014
2023-12-26 05:00:00,233.37750695673185,58.80131731091665,0.4119263350903702,0.4856309706902924,42.18672382451
2023-12-26 06:00:00,311.75816376185037,63.92823856843245,0.4222681263563454,0.21621254894947645,52.54174814389012
2023-12-26 07:00:00,354.95573392753573,51.354581358381985,0.6021612446800807,0.39692123470131196,65.79992863709165
2023-12-26 08:00:00,405.6562495146127,50.75818540193688,0.5678901764054004,0.05171761951993484,69.54437128984308
2023-12-26 09:00:00,345.24762827456027,50.89245716738223,0.5860005107187485,0.3881216216852988,62.15072481515795
2023-12-26 10:00:00,293.92789166211094,67.74617703378203,0.44325368739702936,0.14695435615577618,47.31170893896839
2023-12-26 11:00:00,192.1798000727965,68.546592763455,0.3715791323321097,0.03675445573659014,34.3492943007189
2023-12-26 12:00:00,190.88135809885532,65.44589201420666,0.2876021262250555,0.21659403792327092,34.18702241591996
2023-12-26 13:00:00,215.64446752335115,63.018332998926525,0.48540968527569694,0.5020850404956003,40.05796110825022
2023-12-26 14:00:00,252.98677916445735,62.550567766563056,0.3601962287650092,0.2825809966115524,40.77004701604094
2023-12-26 15:00:00,306.11772814351554,55.852280664220785,0.5660970175074966,0.5193678665821084,59.71791039782958
2023-12-26 16:00:00,384.30930856026856,52.361054532043454,0.6436912962318175,0.11522811151315526,68.37822568806249
2023-12-26 17:00:00,424.9451136284281,44.16955362961772,0.7353855545682354,0.43861319881863814,78.48768882997298
2023-12-26 18:00:00,390.5058549469215,52.31704391596102,0.6132941332544251,0.13261119329734983,63.321416488520995
2023-12-26 19:00:00,326.48142224548815,54.80388264391175,0.5434696132666706,0.29055916086805655,55.941558391241045
2023-12-26 20:00:00,268.89612422021776,65.16290999595263,0.392676397806186,0.2890029091586947,44.29083654086325
2023-12-26 21:00:00,207.33302746591127,66.2108171776451,0.41867328082133237,0.36906851210635105,37.96226071765654
2023-12-26 22:00:00,210.93253231539785,66.77398572305759,0.2725625417789966,0.29513331158403894,30.09762876752752
2023-12-26 23:00:00,167.82709317765696,72.54241312626458,0.2604396246895941,0.11694678319207288,28.939378470780515
2023-12-27 00:00:00,208.92493320713288,69.69005084962869,0.2643203366255971,0.4084552513766615,34.62486553085371
2023-12-27 01:00:00,196.75521168403668,66.31413892170461,0.27425861279396024,0.561698186978571,31.235143624086184
2023-12-27 02:00:00,175.1805712495631,72.62128952440997,0.20931563850158197,0.1449153839938987,27.940418399698927
2023-12-27 03:00:00,178.9160286978211,73.293723410499,0.2823090162166585,0.0,33.77295091152121
2023-12-27 04:00:00,197.69255879156242,71.03483318086239,0.28139423213768155,0.33987752230368196,34.89818078279334
2023-12-27 05:00:00,235.83740123444505,68.23590288009426,0.3152483096514742,0.19038752907061318,36.12074560730647
2023-12-27 06:00:00,304.23588391523026,60.41240682991069,0.41380949194256955,0.22640148592804663,46.112962054964264
2023-12-27 07:00:00,337.653187903564,49.73602639052034,0.5934567181888432,0.35011199603158216,61.73524520053798
2023-12-27 08:00:00,396.571255002293,53.12294014952299,0.6176687440539242,0.16784936263139227,72.78344326152403
2023-12-27 09:00:00,326.09395947078485,55.99760617563916,0.5676204933276425,0.20160664515813914,60.86934720760058
2023-12-27 10:00:00,285.6830855776759,60.982531511838815,0.4233581673196784,0.23197848695141446,47.227153649664054
2023-12-27 11:00:00,251.33218035716027,56.09562751715035,0.4016262167351324,0.514555708837303,48.26899283449902
2023-12-27 12:00:00,183.87225334312862,69.43646000423618,0.2918200238059766,0.2554125287404447,33.425356046381
2023-12-27 13:00:00,191.74771044210405,66.24279871531371,0.3178322919338575,0.02757875545330718,28.252533319663442
2023-12-27 14:00:00,261.7490566163235,66.24940022064014,0.3851064563365152,0.034741873394599276,44.867645478098055
2023-12-27 15:00:00,346.43842802024074,60.70243487832001,0.46480901150817555,0.2750613858987282,55.01509602816234
2023-12-27 16:00:00,396.68508329782276,51.5790309479202,0.7064785140473836,0.04670295987562381,68.26323289511609
2023-12-27 17:00:00,391.4310194481848,51.09618540394173,0.6929919872970147,0.0,69.79421359067682
2023-12-27 18:00:00,366.55234255788065,49.751839741936706,0.6642966105722599,0.3643964783681219,67.50275132465384
2023-12-27 19:00:00,327.0335551913664,56.98460670441959,0.5555852846902178,0.37320971251635604,54.957768538807876
2023-12-27 20:00:00,240.22795588449517,63.64637508788137,0.4868207849379123,0.1837354238991064,44.02952232896809
2023-12-27 21:00:00,214.53076238549482,65.30730361160518,0.38260134366606235,0.3028586724073076,36.912442112928964
2023-12-27 22:00:00,193.4847907686232,66.50013674810066,0.31079026226106415,0.2838618959551901,34.84730659205742
2023-12-27 23:00:00,175.31979650931248,72.8642824607575,0.2621769868686929,0.3584354894744354,26.99936724786856
2023-12-28 00:00:00,207.2262093204723,70.22512303631389,0.26387200510468983,0.3588549827091639,27.362716414676136
2023-12-28 01:00:00,188.9166403006371,74.07117596281519,0.17796913194363634,0.0,24.711054538301447
2023-12-28 02:00:00,198.69440113915905,71.29935821807706,0.25680728586839413,0.20671018747316902,27.889092658048412
2023-12-28 03:00:00,197.06453563536164,71.41456888886125,0.3162221589754872,0.34322275387206397,28.91029531162665
2023-12-28 04:00:00,192.34042148813836,67.1004371487123,0.31727614550122535,0.1761178136129774,35.7716842805227
2023-12-28 05:00:00,223.94062851627518,66.13947859290865,0.37839304978310995,0.2565164750667688,40.31066631215431
2023-12-28 06:00:00,283.3533592342969,60.941193231287556,0.4475941414335708,0.38512599670205394,45.455574912852235
2023-12-28 07:00:00,367.9785904112939,57.87838861918421,0.5947685663998789,0.2645665419853892,58.925093940586166
2023-12-28 08:00:00,380.25413801079634,56.510404851390575,0.6851267385266692,0.521425495102276,66.55662497975644
2023-12-28 09:00:00,383.7171673882441,54.151885125976314,0.5026171009902289,0.45285752541060176,58.05823239275944
2023-12-28 10:00:00,277.1545533101223,59.228347582711564,0.4656574817876163,0.22865845246514188,47.729772319524585
2023-12-28 11:00:00,232.74061888480384,63.03533796257777,0.4374385340507111,0.21435168926953985,42.199484426072495
2023-12-28 12:00:00,201.70017664571685,67.5206485042262,0.28111413898185056,0.0,33.126205567584734
2023-12-28 13:00:00,208.9743775167811,65.27841895668635,0.23051734254024323,0.19122960455970534,32.729720225439785
2023-12-28 14:00:00,291.0223329100581,57.50902930364241,0.35535640540457814,0.006411599312105221,44.32052655965267
2023-12-28 15:00:00,319.04117543646475,54.64350608198133,0.46124282423422497,0.2898213175601121,53.63200363926923
2023-12-28 16:00:00,387.2333338166565,52.156366508650876,0.6230341353460216,0.2775167280016003,69.63691821809441
2023-12-28 17:00:00,410.0382839245698,47.18644238202821,0.6585632441980854,0.37525403608482,65.93987527462731
2023-12-28 18:00:00,392.41487798890864,47.92730012277905,0.7080230056995515,0.5014006849506745,71.81187710514561
2023-12-28 19:00:00,324.0477631872847,52.63927180679775,0.5604106201533359,0.24527150265904568,54.982989610274316
2023-12-28 20:00:00,241.1277952133671,62.19987117723063,0.46612102995747706,0.6604749361461753,47.57199604035688
2023-12-28 21:00:00,206.11492001169512,67.96742691496831,0.38507420043869156,0.2918412601395827,38.36465325524253
2023-12-28 22:00:00,199.69016221137855,70.88776995572825,0.24725443032840302,0.014161049131006076,32.08613438531092
2023-12-28 23:00:00,198.07096191050746,65.0586875453661,0.27249050652389256,0.14882706248017843,30.202645145975417
2023-12-29 00:00:00,180.3649041057223,69.30940442557771,0.35607519047966035,0.18290559394459205,33.10082856976283
2023-12-29 01:00:00,180.94455408642088,70.22652153118945,0.30916892520111644,0.35658288720760817,31.560138539710785
2023-12-29 02:00:00,175.10561188076724,71.24800387388476,0.28212890801464247,0.07949501795872588,22.91483568710961
2023-12-29 03:00:00,175.71918373191906,70.62986107638545,0.24436104784358678,0.19636434109430873,28.105169995992217
2023-12-29 04:00:00,180.79792946915185,70.69481127153496,0.27975751425327594,0.2210127494567044,30.99203519482416
2023-12-29 05:00:00,203.50759547278113,67.01579818367993,0.30491112395263276,0.16933825462200214,29.968755260226924
2023-12-29 06:00:00,277.28095967513036,61.21423535120201,0.5365380864453602,0.3960547687023493,51.82616276569834
2023-12-29 07:00:00,371.322849633898,51.73087144049571,0.5204855279745575,0.36543784992376405,61.645013645114624
2023-12-29 08:00:00,383.64336153091665,47.2623324979001,0.6825805947339288,0.45998208431871257,72.87056414123674
2023-12-29 09:00:00,352.65139300231493,56.42602674063845,0.5886958914959507,0.19041546739998408,59.72212277949052
2023-12-29 10:00:00,282.8603148694885,60.68474850924576,0.41312569459425214,0.4664549621766223,47.12780279129704
2023-12-29 11:00:00,248.1941077878394,69.00084948686289,0.3789056795535698,0.0044805245241317515,40.818957060121484
2023-12-29 12:00:00,191.21065026843604,70.11092417850416,0.28243384469593524,9.082582182573518e-05,23.70308974301576
2023-12-29 13:00:00,219.8920773084289,67.68132648690045,0.26258323818299045,0.0315156965035816,32.57159384678107
2023-12-29 14:00:00,257.41013811955145,63.32722835959257,0.42696670392444613,0.2516581046737761,44.21530452502198
2023-12-29 15:00:00,326.64589293407323,55.868039511403595,0.5185857250025231,0.46642806098399603,50.00390772327832
2023-12-29 16:00:00,395.4694076382897,52.54997679449527,0.6266208745104263,0.14161442548486658,68.95318894122856
2023-12-29 17:00:00,420.85776200542915,55.20426271745692,0.6661899957419866,0.16419518710640132,70.67741079776667
2023-12-29 18:00:00,403.69459705333855,48.594123495034324,0.6065955589102932,0.21111676804431923,68.5833109773573
2023-12-29 19:00:00,325.1284987779812,63.89643576760852,0.49251765870082986,0.35310906220977784,54.58731104667168
2023-12-29 20:00:00,284.08223807531715,60.403373424696646,0.4346301639081648,0.1640274453961767,46.600823800626664
2023-12-29 21:00:00,213.14766706141268,68.75491600421026,0.3352343585558802,0.15398494757502976,35.1741215038472
2023-12-29 22:00:00,164.9928608306151,67.98365018719993,0.2796628797763279,0.00782885259561572,30.761700661873135
2023-12-29 23:00:00,192.24081454133412,71.34448991974703,0.25480571044713535,0.1470901999881182,29.679670374729024
2023-12-30 00:00:00,125.88634699013681,70.75934257408693,0.29825433078942726,0.46194311552835987,20.099453748787276
2023-12-30 01:00:00,120.5478077030516,69.945411913688,0.24729390567188955,0.2663666815261258,22.73887464125008
2023-12-30 02:00:00,116.62696822292924,73.4534740279766,0.23241810421086218,0.11682618815537527,20.969296968421798
2023-12-30 03:00:00,91.53652326439052,66.88167778547874,0.3710865082710413,0.47250591509120815,27.13350660168265
2023-12-30 04:00:00,105.38886398340125,64.46734495376288,0.3241670602385591,0.1446615696291663,24.355622276091747
2023-12-30 05:00:00,191.5701255938276,65.5056935791621,0.3561966682981062,0.5055920043068438,32.069750658274124
2023-12-30 06:00:00,219.03512074023763,58.81388768145242,0.4201144941016231,0.5026492560220182,38.714894342770094
2023-12-30 07:00:00,312.2463630370734,53.48355531891961,0.5042349314891276,0.2600820927474404,58.19718074666844
2023-12-30 08:00:00,305.9641165727674,52.9727147323526,0.5746498013948707,0.0,57.29312109412903
2023-12-30 09:00:00,282.1387988272016,52.47552222600374,0.6169286832113596,0.6621101107622359,59.320844993141854
2023-12-30 10:00:00,238.52220706843391,58.11635728884751,0.4673204336661564,0.3197096901276183,48.732117784868585
2023-12-30 11:00:00,167.98597726486892,67.14376853298897,0.3578641509897522,0.19170033555029378,29.98490125943925
2023-12-30 12:00:00,153.20139640624677,69.37745368839093,0.3483519044063678,0.42210302465951,27.441872488425727
2023-12-30 13:00:00,155.5317887436319,70.88241375223424,0.3083741516396519,0.3764145016638425,27.61746314754111
2023-12-30 14:00:00,195.32205066300475,64.43659329950549,0.4961285501681229,0.4859689029795593,41.588897688426066
2023-12-30 15:00:00,255.42633313502836,58.009358550727356,0.510024548699967,0.13077739803761868,44.56599454913597
2023-12-30 16:00:00,313.8941116925929,50.77020961468513,0.6631830879221116,0.30732521429939064,62.145294419788236
2023-12-30 17:00:00,381.0408072473956,48.7070071364263,0.6474066613119562,0.03654335855591137,68.57305341435412
2023-12-30 18:00:00,355.308905345523,48.4614368817369,0.6701023103666716,0.36994019123342214,63.08445339245319
2023-12-30 19:00:00,249.98681437626234,58.86944628333123,0.6124087677467515,0.24586983346710625,48.17489478712649
2023-12-30 20:00:00,181.35540564382745,61.684217243725094,0.3768387981652381,0.3005816659876262,36.32310046132238
2023-12-30 21:00:00,147.2638708405786,68.1486164738385,0.28458275474762584,0.22365704970871536,32.1743065047351
2023-12-30 22:00:00,135.65138929256642,66.98853759341763,0.25435430074711135,0.204822012294095,24.35488252732133
2023-12-30 23:00:00,119.9388860498281,74.43163659000366,0.25071143777353144,0.0937183886773515,22.348900019911184
2023-12-31 00:00:00,127.4976958899559,68.05521926790848,0.2683798609919455,0.392277438643162,22.999087522563315
2023-12-31 01:00:00,119.32089801245226,70.56966278004418,0.2602876300717476,0.5181467266134587,23.37636819342192
2023-12-31 02:00:00,118.8010708355079,68.99742695445102,0.2638610402267769,0.14979969539618465,21.69723527010592
2023-12-31 03:00:00,159.45199031283533,67.03205607598387,0.3528357120672753,0.34963729089479706,30.21268801180054
2023-12-31 04:00:00,126.71347614345677,71.447032897152,0.30110576109972736,0.3277930524388436,30.83696514595526
2023-12-31 05:00:00,191.4565406787336,64.40697714721254,0.3493837613849752,0.25145760604279455,34.81327871790516
2023-12-31 06:00:00,249.52060580194137,58.8387352924114,0.44341381865372304,0.0,41.03764150198971
2023-12-31 07:00:00,305.32345922256,54.03769580934493,0.5737480075513162,0.015712476800093356,57.81084914355923
2023-12-31 08:00:00,301.1176381246314,55.26550427561129,0.6658882712614926,0.10942324879271731,61.52636089099921
2023-12-31 09:00:00,298.30753561317,58.65750013228473,0.556011153519791,0.0,55.40470534325286
2023-12-31 10:00:00,220.62217150427497,56.776550094333444,0.4808530343160758,0.5034455313830106,43.51121780020284
2023-12-31 11:00:00,169.8248531719555,63.63046979047074,0.3247186898016189,0.31618658125234844,29.46745551660375
2023-12-31 12:00:00,129.19188694058786,69.50836881370093,0.34683187292931816,0.2446070112881581,24.820489244928808
2023-12-31 13:00:00,167.0801464683298,72.03335576699419,0.27848651147732356,0.0,27.254060727369982
2023-12-31 14:00:00,213.21190552976987,64.64102933025688,0.3522016339843322,0.0,35.79926023258116
2023-12-31 15:00:00,283.1773550886558,58.04018179019308,0.5375254874890951,0.2495785501263475,50.34838624891728
2023-12-31 16:00:00,326.0714707857749,49.930725695391374,0.7427866785940207,0.6046881937871158,68.24007353099391
2023-12-31 17:00:00,344.1089113707065,54.38853104441003,0.7114831639749939,0.12424404474284528,67.03845504221418
2023-12-31 18:00:00,337.07449000063656,46.4519080093891,0.6596957661041163,0.40548364259423886,67.4274714055993
2023-12-31 19:00:00,291.90847352965625,55.67557640130938,0.4818410455215767,0.16361756661850707,49.2833429674377
2023-12-31 20:00:00,198.9574366931347,61.511917848773905,0.47323287381352963,0.25994306667199596,38.05249194729207
2023-12-31 21:00:00,159.26492426859147,67.34228939816504,0.35144193547854424,0.4686430928007277,30.90716487632567
2023-12-31 22:00:00,127.02101238138917,68.90176350259684,0.27561813457488255,0.18772870657002205,25.5395443678117
2023-12-31 23:00:00,115.11410608074169,71.52996774056473,0.28945056804325137,0.12578111655061602,23.327235701115086
